split,configuration,family,case_count,false_alarm_cases,detected_cases,mean_false_active_duration_s
development,3,steady_tracking,12,0,0,0.0
development,3,slow_zero_dc,12,10,0,15.721666666666664
development,3,slow_command_tracking,12,0,0,0.0
development,3,command_steps,12,0,0,0.0
development,3,short_pulse,12,2,0,0.08499999999999981
development,3,startup_only,12,0,0,0.0
development,3,negative_bias,12,0,12,0.0
development,3,positive_bias,12,0,12,0.0
development,12,steady_tracking,12,0,0,0.0
development,12,slow_zero_dc,12,6,0,7.888333333333331
development,12,slow_command_tracking,12,0,0,0.0
development,12,command_steps,12,0,0,0.0
development,12,short_pulse,12,0,0,0.0
development,12,startup_only,12,0,0,0.0
development,12,negative_bias,12,0,12,0.0
development,12,positive_bias,12,0,12,0.0
development,21,steady_tracking,12,0,0,0.0
development,21,slow_zero_dc,12,2,0,2.2816666666666667
development,21,slow_command_tracking,12,0,0,0.0
development,21,command_steps,12,0,0,0.0
development,21,short_pulse,12,0,0,0.0
development,21,startup_only,12,0,0,0.0
development,21,negative_bias,12,0,12,0.0
development,21,positive_bias,12,0,12,0.0
heldout,3,steady_tracking,12,0,0,0.0
heldout,3,slow_zero_dc,12,8,0,11.01833333333333
heldout,3,slow_command_tracking,12,0,0,0.0
heldout,3,command_steps,12,0,0,0.0
heldout,3,short_pulse,12,1,0,0.04833333333333334
heldout,3,startup_only,12,0,0,0.0
heldout,3,negative_bias,12,1,12,0.10333333333333335
heldout,3,positive_bias,12,0,12,0.0
heldout,12,steady_tracking,12,0,0,0.0
heldout,12,slow_zero_dc,12,4,0,5.161666666666667
heldout,12,slow_command_tracking,12,0,0,0.0
heldout,12,command_steps,12,0,0,0.0
heldout,12,short_pulse,12,0,0,0.0
heldout,12,startup_only,12,0,0,0.0
heldout,12,negative_bias,12,0,12,0.0
heldout,12,positive_bias,12,0,12,0.0
heldout,21,steady_tracking,12,0,0,0.0
heldout,21,slow_zero_dc,12,1,0,1.5216666666666665
heldout,21,slow_command_tracking,12,0,0,0.0
heldout,21,command_steps,12,0,0,0.0
heldout,21,short_pulse,12,0,0,0.0
heldout,21,startup_only,12,0,0,0.0
heldout,21,negative_bias,12,0,12,0.0
heldout,21,positive_bias,12,0,12,0.0
