configuration,window_s,threshold_rps,dwell_s,warmup_s,case_count,negative_count,positive_count,negative_case_alarm_fraction,negative_alarm_time_fraction,positive_detection_fraction,positive_delay_median_s,positive_delay_p95_s,positive_preonset_alarm_fraction,positive_preexisting_alarm_fraction,positive_wrong_direction_entries,meets_signal_level_limits
0,1.0,0.25,0.2,2.0,96,72,24,0.19444444444444445,0.08343093093093094,1.0,0.6300000000000008,0.8970000000000004,0.041666666666666664,0.0,0,False
1,1.0,0.25,0.5,2.0,96,72,24,0.16666666666666666,0.05641141141141142,1.0,0.9300000000000006,1.1970000000000007,0.0,0.0,0,False
2,1.0,0.25,1.0,2.0,96,72,24,0.09722222222222222,0.025698198198198203,1.0,1.4300000000000006,1.6970000000000007,0.0,0.0,0,False
3,1.0,0.3,0.2,2.0,96,72,24,0.16666666666666666,0.07120120120120119,1.0,0.7000000000000002,0.9369999999999995,0.0,0.0,0,False
4,1.0,0.3,0.5,2.0,96,72,24,0.1527777777777778,0.04841591591591591,1.0,1.0,1.2370000000000003,0.0,0.0,0,False
5,1.0,0.3,1.0,2.0,96,72,24,0.08333333333333333,0.02037537537537537,1.0,1.5,1.7370000000000003,0.0,0.0,0,False
6,1.0,0.4,0.2,2.0,96,72,24,0.125,0.04972972972972973,1.0,0.8600000000000003,1.983999999999999,0.0,0.0,0,False
7,1.0,0.4,0.5,2.0,96,72,24,0.125,0.030420420420420428,1.0,1.1600000000000001,3.335999999999998,0.0,0.0,0,False
8,1.0,0.4,1.0,2.0,96,72,24,0.06944444444444445,0.00978978978978979,0.9583333333333334,1.6400000000000006,3.968,0.0,0.0,0,False
9,2.0,0.25,0.2,2.0,96,72,24,0.09722222222222222,0.044135802469135794,1.0,1.0199999999999996,1.4680000000000002,0.0,0.0,0,False
10,2.0,0.25,0.5,2.0,96,72,24,0.08333333333333333,0.033464506172839505,1.0,1.3200000000000003,1.7679999999999993,0.0,0.0,0,False
11,2.0,0.25,1.0,2.0,96,72,24,0.06944444444444445,0.019822530864197527,1.0,1.8200000000000003,2.2679999999999993,0.0,0.0,0,False
12,2.0,0.3,0.2,2.0,96,72,24,0.08333333333333333,0.03652006172839505,1.0,1.17,1.6619999999999995,0.0,0.0,0,False
13,2.0,0.3,0.5,2.0,96,72,24,0.06944444444444445,0.026921296296296297,1.0,1.4700000000000006,1.962,0.0,0.0,0,False
14,2.0,0.3,1.0,2.0,96,72,24,0.05555555555555555,0.015524691358024692,1.0,1.9700000000000006,2.462,0.0,0.0,0,False
15,2.0,0.4,0.2,2.0,96,72,24,0.05555555555555555,0.017908950617283953,1.0,1.5599999999999996,3.4299999999999975,0.0,0.0,0,False
16,2.0,0.4,0.5,2.0,96,72,24,0.041666666666666664,0.013541666666666664,1.0,1.8600000000000003,3.8859999999999992,0.0,0.0,0,False
17,2.0,0.4,1.0,2.0,96,72,24,0.041666666666666664,0.007631172839506171,1.0,2.3600000000000003,4.385999999999999,0.0,0.0,0,False
18,4.0,0.25,0.2,2.0,96,72,24,0.027777777777777776,0.014436274509803924,1.0,1.8400000000000007,2.5450000000000004,0.0,0.0,0,False
19,4.0,0.25,0.5,2.0,96,72,24,0.027777777777777776,0.012475490196078432,1.0,2.1399999999999997,2.8449999999999993,0.0,0.0,0,False
20,4.0,0.25,1.0,2.0,96,72,24,0.027777777777777776,0.009207516339869283,1.0,2.6399999999999997,3.3449999999999993,0.0,0.0,0,False
21,4.0,0.3,0.2,2.0,96,72,24,0.027777777777777776,0.011184640522875816,1.0,2.1899999999999995,3.065,0.0,0.0,0,False
22,4.0,0.3,0.5,2.0,96,72,24,0.027777777777777776,0.009223856209150326,1.0,2.49,3.365,0.0,0.0,0,False
23,4.0,0.3,1.0,2.0,96,72,24,0.027777777777777776,0.005955882352941177,1.0,2.99,3.865,0.0,0.0,0,False
24,4.0,0.4,0.2,2.0,96,72,24,0.013888888888888888,0.0021813725490196097,1.0,2.790000000000001,3.9129999999999994,0.0,0.0,0,False
25,4.0,0.4,0.5,2.0,96,72,24,0.013888888888888888,0.0009558823529411735,1.0,3.0900000000000007,4.212999999999999,0.0,0.0,0,False
26,4.0,0.4,1.0,2.0,96,72,24,0.0,0.0,1.0,3.5900000000000007,4.712999999999999,0.0,0.0,0,False
