condition,mode,case,support,horizon_s,leg_q_max_rad,leg_q_rmse_rad,largest_joint,heading_delta_rad,com_vx_delta_mps,com_vy_delta_mps,com_vz_delta_mps,left_fz_impulse_isaac_Ns,left_fz_impulse_mu_Ns,right_fz_impulse_isaac_Ns,right_fz_impulse_mu_Ns
contact,dt005,left_only_132,left_only,0.02,0.09217340339400615,0.01683084230344038,left_ankle_pitch_joint,-0.002075400580938601,-0.0015524021214335937,-0.002197364819505311,-0.03240679864150062,4.594568252563477,3.33777006207602,0.0,0.0
contact,dt005,left_only_132,left_only,0.05,0.1018751880554074,0.023140792679239037,left_ankle_pitch_joint,-0.007070206623153982,-0.011906129451360714,0.007547464546621897,-0.04009464540469583,10.074594497680664,9.18249205832574,0.0,0.0
contact,dt005,left_only_132,left_only,0.2,0.1018751880554074,0.015236067817039553,left_ankle_pitch_joint,0.017477617801130135,0.017643221171653845,-0.014115041991163924,-0.003063391517789976,48.74918746948242,48.99680921637192,0.0,0.0
contact,dt005,left_only_214,left_only,0.02,0.03185301231958204,0.0063549732562312375,left_ankle_pitch_joint,2.9172071031115937e-05,0.0018347486740948327,-0.013189713318697813,-0.002351539763273694,1.6541180610656738,1.2903831857327523,0.0,0.0
contact,dt005,left_only_214,left_only,0.05,0.045453077660269625,0.014318151215132191,right_knee_joint,0.004659655475944181,0.006485019227015387,0.020825904945633862,-0.043106352023433214,4.75087833404541,5.080210182690907,5.586427688598633,6.396685711907011
contact,dt005,left_only_214,left_only,0.2,0.07107408875662191,0.01947300967421278,right_ankle_pitch_joint,0.02652964249758072,-0.01673598001133003,-0.03012779757650985,0.021240467233150984,26.372310638427734,28.4628439016732,37.76932907104492,37.50792547341034
contact,dt005,right_only_137,right_only,0.02,0.00532301860369655,0.001761628879477704,right_knee_joint,-0.0005442044275793811,-0.008211386568264034,-0.008959063960489472,-0.00799818985093784,0.0,0.0,8.243825912475586,8.423415240822123
contact,dt005,right_only_137,right_only,0.05,0.009057282536221622,0.002567454350608516,right_knee_joint,-0.00015599515498623817,-0.003173478005957464,-0.00387330156254502,0.005206163213857765,0.0,0.0,19.678606033325195,19.870820834642245
contact,dt005,right_only_137,right_only,0.2,0.022043626088034896,0.0057398357333489445,right_knee_joint,0.002555141084669116,-0.004107455658492687,0.00895575664758802,-0.014627051588661288,0.0,0.0,61.71113967895508,60.5705419601107
contact,dt005,right_only_218,right_only,0.02,0.033761258365433866,0.008279011167051835,right_knee_joint,0.0017450145242005085,-0.01093527677888162,0.004023822510772712,-0.047955833044720626,0.0,0.0,7.87433385848999,8.098667098049946
contact,dt005,right_only_218,right_only,0.05,0.033761258365433866,0.010300436523612263,right_knee_joint,0.0033087658907123797,0.005662837053936776,-0.013708249223197501,-0.023849890055804054,0.0,0.0,18.428451538085938,19.233211952333665
contact,dt005,right_only_218,right_only,0.2,0.033761258365433866,0.007217204476136099,right_knee_joint,0.005088716966462931,-0.01298948928077337,0.018084935201480523,0.0011669288859923466,0.0,0.0,57.41118621826172,58.037865691792504
contact,dt005,double_128,double,0.02,0.08063826523212608,0.014638692384544991,left_ankle_pitch_joint,-0.0003285350584836602,0.01295625526075772,-0.0018722615389736713,-0.042405247392795886,10.331006050109863,7.635784384537338,0.0,0.0
contact,dt005,double_128,double,0.05,0.08063826523212608,0.018510413719997804,left_ankle_pitch_joint,-0.001996718717494704,-0.013776566061704298,0.010088309690845532,-0.05833681035062428,23.289255142211914,22.839159386410707,0.0,0.0
contact,dt005,double_128,double,0.2,0.08063826523212608,0.013069182154308984,left_ankle_pitch_joint,-0.021949744542938437,0.04449912685688295,0.012686310375114251,-0.09184005033116129,70.42521667480469,67.06217980842852,0.0,0.0
contact,dt005,double_208,double,0.02,0.08260665523010147,0.015075489995843138,left_ankle_pitch_joint,-0.00032577971160552364,0.012763586177923614,-0.00276818858909033,-0.04404957215208538,10.36392879486084,7.64703270565539,0.0,0.0
contact,dt005,double_208,double,0.05,0.08260665523010147,0.018854074166968465,left_ankle_pitch_joint,-0.00189031842369667,-0.01325443087721967,0.010653657169044085,-0.058829456076961856,23.31696319580078,22.851249309658552,0.0,0.0
contact,dt005,double_208,double,0.2,0.08260665523010147,0.01328231346567444,left_ankle_pitch_joint,-0.022055412180197284,0.047220554350220545,0.01151540390501038,-0.09001237761109324,70.49415588378906,67.18818083495563,0.0,0.0
contact,dt001,left_only_132,left_only,0.02,0.00392179488811939,0.0010137575978434862,left_knee_joint,-0.00015085247624439108,-0.00240616286771711,-0.0006420434528453369,0.0034296498625025207,4.594568252563477,4.686397474761564,0.0,0.0
contact,dt001,left_only_132,left_only,0.05,0.009634952580846675,0.0024016176380234236,left_ankle_roll_joint,-0.0021957238012439567,0.0025323214548937933,0.008081918023870933,0.006354540103117409,10.074594497680664,10.159199214114185,0.0,0.0
contact,dt001,left_only_132,left_only,0.2,0.029094462315493064,0.008712313991475687,left_ankle_pitch_joint,0.038237312501195386,0.015204740176343434,-0.013461756361970889,-0.03677469391989968,48.74918746948242,47.91429016888053,0.0,0.0
contact,dt001,left_only_214,left_only,0.02,0.008356853445632306,0.0019373166028601291,left_ankle_pitch_joint,0.00043836747482708244,0.0009178499118670524,-0.009979737361820685,0.002104758060336706,1.6541180610656738,1.7846429516990876,0.0,0.0
contact,dt001,left_only_214,left_only,0.05,0.04279944613652825,0.01139817104901774,right_ankle_pitch_joint,0.004667034834452804,0.011719324660181107,0.01777454301223634,-0.03224269467586163,4.75087833404541,5.3341244394355565,5.586427688598633,6.104253662365778
contact,dt001,left_only_214,left_only,0.2,0.06598873551570561,0.01791301182851223,right_ankle_pitch_joint,0.017635321064532597,-0.01859690435753658,-0.03296921642047285,0.023330020057005185,26.372310638427734,28.565585525727972,37.76932907104492,37.45110499922991
contact,dt001,right_only_137,right_only,0.02,0.004573000404998417,0.0010681390909076216,right_knee_joint,-0.0001345134297572534,-0.0032536010238314317,-0.006365204682388329,0.0015651990443380447,0.0,0.0,8.243825912475586,8.410352312258054
contact,dt001,right_only_137,right_only,0.05,0.008589834980556876,0.0018881189823316998,right_knee_joint,0.0006540462918717613,-0.00223476620432006,-0.00443906799562889,0.00933069496388264,0.0,0.0,19.678606033325195,19.930687761769544
contact,dt001,right_only_137,right_only,0.2,0.021623590699617168,0.005427106423634386,right_knee_joint,0.005085352610912655,-0.004690801604841588,0.007635094230358963,-0.01572627811435659,0.0,0.0,61.71113967895508,60.74008494600288
contact,dt001,right_only_218,right_only,0.02,0.009374200032968627,0.002259068232570477,right_knee_joint,0.0001379125970645276,-0.00443593503301265,-0.0036623874294888165,-0.004555123937708766,0.0,0.0,7.87433385848999,8.319200160694349
contact,dt001,right_only_218,right_only,0.05,0.00968576165641477,0.002968688908013029,right_knee_joint,0.0005839357015951889,-0.002886234739622462,-0.005722722382089117,0.006635732041660736,0.0,0.0,18.428451538085938,19.046217945466694
contact,dt001,right_only_218,right_only,0.2,0.02094727859214074,0.005638362845461688,right_knee_joint,-0.00033255619743081943,-0.008863842227123997,0.010087445843890097,-0.012840222933425655,0.0,0.0,57.41118621826172,57.04778973793337
contact,dt001,double_128,double,0.02,0.061125978792695046,0.011522182959054428,left_ankle_pitch_joint,-0.00021004229563428845,0.005064261629499911,-0.0017026353793591076,-0.03040108274769876,10.331006050109863,9.442800767305611,0.0,0.0
contact,dt001,double_128,double,0.05,0.06555909756046513,0.015233835935633676,left_ankle_pitch_joint,0.0006749810244708471,-0.001305039958415355,0.006045861146835694,-0.018142552575291477,23.289255142211914,23.099003214469768,0.0,0.0
contact,dt001,double_128,double,0.2,0.06555909756046513,0.011396995941458096,left_ankle_pitch_joint,-0.00973303360872585,0.04301606357513932,0.002257527830690831,-0.1026324019063189,70.42521667480469,66.67789899806584,0.0,0.0
contact,dt001,double_208,double,0.02,0.06255770538858368,0.011938569564354434,left_ankle_pitch_joint,-0.00020406541046081965,0.005148572144510033,-0.002749937118877159,-0.031175445001880908,10.36392879486084,9.431564797918236,0.0,0.0
contact,dt001,double_208,double,0.05,0.0667270462809853,0.015465710428176602,left_ankle_pitch_joint,0.0007395292120991612,-0.0009361356035222368,0.006160438182019709,-0.018333307423981628,23.31696319580078,23.086607925913,0.0,0.0
contact,dt001,double_208,double,0.2,0.0667270462809853,0.01151789988756584,left_ankle_pitch_joint,-0.009718320580098055,0.04421518115980172,-0.00023551638486435378,-0.10160047996569548,70.49415588378906,66.64622489766096,0.0,0.0
free,dt005,left_only_132,left_only,0.02,0.03793892252489661,0.008897605395932552,left_ankle_pitch_joint,-0.0005339679883670928,0.002708712623651466,0.002258621655960906,0.005761483787677046,0.0,0.0,0.0,0.0
free,dt005,left_only_132,left_only,0.05,0.03793892252489661,0.009950157199895742,left_ankle_pitch_joint,-0.00090099272249166,0.002818515194950466,0.0027081512292607274,0.003124436244601708,0.0,0.0,0.0,0.0
free,dt005,left_only_132,left_only,0.2,0.03793892252489661,0.00785381252433925,left_ankle_pitch_joint,0.0006092150103964855,0.0016193498479805113,-0.00033861997403866577,-0.002373315336751114,0.0,0.0,0.0,0.0
free,dt005,left_only_214,left_only,0.02,0.006743086663224762,0.002310162645999061,right_knee_joint,-0.0007092290581631258,0.0026034567640257356,-0.0019040153721516734,0.0075394576806415425,0.0,0.0,0.0,0.0
free,dt005,left_only_214,left_only,0.05,0.011102357877415758,0.003338869478698763,right_knee_joint,-0.0011866421495829228,-0.00020035743235469194,0.0030055694295311464,-0.0010349522224035318,0.0,0.0,0.0,0.0
free,dt005,left_only_214,left_only,0.2,0.011102357877415758,0.003600654126636674,right_knee_joint,0.00200966046692852,-0.0019284169431200704,-0.002929460081346147,-0.0030507863098426773,0.0,0.0,0.0,0.0
free,dt005,right_only_137,right_only,0.02,0.009152884386959714,0.0024358088096219054,right_knee_joint,0.0010544079692555788,-0.0014673076753600744,-0.005471777822370669,-0.008139874194158798,0.0,0.0,0.0,0.0
free,dt005,right_only_137,right_only,0.05,0.010233536148143152,0.0031534582701875694,right_knee_joint,0.0006842812826962225,0.001391853263634335,1.1204266068876034e-05,0.004424109481111729,0.0,0.0,0.0,0.0
free,dt005,right_only_137,right_only,0.2,0.010754889322217354,0.0027805573444401144,right_knee_joint,-0.0030572664125027987,0.001872466587885535,5.76794888161522e-05,-0.0018359702013035703,0.0,0.0,0.0,0.0
free,dt005,right_only_218,right_only,0.02,0.009096025981208622,0.002319947531327872,right_knee_joint,0.0010523013673344624,-0.0007665633563856966,-0.003296710804117031,-0.002596131872589405,0.0,0.0,0.0,0.0
free,dt005,right_only_218,right_only,0.05,0.010879224163355294,0.0028236633725821345,right_knee_joint,0.0009651338996129605,0.0011987337906254059,-0.0012351498648972281,0.005967713137595934,0.0,0.0,0.0,0.0
free,dt005,right_only_218,right_only,0.2,0.01125303573186387,0.0023568058056898547,right_knee_joint,-0.0024965743371515234,0.002243556664952906,0.0005222562423634058,-0.0014310562926616727,0.0,0.0,0.0,0.0
free,dt005,double_128,double,0.02,0.010364793877800205,0.0033676115021743732,left_knee_joint,0.00047362369175363295,0.0038784335328240216,0.005721495068517896,-0.0016270552976755392,0.0,0.0,0.0,0.0
free,dt005,double_128,double,0.05,0.014130708732503772,0.004693794030005093,right_knee_joint,0.0006812030276531107,0.004045373888953208,0.002986976978560138,-0.0014384884759389704,0.0,0.0,0.0,0.0
free,dt005,double_128,double,0.2,0.014214709953931592,0.004051400723176329,right_knee_joint,0.0004803669347352296,0.0010234559231048213,0.0004182397537881577,-0.0019987800540738065,0.0,0.0,0.0,0.0
free,dt005,double_208,double,0.02,0.010337906759917637,0.0033588567592000083,left_knee_joint,0.00046689774919939607,0.003950817876040347,0.005574818249984681,-0.0018319737394439373,0.0,0.0,0.0,0.0
free,dt005,double_208,double,0.05,0.014117221889135445,0.004687384964952379,right_knee_joint,0.0006687420043828968,0.004118509233441148,0.0027493698542584433,-0.001479268962233743,0.0,0.0,0.0,0.0
free,dt005,double_208,double,0.2,0.014196207776449254,0.0041056063285852835,right_knee_joint,0.0004998253112985206,0.001038661904185667,0.00031169138860664275,-0.0020566110412608696,0.0,0.0,0.0,0.0
free,dt005,large_left_hip_pitch_joint_-0.2,large_step,0.02,0.0038539728083167024,0.0008666201638084711,left_hip_pitch_joint,0.0013232725674391082,0.005031841120177127,0.0018248826821880004,0.0002462149464251065,0.0,0.0,0.0,0.0
free,dt005,large_left_hip_pitch_joint_-0.2,large_step,0.05,0.005349728850233326,0.001219304700855296,left_hip_pitch_joint,0.001726788639604071,-0.006823912456049408,-0.00010272811499677237,-0.0006518129461383117,0.0,0.0,0.0,0.0
free,dt005,large_left_hip_pitch_joint_-0.2,large_step,0.2,0.005466177274828343,0.0011714745652205618,left_hip_pitch_joint,0.0007396088777069376,0.0013756510922816535,9.212051705102461e-05,0.0002829823289657745,0.0,0.0,0.0,0.0
free,dt005,large_left_hip_pitch_joint_+0.2,large_step,0.02,0.0038584460445934,0.0008672127530105499,left_hip_pitch_joint,-0.0013000396635775707,-0.005285892691274718,0.00016252669530718994,0.0007800186441873774,0.0,0.0,0.0,0.0
free,dt005,large_left_hip_pitch_joint_+0.2,large_step,0.05,0.005392382285580394,0.0012265942851787189,left_hip_pitch_joint,-0.0016911915699424906,0.007301990990582874,0.0018053232188049387,0.002160722733823686,0.0,0.0,0.0,0.0
free,dt005,large_left_hip_pitch_joint_+0.2,large_step,0.2,0.005496021686736796,0.0011609238588181489,left_hip_pitch_joint,-0.0004541086838875247,-0.0014807647306066991,-0.00040230264604959425,-5.999606414592044e-05,0.0,0.0,0.0,0.0
free,dt005,large_right_hip_pitch_joint_-0.2,large_step,0.02,0.0040044149084471625,0.000896322859427047,right_hip_pitch_joint,-0.0012610764872207497,0.003614021130108891,-0.001989100223004421,-7.632909179024205e-06,0.0,0.0,0.0,0.0
free,dt005,large_right_hip_pitch_joint_-0.2,large_step,0.05,0.005706187128045881,0.0012948670352106813,right_hip_pitch_joint,-0.001561639212110319,-0.007200661477425929,0.00027519509404488884,-0.0005831559883885604,0.0,0.0,0.0,0.0
free,dt005,large_right_hip_pitch_joint_-0.2,large_step,0.2,0.005836406106848102,0.0012367397762084959,right_hip_pitch_joint,-0.000833505438520149,0.0012193107911458061,-0.0002621267624436374,0.00024449758471821676,0.0,0.0,0.0,0.0
free,dt005,large_right_hip_pitch_joint_+0.2,large_step,0.02,0.0040107339101837225,0.0008972412420436295,right_hip_pitch_joint,0.0012404371340273227,-0.0038715295451217657,2.8428666568880434e-05,0.0010675891214759342,0.0,0.0,0.0,0.0
free,dt005,large_right_hip_pitch_joint_+0.2,large_step,0.05,0.00575679951757084,0.0013039897525340494,right_hip_pitch_joint,0.0015373544056747068,0.007676424839782675,-0.0018255748852879696,0.002152853791921275,0.0,0.0,0.0,0.0
free,dt005,large_right_hip_pitch_joint_+0.2,large_step,0.2,0.005874378628926619,0.0012277718459029374,right_hip_pitch_joint,0.0005397674467475244,-0.0013446004083216582,0.0003002307902271444,-1.9994121361393766e-06,0.0,0.0,0.0,0.0
free,dt005,large_left_hip_roll_joint_-0.2,large_step,0.02,0.0028510470924447,0.0006435801515301347,left_hip_roll_joint,0.00012758809572734845,-4.9033238294693415e-05,-0.0037368180182362765,0.00019001584911186847,0.0,0.0,0.0,0.0
free,dt005,large_left_hip_roll_joint_-0.2,large_step,0.05,0.004654669450029236,0.0010203937740081103,left_hip_roll_joint,0.0003037087450564954,-0.0003855843137846376,0.0023069447882257954,0.0003281534163060793,0.0,0.0,0.0,0.0
free,dt005,large_left_hip_roll_joint_-0.2,large_step,0.2,0.004831246683445756,0.0011190533568373694,left_hip_roll_joint,0.0004244802820608691,-0.00011345707768352516,-0.00248036607686921,0.00010578490349500216,0.0,0.0,0.0,0.0
free,dt005,large_left_hip_roll_joint_+0.2,large_step,0.02,0.0028616481587998566,0.0006450890056639285,left_hip_roll_joint,-0.00014192368352392536,-3.0006744017661998e-05,0.00364409058824558,0.00022202440488935048,0.0,0.0,0.0,0.0
free,dt005,large_left_hip_roll_joint_+0.2,large_step,0.05,0.004701946895663778,0.0010267607753185312,left_hip_roll_joint,-0.0002730785803519665,-0.00035561747439277975,-0.0026709623054217424,0.00035339136566002634,0.0,0.0,0.0,0.0
free,dt005,large_left_hip_roll_joint_+0.2,large_step,0.2,0.004886700351638323,0.0011136124781595282,left_hip_roll_joint,0.00011219349189059771,-0.0001581717020635061,0.0026280226140800445,9.33696280662824e-05,0.0,0.0,0.0,0.0
free,dt005,large_right_hip_roll_joint_-0.2,large_step,0.02,0.002989512585731449,0.0006677801904021101,right_hip_roll_joint,0.00019269242955634314,2.8924364052503688e-05,-0.0026437950513563124,0.00026506229795415564,0.0,0.0,0.0,0.0
free,dt005,large_right_hip_roll_joint_-0.2,large_step,0.05,0.00503621946724607,0.0010906768300974353,right_hip_roll_joint,0.0003189394735904809,-0.00033274726198554653,0.0033162002055134587,0.00030933559083643576,0.0,0.0,0.0,0.0
free,dt005,large_right_hip_roll_joint_-0.2,large_step,0.2,0.0052787609113954526,0.0011705992531318588,right_hip_roll_joint,-0.0001542039768674449,-0.00021766331774296282,-0.003111762174208322,9.210438479815772e-05,0.0,0.0,0.0,0.0
free,dt005,large_right_hip_roll_joint_+0.2,large_step,0.02,0.0029780027244197607,0.0006661641597294943,right_hip_roll_joint,-0.00017824451492026716,-0.00010751788462701629,0.002738534962428041,0.00014189350759329566,0.0,0.0,0.0,0.0
free,dt005,large_right_hip_roll_joint_+0.2,large_step,0.05,0.004976217319209636,0.0010822262788174385,right_hip_roll_joint,-0.0003449946402636888,-0.0003577132080218345,-0.0029267250155251556,0.00037641687349771564,0.0,0.0,0.0,0.0
free,dt005,large_right_hip_roll_joint_+0.2,large_step,0.2,0.005201257326917813,0.0011720688700027342,right_hip_roll_joint,-0.000392100807934382,-0.00015839314628771572,0.00291982402627982,6.354945375141273e-05,0.0,0.0,0.0,0.0
free,dt005,large_left_hip_yaw_joint_-0.2,large_step,0.02,0.0031647793547103786,0.000797926624818829,left_hip_yaw_joint,-0.0002459167347748214,0.0010140816949607769,0.0023081999766719277,-8.994607138348233e-05,0.0,0.0,0.0,0.0
free,dt005,large_left_hip_yaw_joint_-0.2,large_step,0.05,0.005781217646101372,0.0011937737632591846,left_hip_yaw_joint,3.601374293739357e-05,0.0007917989521797923,0.0008014200334426763,0.00016477548677793527,0.0,0.0,0.0,0.0
free,dt005,large_left_hip_yaw_joint_-0.2,large_step,0.2,0.005806617980833595,0.0009998602572274238,left_hip_yaw_joint,-0.0005879466296893213,0.00013050067509024475,0.0013104843952875256,-1.2189214334959518e-05,0.0,0.0,0.0,0.0
free,dt005,large_left_hip_yaw_joint_+0.2,large_step,0.02,0.003161385809222997,0.0007969229909145934,left_hip_yaw_joint,7.64172226053782e-05,0.0011477426390976379,-0.0019517458382304204,0.00022498104522475294,0.0,0.0,0.0,0.0
free,dt005,large_left_hip_yaw_joint_+0.2,large_step,0.05,0.005758643766675675,0.0011939248915516266,left_hip_yaw_joint,-0.0005228398576258217,0.00036821212875338266,-0.0004770168423920279,1.3396126547164178e-05,0.0,0.0,0.0,0.0
free,dt005,large_left_hip_yaw_joint_+0.2,large_step,0.2,0.005773406871033837,0.0009975470521093163,left_hip_yaw_joint,-0.0007372222355256101,0.0001215633179482028,-0.0011496295990526123,7.069992728996185e-07,0.0,0.0,0.0,0.0
free,dt005,large_right_hip_yaw_joint_-0.2,large_step,0.02,0.003175085261694466,0.0007994937064776747,right_hip_yaw_joint,-5.3451907923599516e-05,0.0010063188547557375,0.0015716784431282146,0.0001829988480844715,0.0,0.0,0.0,0.0
free,dt005,large_right_hip_yaw_joint_-0.2,large_step,0.05,0.005735152848278552,0.0011915994931003067,right_hip_yaw_joint,0.0004951818096713178,0.000474619278014541,8.813736823706092e-05,6.270343152917817e-05,0.0,0.0,0.0,0.0
free,dt005,large_right_hip_yaw_joint_-0.2,large_step,0.2,0.005748577400334076,0.0009947022375375596,right_hip_yaw_joint,0.0007392937475401166,0.0001228511900327274,0.0013694318005167475,-1.521167103388601e-05,0.0,0.0,0.0,0.0
free,dt005,large_right_hip_yaw_joint_+0.2,large_step,0.02,0.003178398450065484,0.0008004376242364401,right_hip_yaw_joint,0.00022309573625678338,0.001152038955094931,-0.0019400134600181945,-4.902900406521489e-05,0.0,0.0,0.0,0.0
free,dt005,large_right_hip_yaw_joint_+0.2,large_step,0.05,0.005751796489248839,0.0011911128603151562,right_hip_yaw_joint,-6.146354259316603e-06,0.0006252615524356808,-0.0004194811028242207,0.0001085025572296265,0.0,0.0,0.0,0.0
free,dt005,large_right_hip_yaw_joint_+0.2,large_step,0.2,0.00577415149917776,0.0009955502254419771,right_hip_yaw_joint,0.0005721026913672288,0.00014232134175997128,-0.001534529415245893,-3.3042468324643876e-06,0.0,0.0,0.0,0.0
free,dt005,large_left_knee_joint_-0.2,large_step,0.02,0.005071046140321056,0.0012509032204127734,left_knee_joint,0.00044439950979233687,0.0046091252426495866,0.0012310204709723785,0.0024758199098579015,0.0,0.0,0.0,0.0
free,dt005,large_left_knee_joint_-0.2,large_step,0.05,0.007458486980799345,0.0016452127809701077,left_knee_joint,0.00014653210678431446,0.0011389242102614605,0.001509762416227696,0.001406055171614305,0.0,0.0,0.0,0.0
free,dt005,large_left_knee_joint_-0.2,large_step,0.2,0.007458486980799345,0.0011542271045054016,left_knee_joint,1.2612003971099878e-05,0.0006622159009620332,0.00021700738216249866,5.9511526876458254e-05,0.0,0.0,0.0,0.0
free,dt005,large_left_knee_joint_+0.2,large_step,0.02,0.0050962973642030285,0.0012536428135086733,left_knee_joint,-0.0004410773484045218,-0.003950170538241128,-0.001139625718152515,-0.0005761121011670783,0.0,0.0,0.0,0.0
free,dt005,large_left_knee_joint_+0.2,large_step,0.05,0.0073425438128218445,0.0016233908903309454,left_knee_joint,-0.00030605300130098073,-0.0008444608138365242,-0.0017323206269045932,-0.0019232927911501264,0.0,0.0,0.0,0.0
free,dt005,large_left_knee_joint_+0.2,large_step,0.2,0.007347561561149463,0.001172583132200432,left_knee_joint,-0.00014190442190342017,-0.000563811628359995,-0.0003140191167971631,-4.207522465172601e-05,0.0,0.0,0.0,0.0
free,dt005,large_right_knee_joint_-0.2,large_step,0.02,0.005074617871841769,0.0012517713629578522,right_knee_joint,-0.00044141028406374967,0.004294825310336342,-0.0014381159093594803,0.0024070081564827248,0.0,0.0,0.0,0.0
free,dt005,large_right_knee_joint_-0.2,large_step,0.05,0.0074412339771843805,0.0016428880264178554,right_knee_joint,-0.00010369083322523797,0.0008173415152868679,-0.0014370023475993275,0.0013741345590190966,0.0,0.0,0.0,0.0
free,dt005,large_right_knee_joint_-0.2,large_step,0.2,0.0074412339771843805,0.0011528413142102235,right_knee_joint,-3.876265047302388e-05,0.0006149633964447516,-0.00025953446295859123,4.5864006450113725e-05,0.0,0.0,0.0,0.0
free,dt005,large_right_knee_joint_+0.2,large_step,0.02,0.005100210462209653,0.0012545242796804896,right_knee_joint,0.00043777396279666056,-0.003647367665214552,0.001345318674973204,-0.0005090044696211202,0.0,0.0,0.0,0.0
free,dt005,large_right_knee_joint_+0.2,large_step,0.05,0.007329139634142168,0.0016219676370625542,right_knee_joint,0.0002592637123585914,-0.0005306659656671431,0.0016462725537820869,-0.0018786706349267959,0.0,0.0,0.0,0.0
free,dt005,large_right_knee_joint_+0.2,large_step,0.2,0.007330702814953183,0.0011718275469571966,right_knee_joint,0.00016571454503984395,-0.0005036126696506616,0.00033821357731584527,-2.461991374083456e-05,0.0,0.0,0.0,0.0
free,dt005,large_left_ankle_pitch_joint_-0.2,large_step,0.02,0.0011407073679442492,0.0002596959973271419,left_ankle_pitch_joint,2.7489484296992463e-06,-1.971659522524515e-05,-4.067482286817624e-05,-2.6711255456409616e-05,0.0,0.0,0.0,0.0
free,dt005,large_left_ankle_pitch_joint_-0.2,large_step,0.05,0.0012894138754218631,0.00027400006928532465,left_ankle_pitch_joint,-1.0994554222644933e-06,0.0001314338603478287,2.6315343551217227e-05,1.0470075818035823e-05,0.0,0.0,0.0,0.0
free,dt005,large_left_ankle_pitch_joint_-0.2,large_step,0.2,0.002124350984459067,0.0004953345709181556,left_ankle_pitch_joint,4.451250868567336e-05,2.9755968891400394e-05,-1.8701260653903527e-06,3.393454184270352e-06,0.0,0.0,0.0,0.0
free,dt005,large_left_ankle_pitch_joint_+0.2,large_step,0.02,0.001140597584497638,0.0002596655434855002,left_ankle_pitch_joint,-3.0361117788540927e-06,1.8726452541077958e-05,4.2764493192693986e-05,4.034425492976685e-05,0.0,0.0,0.0,0.0
free,dt005,large_left_ankle_pitch_joint_+0.2,large_step,0.05,0.0012898646944288217,0.0002740397258818244,left_ankle_pitch_joint,8.985944602046304e-07,-0.00014338637478455746,-2.9732453964434104e-05,-3.604958580793316e-06,0.0,0.0,0.0,0.0
free,dt005,large_left_ankle_pitch_joint_+0.2,large_step,0.2,0.0021236936735641726,0.0004952434628846444,left_ankle_pitch_joint,-4.01102494128621e-05,-3.031121765265042e-05,3.2365812865995983e-06,-3.011543452123901e-06,0.0,0.0,0.0,0.0
free,dt005,large_right_ankle_pitch_joint_-0.2,large_step,0.02,0.0011407462403894841,0.0002597022239140376,right_ankle_pitch_joint,-2.1415398497192544e-06,-2.1833765398011104e-05,4.1063409299994284e-05,-2.7550615958058693e-05,0.0,0.0,0.0,0.0
free,dt005,large_right_ankle_pitch_joint_-0.2,large_step,0.05,0.0012893364340272884,0.00027399463756301,right_ankle_pitch_joint,1.6259111926059453e-06,0.00012418370560228747,-2.795698329576018e-05,9.442841657528308e-06,0.0,0.0,0.0,0.0
free,dt005,large_right_ankle_pitch_joint_-0.2,large_step,0.2,0.0021242650120714135,0.0004953145492723053,right_ankle_pitch_joint,-4.433042313326744e-05,3.2469891590960204e-05,1.793927552685109e-06,3.650455710301506e-06,0.0,0.0,0.0,0.0
free,dt005,large_right_ankle_pitch_joint_+0.2,large_step,0.02,0.0011406215181108403,0.0002596697924232349,right_ankle_pitch_joint,2.424852079672244e-06,2.0707496076655737e-05,-4.313976604802831e-05,4.1185518020495266e-05,0.0,0.0,0.0,0.0
free,dt005,large_right_ankle_pitch_joint_+0.2,large_step,0.05,0.0012898624405662251,0.00027404851473329043,right_ankle_pitch_joint,-1.703859515182864e-06,-0.00013590816128974156,3.1615803957850544e-05,-2.499689253898711e-06,0.0,0.0,0.0,0.0
free,dt005,large_right_ankle_pitch_joint_+0.2,large_step,0.2,0.002123572580530239,0.0004952233102941488,right_ankle_pitch_joint,3.960894867553104e-05,-3.377443095125936e-05,-3.225521061932595e-06,-3.3684292096977063e-06,0.0,0.0,0.0,0.0
free,dt005,large_left_ankle_roll_joint_-0.2,large_step,0.02,0.0011275163726145818,0.0002455733047720697,left_ankle_roll_joint,-3.573023644065568e-06,1.2687950118011774e-06,-3.8636881153237006e-06,2.062117114954265e-06,0.0,0.0,0.0,0.0
free,dt005,large_left_ankle_roll_joint_-0.2,large_step,0.05,0.0013530626560564751,0.0002745650150765727,left_ankle_roll_joint,-9.977435801034612e-06,-2.1951667458614542e-07,-2.955213335137136e-05,1.1835560088760884e-06,0.0,0.0,0.0,0.0
free,dt005,large_left_ankle_roll_joint_-0.2,large_step,0.2,0.0021244290916551944,0.0004964578534913217,left_ankle_roll_joint,-2.0863975388809346e-05,-5.459349638685504e-08,-1.0801193710460982e-06,-2.3085094357715746e-08,0.0,0.0,0.0,0.0
free,dt005,large_left_ankle_roll_joint_+0.2,large_step,0.02,0.0011275163726145818,0.00024557368477808896,left_ankle_roll_joint,3.528717089337492e-06,-3.0731352778978077e-07,4.486924628109088e-06,2.8925492466168585e-06,0.0,0.0,0.0,0.0
free,dt005,large_left_ankle_roll_joint_+0.2,large_step,0.05,0.001353056375038686,0.0002745650375935198,left_ankle_roll_joint,1.0103068857443315e-05,4.2911308419942636e-07,2.8492027106002743e-05,6.136002500432489e-07,0.0,0.0,0.0,0.0
free,dt005,large_left_ankle_roll_joint_+0.2,large_step,0.2,0.0021244452189198293,0.000496462343590327,left_ankle_roll_joint,2.160257246504584e-05,7.393019462928131e-09,1.334139093807169e-06,9.053328701755514e-08,0.0,0.0,0.0,0.0
free,dt005,large_right_ankle_roll_joint_-0.2,large_step,0.02,0.001127518001399425,0.0002455741155682246,right_ankle_roll_joint,-4.275694432161916e-06,1.0539345140411212e-06,-4.097640143445344e-06,3.372748643164733e-06,0.0,0.0,0.0,0.0
free,dt005,large_right_ankle_roll_joint_-0.2,large_step,0.05,0.0013530492471082456,0.00027456495206966907,right_ankle_roll_joint,-1.0332724894860455e-05,7.494097990042176e-08,-2.561568984008804e-05,5.46572859534509e-07,0.0,0.0,0.0,0.0
free,dt005,large_right_ankle_roll_joint_-0.2,large_step,0.2,0.002124400703633067,0.0004964526674263404,right_ankle_roll_joint,-2.1697201451102442e-05,1.0123976012410155e-07,-3.85997567439645e-06,1.9655747329165563e-07,0.0,0.0,0.0,0.0
free,dt005,large_right_ankle_roll_joint_+0.2,large_step,0.02,0.001127518001399425,0.00024557483197076727,right_ankle_roll_joint,4.318854808534301e-06,-9.319282006380658e-08,3.483841493184731e-06,1.5910267628898712e-06,0.0,0.0,0.0,0.0
free,dt005,large_right_ankle_roll_joint_+0.2,large_step,0.05,0.001353047602798793,0.000274564799342528,right_ankle_roll_joint,1.0514538276668546e-05,2.096306406865391e-07,2.6668217519288588e-05,1.288366715823686e-06,0.0,0.0,0.0,0.0
free,dt005,large_right_ankle_roll_joint_+0.2,large_step,0.2,0.00212438414443078,0.0004964508478708126,right_ankle_roll_joint,2.1381013773372814e-05,4.642458488520382e-08,3.5912087032707197e-06,-3.565593559947006e-08,0.0,0.0,0.0,0.0
free,dt001,left_only_132,left_only,0.02,0.0016480222693706081,0.0004818647714307591,left_ankle_pitch_joint,-0.00030294490310792815,0.0013088040806440437,0.00034311538049074455,0.003106819442940001,0.0,0.0,0.0,0.0
free,dt001,left_only_132,left_only,0.05,0.0028590760146492977,0.0009188943503097749,left_knee_joint,-0.0006718187603716452,0.0010815711233633785,0.0001246216246007653,-0.0001596609010320882,0.0,0.0,0.0,0.0
free,dt001,left_only_132,left_only,0.2,0.0033770396891579513,0.00102178068446931,left_ankle_pitch_joint,0.002126027911413586,-9.692956746387704e-05,-0.0009014541322850018,-0.0005789812085503221,0.0,0.0,0.0,0.0
free,dt001,left_only_214,left_only,0.02,0.0022181121980957563,0.0004515005694868885,right_knee_joint,-0.0006475416793990836,0.0024510280377343374,0.0003651322967797629,0.0022249632604974118,0.0,0.0,0.0,0.0
free,dt001,left_only_214,left_only,0.05,0.004219703432700728,0.001041156850903119,right_knee_joint,-0.0014255849577473859,0.0012942335997055965,0.001936523815881372,-0.0007478913567500953,0.0,0.0,0.0,0.0
free,dt001,left_only_214,left_only,0.2,0.004219703432700728,0.001231823058134249,right_knee_joint,0.002251462851741673,-0.0003573717165477053,-0.0006984794843429565,-0.0005007101824272553,0.0,0.0,0.0,0.0
free,dt001,right_only_137,right_only,0.02,0.0017604161215707403,0.0004259103441951958,right_knee_joint,0.0002693251462506027,0.0004722627464123219,0.0006900114746759833,0.0008619523881961827,0.0,0.0,0.0,0.0
free,dt001,right_only_137,right_only,0.05,0.0040437842022589265,0.0009934208008887477,right_knee_joint,0.0005192609481745325,0.00032853273439403807,0.0012539048820256193,0.0007267522378492063,0.0,0.0,0.0,0.0
free,dt001,right_only_137,right_only,0.2,0.0040437842022589265,0.0009513357156366597,right_knee_joint,-0.0010284688561479766,-2.425386780968708e-05,0.00022627412927648388,2.1439038680258482e-05,0.0,0.0,0.0,0.0
free,dt001,right_only_218,right_only,0.02,0.0018318392876485179,0.00036694462094625504,right_knee_joint,0.00032410538125039756,0.0007638699857920317,0.00043141209208635845,0.0022161389816324623,0.0,0.0,0.0,0.0
free,dt001,right_only_218,right_only,0.05,0.004077010561519101,0.0008630425687350698,right_knee_joint,0.0007551851447416547,-6.781060944272e-05,0.0003286326889232749,0.0006997377927268275,0.0,0.0,0.0,0.0
free,dt001,right_only_218,right_only,0.2,0.004077010561519101,0.0007945774850622367,right_knee_joint,-0.0005006661481140474,8.885424086813032e-05,0.00030346069821329813,8.893413261933103e-05,0.0,0.0,0.0,0.0
free,dt001,double_128,double,0.02,0.002585057001136315,0.0006505985711074999,right_knee_joint,0.00038112956425921315,0.0009058216712640732,-0.0003066193440538056,0.0014590349414136394,0.0,0.0,0.0,0.0
free,dt001,double_128,double,0.05,0.005233197989204186,0.001534050764930178,right_knee_joint,0.0008243077323275422,0.00041160525502925704,-0.0004854711362757558,-0.0010626071744235244,0.0,0.0,0.0,0.0
free,dt001,double_128,double,0.2,0.005942069315670262,0.0015540292286856706,left_ankle_roll_joint,0.0008084909747987923,-0.00023278156005590578,-0.0011100412780077618,0.00020065628548274206,0.0,0.0,0.0,0.0
free,dt001,double_208,double,0.02,0.0025950142058597248,0.0006521811764041735,right_knee_joint,0.00037999624242431203,0.0008392955618437004,-0.00031792633741593856,0.0014082905857606964,0.0,0.0,0.0,0.0
free,dt001,double_208,double,0.05,0.005221621785949093,0.001534933156024534,right_knee_joint,0.000819456279484463,0.0004035953354925015,-0.0005014182055286809,-0.0010540490889366372,0.0,0.0,0.0,0.0
free,dt001,double_208,double,0.2,0.00586445027245619,0.0015578979113861722,left_ankle_roll_joint,0.00084460817564758,-0.0002713399446016007,-0.0011086513277528895,0.00018597779168347262,0.0,0.0,0.0,0.0
free,dt001,large_left_hip_pitch_joint_-0.2,large_step,0.02,0.0004713411770242981,0.0001259315236999398,left_hip_pitch_joint,0.0001158005863917573,0.00027612211570382517,0.0008738891232611332,-0.0002486831702461917,0.0,0.0,0.0,0.0
free,dt001,large_left_hip_pitch_joint_-0.2,large_step,0.05,0.0014471618951252818,0.0002951092453055405,left_hip_pitch_joint,0.0003104238071879248,-0.002040124316818853,0.00025536410893949035,-0.0001245851328841273,0.0,0.0,0.0,0.0
free,dt001,large_left_hip_pitch_joint_-0.2,large_step,0.2,0.0019798714226750835,0.0004487052030294732,left_hip_pitch_joint,0.000584256717921422,-0.00046824163517882175,-1.6557684150327046e-06,0.0002665050888357237,0.0,0.0,0.0,0.0
free,dt001,large_left_hip_pitch_joint_+0.2,large_step,0.02,0.0005094683527699373,0.00013539305543660784,left_hip_pitch_joint,-0.00011895654949721675,5.540332474676668e-05,0.00043281083472042,0.0005611623023405662,0.0,0.0,0.0,0.0
free,dt001,large_left_hip_pitch_joint_+0.2,large_step,0.05,0.0014995485092326455,0.00031668375687407833,left_hip_pitch_joint,-0.0002706318130712912,0.002454862580874795,0.00041570619476450667,0.00040240197588334303,0.0,0.0,0.0,0.0
free,dt001,large_left_hip_pitch_joint_+0.2,large_step,0.2,0.0019366984322582003,0.0004425332802252001,left_hip_pitch_joint,-0.00040054067284923944,0.000358224133794038,-0.0002347394070753711,0.00029976682237087965,0.0,0.0,0.0,0.0
free,dt001,large_right_hip_pitch_joint_-0.2,large_step,0.02,0.0006234370465606487,0.00013843979654918321,right_hip_pitch_joint,-5.6687461502247585e-05,-0.0011506237851897638,-0.001039671369207018,-0.0005052229664702368,0.0,0.0,0.0,0.0
free,dt001,large_right_hip_pitch_joint_-0.2,large_step,0.05,0.0018037278116110889,0.0003627954120620327,right_hip_pitch_joint,-0.0001479239435623128,-0.0024329488545257183,-9.450128352536669e-05,-5.406316078865325e-05,0.0,0.0,0.0,0.0
free,dt001,large_right_hip_pitch_joint_-0.2,large_step,0.2,0.002265823852059201,0.0005203568526675924,right_hip_pitch_joint,-0.0006765508495297223,-0.0006118095031571948,-0.00017404392829493704,0.00023056163844032383,0.0,0.0,0.0,0.0
free,dt001,large_right_hip_pitch_joint_+0.2,large_step,0.02,0.0006632658454689133,0.00014981792399081274,right_hip_pitch_joint,6.243185576380005e-05,0.0014795072608594917,-0.00023186292206334863,0.00084747875322988,0.0,0.0,0.0,0.0
free,dt001,large_right_hip_pitch_joint_+0.2,large_step,0.05,0.0018639631337664664,0.00038606713379556244,right_hip_pitch_joint,0.00011943418916686432,0.0028461909988873324,-0.00042078478269018046,0.0003930188093610801,0.0,0.0,0.0,0.0
free,dt001,large_right_hip_pitch_joint_+0.2,large_step,0.2,0.0022469557974097425,0.0005172260132772587,right_hip_pitch_joint,0.00048511347464177956,0.00048188332539091756,0.00013918787617569605,0.0003573515478344012,0.0,0.0,0.0,0.0
free,dt001,large_left_hip_roll_joint_-0.2,large_step,0.02,0.0005566333766725239,0.00014778463708097197,left_hip_yaw_joint,1.039803807820032e-05,8.117473687101868e-05,-1.310142699681438e-05,4.2519215061342626e-05,0.0,0.0,0.0,0.0
free,dt001,large_left_hip_roll_joint_-0.2,large_step,0.05,0.0014536919239505203,0.00033778257696372827,left_hip_roll_joint,8.91406029491712e-05,-0.00019787497919647326,0.0012181180749065712,8.887305817563071e-06,0.0,0.0,0.0,0.0
free,dt001,large_left_hip_roll_joint_-0.2,large_step,0.2,0.0019430345691031636,0.0005024754187573634,left_hip_roll_joint,0.0003005837714131522,-0.00015049161474546427,-0.00041404080476322574,0.0002519826022623858,0.0,0.0,0.0,0.0
free,dt001,large_left_hip_roll_joint_+0.2,large_step,0.02,0.0005637500863434133,0.0001491750622948742,left_hip_roll_joint,-3.33903891083483e-05,2.6802315346918966e-05,-0.00024807817463204374,-3.0778669064856004e-07,0.0,0.0,0.0,0.0
free,dt001,large_left_hip_roll_joint_+0.2,large_step,0.05,0.001534742170402545,0.00034596675590328963,left_hip_roll_joint,-5.772572209662447e-05,-9.812994839446601e-06,-0.0016241560478667538,8.027055255585298e-05,0.0,0.0,0.0,0.0
free,dt001,large_left_hip_roll_joint_+0.2,large_step,0.2,0.001989207651063085,0.0005002336522779159,left_hip_roll_joint,0.00010198897501236849,-0.00012065332904808045,5.54702401449475e-05,0.00020996114893829382,0.0,0.0,0.0,0.0
free,dt001,large_right_hip_roll_joint_-0.2,large_step,0.02,0.0006917054092032623,0.00015776466563047347,right_hip_roll_joint,8.418378520701035e-05,9.144992252836182e-05,0.0012512240267613384,2.7366568574862344e-05,0.0,0.0,0.0,0.0
free,dt001,large_right_hip_roll_joint_-0.2,large_step,0.05,0.001869220838559324,0.0003926886571706872,right_hip_roll_joint,0.00010366879907613546,1.7331910031333914e-05,0.002270131775130829,3.876810137682296e-05,0.0,0.0,0.0,0.0
free,dt001,large_right_hip_roll_joint_-0.2,large_step,0.2,0.002373401135394748,0.0005539488373785828,right_hip_roll_joint,-0.0001438589226920705,-0.00017773688904133443,-0.0005388065421004715,0.00019826082431674075,0.0,0.0,0.0,0.0
free,dt001,large_right_hip_roll_joint_+0.2,large_step,0.02,0.0006721936436081925,0.0001552449057355364,right_hip_roll_joint,-6.106876234540995e-05,1.7215091051957752e-05,-0.0009830795028242245,8.516539283377907e-06,0.0,0.0,0.0,0.0
free,dt001,large_right_hip_roll_joint_+0.2,large_step,0.05,0.0017750914539746976,0.0003796913796568465,right_hip_roll_joint,-0.00013038876647970647,-0.00017271813879211157,-0.0018369991018999388,5.3501414344186635e-05,0.0,0.0,0.0,0.0
free,dt001,large_right_hip_roll_joint_+0.2,large_step,0.2,0.0022831624981067555,0.0005492070130015386,right_hip_roll_joint,-0.00026828935472683873,-0.00019939533562313312,0.0008541615805701813,0.00021828802910590613,0.0,0.0,0.0,0.0
free,dt001,large_left_hip_yaw_joint_-0.2,large_step,0.02,0.0006323737129554502,0.0001204082197766216,left_hip_yaw_joint,-0.00018204014415081765,0.0008728175048235626,-0.00015579616621685943,3.169659012283531e-05,0.0,0.0,0.0,0.0
free,dt001,large_left_hip_yaw_joint_-0.2,large_step,0.05,0.0017301345817491154,0.0003242732899875246,left_hip_yaw_joint,-0.0001966177345355865,1.9960844891140847e-05,4.055311873640832e-06,1.177068771370188e-05,0.0,0.0,0.0,0.0
free,dt001,large_left_hip_yaw_joint_-0.2,large_step,0.2,0.0017362107849059893,0.0003235975854526237,left_hip_yaw_joint,-0.0004676987166808144,-5.122310168214554e-05,2.641013845024187e-05,-1.0393246644451262e-05,0.0,0.0,0.0,0.0
free,dt001,large_left_hip_yaw_joint_+0.2,large_step,0.02,0.0006357976894419554,0.0001202583228631691,left_hip_yaw_joint,-1.092877833458808e-05,0.0008776068502128181,0.0005073148492091076,0.00010911955177553436,0.0,0.0,0.0,0.0
free,dt001,large_left_hip_yaw_joint_+0.2,large_step,0.05,0.001696745782496012,0.0003203404467356025,left_hip_yaw_joint,-0.00023598234710660825,-1.4495732052545104e-05,1.3809704243444854e-05,-6.591378901432536e-05,0.0,0.0,0.0,0.0
free,dt001,large_left_hip_yaw_joint_+0.2,large_step,0.2,0.001701802375725453,0.00032072970147282873,left_hip_yaw_joint,-0.0005248263920559323,-3.101378722094499e-05,3.1745514083083085e-05,1.0904394816122452e-05,0.0,0.0,0.0,0.0
free,dt001,large_right_hip_yaw_joint_-0.2,large_step,0.02,0.0006495510655797204,0.0001175057313183866,right_hip_yaw_joint,3.393246430754074e-05,0.0007479652368094242,-0.0008860051892848053,7.597987833150063e-05,0.0,0.0,0.0,0.0
free,dt001,large_right_hip_yaw_joint_-0.2,large_step,0.05,0.0016732106622582843,0.000317824113267855,right_hip_yaw_joint,0.00020847101902724506,7.392388994538739e-05,-0.00040284614061435187,-1.719164111583767e-05,0.0,0.0,0.0,0.0
free,dt001,large_right_hip_yaw_joint_-0.2,large_step,0.2,0.0016769205603546222,0.00032125669375463026,right_hip_yaw_joint,0.000527296804538595,-2.9496585705491652e-05,0.0001883269106121195,2.0120326843140433e-07,0.0,0.0,0.0,0.0
free,dt001,large_right_hip_yaw_joint_+0.2,large_step,0.02,0.000645929375586829,0.00011808555526084774,right_hip_yaw_joint,0.00015920991222471374,0.0009996502998144946,0.0005234778712936705,6.386762027718305e-05,0.0,0.0,0.0,0.0
free,dt001,large_right_hip_yaw_joint_+0.2,large_step,0.05,0.0017007689139281468,0.00032192325383411107,right_hip_yaw_joint,0.00022664057211283992,-0.00013267270862405648,0.0003787928305014482,-4.5635819856820053e-05,0.0,0.0,0.0,0.0
free,dt001,large_right_hip_yaw_joint_+0.2,large_step,0.2,0.0017038205717486432,0.000323778561746709,right_hip_yaw_joint,0.00045217695794541254,-3.7873392949150765e-05,-0.00025033631150159566,-6.888846332230893e-06,0.0,0.0,0.0,0.0
free,dt001,large_left_knee_joint_-0.2,large_step,0.02,0.0012127756494704212,0.00021868911894357978,left_knee_joint,0.00010608945766899663,0.000795449441137977,-0.00017558986306980603,0.001021287089375128,0.0,0.0,0.0,0.0
free,dt001,large_left_knee_joint_-0.2,large_step,0.05,0.002531067383729879,0.0005065226986248179,left_knee_joint,2.7130358518720997e-05,5.868326270927482e-05,0.0003420119724676096,-3.9532369669879885e-05,0.0,0.0,0.0,0.0
free,dt001,large_left_knee_joint_-0.2,large_step,0.2,0.002531067383729879,0.0003565852931164108,left_knee_joint,6.958771777828068e-05,-0.00019679059982563493,-3.312129721242578e-05,-8.670907367955088e-07,0.0,0.0,0.0,0.0
free,dt001,large_left_knee_joint_+0.2,large_step,0.02,0.0010659361992963468,0.0001942184293141157,left_knee_joint,-0.00015290248140855636,-2.6501254568878085e-05,-0.00023154945574234767,-0.0004945546689191435,0.0,0.0,0.0,0.0
free,dt001,large_left_knee_joint_+0.2,large_step,0.05,0.002632608093095623,0.0004973213329448395,left_knee_joint,-0.00015102058380063108,0.00012018483658408907,-7.485427094618483e-05,-2.6485368602112078e-05,0.0,0.0,0.0,0.0
free,dt001,large_left_knee_joint_+0.2,large_step,0.2,0.002632608093095623,0.00037467603657255526,left_knee_joint,-0.00013260880747321263,0.00024572468286104094,-1.4463199303738593e-06,3.9131881724510355e-05,0.0,0.0,0.0,0.0
free,dt001,large_right_knee_joint_-0.2,large_step,0.02,0.0012169630906687101,0.00021945469283131936,right_knee_joint,-0.0001046841077394639,0.0004832098074588828,-1.427515107252364e-05,0.0009439939415521251,0.0,0.0,0.0,0.0
free,dt001,large_right_knee_joint_-0.2,large_step,0.05,0.0025167961932145433,0.0005034989249560528,right_knee_joint,1.4028543426056889e-05,-0.00027748058949332577,-0.00026792707169331215,-7.823717968016841e-05,0.0,0.0,0.0,0.0
free,dt001,large_right_knee_joint_-0.2,large_step,0.2,0.0025167961932145433,0.000358951635448732,right_knee_joint,-9.482956147664062e-05,-0.00023934218551951113,-9.730562007366755e-06,-1.4783792015145183e-05,0.0,0.0,0.0,0.0
free,dt001,large_right_knee_joint_+0.2,large_step,0.02,0.0010706106586953479,0.00019513182008972313,right_knee_joint,0.00015121586207121488,0.00027534772228388765,0.0004253625293692328,-0.00042289518858044245,0.0,0.0,0.0,0.0
free,dt001,large_right_knee_joint_+0.2,large_step,0.05,0.0026181770900089996,0.0004955236855580901,right_knee_joint,0.00010620601516422336,0.0004469635995030946,-1.805769469086227e-05,2.7384504089388376e-05,0.0,0.0,0.0,0.0
free,dt001,large_right_knee_joint_+0.2,large_step,0.2,0.0026181770900089996,0.00037778199816691706,right_knee_joint,0.0001557042816509452,0.0003026545205726055,2.5840749845969235e-05,5.737761572568854e-05,0.0,0.0,0.0,0.0
free,dt001,large_left_ankle_pitch_joint_-0.2,large_step,0.02,0.00016114111948550836,3.6591071193303235e-05,left_ankle_pitch_joint,-2.223395246415304e-06,-2.3509261667340852e-05,-1.3508488699540315e-05,-6.056844706491492e-06,0.0,0.0,0.0,0.0
free,dt001,large_left_ankle_pitch_joint_-0.2,large_step,0.05,0.00042965910947928565,7.39202232511241e-05,left_ankle_pitch_joint,-1.590856360694586e-06,2.1471469848959772e-05,4.220548242053708e-06,7.839192866697592e-07,0.0,0.0,0.0,0.0
free,dt001,large_left_ankle_pitch_joint_-0.2,large_step,0.2,0.0006254872337647099,0.0001454540790286631,left_ankle_pitch_joint,3.85798791118229e-05,7.219054194936678e-07,-1.7050547805942333e-06,8.275004311116403e-07,0.0,0.0,0.0,0.0
free,dt001,large_left_ankle_pitch_joint_+0.2,large_step,0.02,0.00016143466526899464,3.662534077680346e-05,left_ankle_pitch_joint,2.174094227350406e-06,1.709140811437422e-05,1.1055704529666508e-05,1.168806224573671e-05,0.0,0.0,0.0,0.0
free,dt001,large_left_ankle_pitch_joint_+0.2,large_step,0.05,0.00042938026551125885,7.390571403750881e-05,left_ankle_pitch_joint,2.0037815865006804e-06,-2.4494348729124367e-05,-5.132409219326127e-06,1.6163306047884925e-06,0.0,0.0,0.0,0.0
free,dt001,large_left_ankle_pitch_joint_+0.2,large_step,0.2,0.0006250765567655109,0.00014536999314710642,left_ankle_pitch_joint,-3.508535057213536e-05,-1.3829120893704965e-06,1.3673439713767102e-06,-5.340383130919961e-07,0.0,0.0,0.0,0.0
free,dt001,large_right_ankle_pitch_joint_-0.2,large_step,0.02,0.0001611851173509704,3.659144774821413e-05,right_ankle_pitch_joint,2.805356013189697e-06,-2.5256453193387145e-05,1.3605854913705274e-05,-6.717037602439009e-06,0.0,0.0,0.0,0.0
free,dt001,large_right_ankle_pitch_joint_-0.2,large_step,0.05,0.00042958258943409655,7.3909713177055e-05,right_ankle_pitch_joint,2.1109193556563603e-06,1.392902189404667e-05,-5.85640109126989e-06,-3.3556658340092634e-07,0.0,0.0,0.0,0.0
free,dt001,large_right_ankle_pitch_joint_-0.2,large_step,0.2,0.0006253723338676132,0.00014543644098038094,right_ankle_pitch_joint,-3.843385503849155e-05,3.7758181763885342e-06,1.631376668293539e-06,1.1243155115785587e-06,0.0,0.0,0.0,0.0
free,dt001,large_right_ankle_pitch_joint_+0.2,large_step,0.02,0.00016147847153732964,3.662396598273996e-05,right_ankle_pitch_joint,-2.7605504680922993e-06,1.8682011825431268e-05,-1.1100120690631682e-05,1.2318441747804121e-05,0.0,0.0,0.0,0.0
free,dt001,large_right_ankle_pitch_joint_+0.2,large_step,0.05,0.0004293792479248548,7.39130395350195e-05,right_ankle_pitch_joint,-2.8074501832122775e-06,-1.6730979806187964e-05,6.9940834621543235e-06,2.8161480180959302e-06,0.0,0.0,0.0,0.0
free,dt001,large_right_ankle_pitch_joint_+0.2,large_step,0.2,0.0006249567839735903,0.00014535336060678952,right_ankle_pitch_joint,3.4618371282597155e-05,-5.211009285198805e-06,-1.3562607820383268e-06,-9.401152191084388e-07,0.0,0.0,0.0,0.0
free,dt001,large_left_ankle_roll_joint_-0.2,large_step,0.02,0.000164581092722417,3.648453145666127e-05,left_ankle_roll_joint,-4.5340268519377275e-06,3.594022086007292e-07,5.731345370598748e-06,8.490556369044784e-07,0.0,0.0,0.0,0.0
free,dt001,large_left_ankle_roll_joint_-0.2,large_step,0.05,0.0004404650917289171,7.617549349833532e-05,left_ankle_roll_joint,-9.117955655562444e-06,2.0516330964794077e-07,-3.991828593422888e-06,1.8411328426246414e-07,0.0,0.0,0.0,0.0
free,dt001,large_left_ankle_roll_joint_-0.2,large_step,0.2,0.0006222143371955036,0.00014523513381801333,left_ankle_roll_joint,-2.0597196982463496e-05,-1.6595644603684277e-08,2.0231645676150733e-07,3.223330296144696e-08,0.0,0.0,0.0,0.0
free,dt001,large_left_ankle_roll_joint_+0.2,large_step,0.02,0.0001645813491916101,3.64845880296923e-05,left_ankle_roll_joint,4.459761204633681e-06,2.4928729131244425e-07,-6.461411637466976e-06,7.849898765870093e-07,0.0,0.0,0.0,0.0
free,dt001,large_left_ankle_roll_joint_+0.2,large_step,0.05,0.00044046734377942154,7.617671368967313e-05,left_ankle_roll_joint,9.329871345996541e-06,1.331292147322938e-07,3.6391592939931405e-06,3.7026188529654135e-07,0.0,0.0,0.0,0.0
free,dt001,large_left_ankle_roll_joint_+0.2,large_step,0.2,0.0006222342246254287,0.00014523923492393542,left_ankle_roll_joint,2.1378064082296297e-05,-5.7901294493285245e-09,-3.196948770224062e-07,2.299058535292864e-08,0.0,0.0,0.0,0.0
free,dt001,large_right_ankle_roll_joint_-0.2,large_step,0.02,0.0001645850952817149,3.648509112759348e-05,right_ankle_roll_joint,-5.206975373843017e-06,1.452271551008522e-06,6.858623122740243e-06,1.1725540495696645e-06,0.0,0.0,0.0,0.0
free,dt001,large_right_ankle_roll_joint_-0.2,large_step,0.05,0.0004404602599747398,7.617652585338721e-05,right_ankle_roll_joint,-9.559501819318502e-06,-1.659175129170136e-07,-7.694232269629892e-07,2.2169461963559065e-07,0.0,0.0,0.0,0.0
free,dt001,large_right_ankle_roll_joint_-0.2,large_step,0.2,0.000622189731598527,0.00014522979677074162,right_ankle_roll_joint,-2.1472752640657738e-05,5.3212335995904213e-08,-2.204800623406213e-06,1.2135451592933033e-07,0.0,0.0,0.0,0.0
free,dt001,large_right_ankle_roll_joint_+0.2,large_step,0.02,0.0001645922675173675,3.648638976634173e-05,right_ankle_roll_joint,5.279907962879166e-06,-8.459899063203627e-07,-6.1050884243505e-06,4.5975368019127373e-07,0.0,0.0,0.0,0.0
free,dt001,large_right_ankle_roll_joint_+0.2,large_step,0.05,0.00044045000720427385,7.61748983450188e-05,right_ankle_roll_joint,9.654767814718895e-06,5.783610481302233e-07,1.1055268811537748e-06,3.718949975001587e-07,0.0,0.0,0.0,0.0
free,dt001,large_right_ankle_roll_joint_+0.2,large_step,0.2,0.0006221693806660322,0.00014522827695357402,right_ankle_roll_joint,2.111416083528411e-05,1.1984890016897697e-07,2.3105478721006192e-06,2.5624276437375402e-08,0.0,0.0,0.0,0.0
lifted,dt005,left_only_132,left_only,0.02,0.03793892252489667,0.008897606770920293,left_ankle_pitch_joint,-0.000533945636625302,0.002709487484033435,0.002258277066608267,0.005761496948382544,0.0,0.0,0.0,0.0
lifted,dt005,left_only_132,left_only,0.05,0.03793892252489667,0.009950163848368344,left_ankle_pitch_joint,-0.0009009647828144077,0.002819409264622097,0.0027079575141651657,0.003124349937076054,0.0,0.0,0.0,0.0
lifted,dt005,left_only_132,left_only,0.2,0.03793892252489667,0.00785381248278121,left_ankle_pitch_joint,0.0006092001092353749,0.0016218532430614108,-0.0003389417459881885,-0.002370173695134259,0.0,0.0,0.0,0.0
lifted,dt005,left_only_214,left_only,0.02,0.006743086663224762,0.0023101612890732244,right_knee_joint,-0.0007092255657034719,0.0026031587408019696,-0.0019041699716990535,0.007539500643669497,0.0,0.0,0.0,0.0
lifted,dt005,left_only_214,left_only,0.05,0.011102357877415758,0.0033388681479794066,right_knee_joint,-0.0011866030340347924,-0.00020023822306503014,0.0030053980661774032,-0.0010350422552195537,0.0,0.0,0.0,0.0
lifted,dt005,left_only_214,left_only,0.2,0.011102357877415758,0.0036006542251163726,right_knee_joint,0.002009727522153934,-0.0019296686406607977,-0.0029295569388938514,-0.003050377168660301,0.0,0.0,0.0,0.0
lifted,dt005,right_only_137,right_only,0.02,0.009152884386959714,0.002435816021057106,right_knee_joint,0.0010544116945458773,-0.0014671288614257483,-0.005471449996824404,-0.008139751137389406,0.0,0.0,0.0,0.0
lifted,dt005,right_only_137,right_only,0.05,0.010233595752787927,0.0031534710336111496,right_knee_joint,0.0006842961838574163,0.0013917340543445622,1.1070155618159161e-05,0.004423784755007154,0.0,0.0,0.0,0.0
lifted,dt005,right_only_137,right_only,0.2,0.010754829717572578,0.002780560413287461,right_knee_joint,-0.003057169554954997,0.0018728242157541874,5.777262107355824e-05,-0.001840156205703991,0.0,0.0,0.0,0.0
lifted,dt005,right_only_218,right_only,0.02,0.009095966376563847,0.0023199291231832094,right_knee_joint,0.0010523039575753735,-0.0007666825656751364,-0.0032967219799879405,-0.0025961187118838797,0.0,0.0,0.0,0.0
lifted,dt005,right_only_218,right_only,0.05,0.010879164558710519,0.002823647394370393,right_knee_joint,0.0009651394875484116,0.001198614581335855,-0.001235082809671828,0.0059668817720103795,0.0,0.0,0.0,0.0
lifted,dt005,right_only_218,right_only,0.2,0.01125303573186387,0.0023568061850785266,right_knee_joint,-0.0024966311478285576,0.002243437455663355,0.0005222711435245928,-0.0014307943004456813,0.0,0.0,0.0,0.0
lifted,dt005,double_128,double,0.02,0.010364793877800205,0.003367609750624562,left_knee_joint,0.00047364976878572565,0.0038790295792716645,0.005721395417002339,-0.0016274742706445244,0.0,0.0,0.0,0.0
lifted,dt005,double_128,double,0.05,0.014130827941793322,0.004693813627880232,right_knee_joint,0.0006812700828784969,0.004045791121466857,0.002986842868109546,-0.0014390516206226334,0.0,0.0,0.0,0.0
lifted,dt005,double_128,double,0.2,0.014214829163221143,0.004051415627203036,right_knee_joint,0.00048061280389495586,0.0010234559231047102,0.00041812054449857916,-0.002003491324406692,0.0,0.0,0.0,0.0
lifted,dt005,double_208,double,0.02,0.010337966364562412,0.003358862182553962,left_knee_joint,0.0004669238262314879,0.003951115899264224,0.0055745947325667455,-0.0018324821193800855,0.0,0.0,0.0,0.0
lifted,dt005,double_208,double,0.05,0.014117221889135445,0.00468739444866235,right_knee_joint,0.0006689543459299264,0.0041189264659545755,0.0027494741623867447,-0.0014798917115622645,0.0,0.0,0.0,0.0
lifted,dt005,double_208,double,0.2,0.014196207776449254,0.004105603458225147,right_knee_joint,0.000500209016199387,0.001037887043803476,0.0003116057069297712,-0.0020555406610500704,0.0,0.0,0.0,0.0
lifted,dt001,left_only_132,left_only,0.02,0.0016480222693704971,0.00048186886570888044,left_ankle_pitch_joint,-0.00030292255136613044,0.0013095789410260128,0.0003427707911381299,0.003106832603645429,0.0,0.0,0.0,0.0
lifted,dt001,left_only_132,left_only,0.05,0.0028591952239388485,0.000918905883812515,left_knee_joint,-0.0006717908206943998,0.0010824651930348983,0.00012442790950521754,-0.00015974720855782554,0.0,0.0,0.0,0.0
lifted,dt001,left_only_132,left_only,0.2,0.003377009886835522,0.0010217842383425705,left_ankle_pitch_joint,0.002126013010252309,-9.442617238308859e-05,-0.000901775904234476,-0.0005758395669335226,0.0,0.0,0.0,0.0
lifted,dt001,left_only_214,left_only,0.02,0.0022181121980957563,0.0004515005601701464,right_knee_joint,-0.0006475381869394288,0.0024507300145103494,0.00036497769723236456,0.0022250062235253387,0.0,0.0,0.0,0.0
lifted,dt001,left_only_214,left_only,0.05,0.004219703432700728,0.0010411570165055884,right_knee_joint,-0.0014255458421992442,0.0012943528089950362,0.0019363524525276565,-0.0007479813895661103,0.0,0.0,0.0,0.0
lifted,dt001,left_only_214,left_only,0.2,0.004219703432700728,0.001231822494517478,right_knee_joint,0.00225152990696717,-0.00035862341408776643,-0.0006985763418908553,-0.0005003010412447662,0.0,0.0,0.0,0.0
lifted,dt001,right_only_137,right_only,0.02,0.0017604757262155157,0.0004259171652618503,right_knee_joint,0.0002693288715409012,0.0004724415603466481,0.0006903393002222341,0.0008620754449654988,0.0,0.0,0.0,0.0
lifted,dt001,right_only_137,right_only,0.05,0.004043843806903702,0.0009934333185792996,right_knee_joint,0.0005192758493357263,0.0003284135251044873,0.0012537707715749025,0.0007264275117443431,0.0,0.0,0.0,0.0
lifted,dt001,right_only_137,right_only,0.2,0.004043843806903702,0.0009513384443693703,right_knee_joint,-0.0010283719986001888,-2.3896239941145758e-05,0.0002263672615339385,1.7253034280795276e-05,0.0,0.0,0.0,0.0
lifted,dt001,right_only_218,right_only,0.02,0.0018317796830037425,0.00036692456043411874,right_knee_joint,0.00032410797149131395,0.0007637507765022589,0.0004314009162154353,0.0022161521423380293,0.0,0.0,0.0,0.0
lifted,dt001,right_only_218,right_only,0.05,0.004076950956874326,0.0008630280710515385,right_knee_joint,0.0007551907326771023,-6.792981873227077e-05,0.0003286997441486056,0.000698906427141488,0.0,0.0,0.0,0.0
lifted,dt001,right_only_218,right_only,0.2,0.004076950956874326,0.0007945783987414437,right_knee_joint,-0.0005007229587911978,8.873503157869056e-05,0.0003034755993744226,8.919612483460071e-05,0.0,0.0,0.0,0.0
lifted,dt001,double_128,double,0.02,0.002585057001136315,0.0006505985602493731,right_knee_joint,0.0003811556412913024,0.0009064177177119381,-0.00030671899556927555,0.0014586159684445987,0.0,0.0,0.0,0.0
lifted,dt001,double_128,double,0.05,0.0052333171984937366,0.0015340729985236848,right_knee_joint,0.0008243747875529214,0.00041202248754257376,-0.0004856052467265004,-0.0010631703191072983,0.0,0.0,0.0,0.0
lifted,dt001,double_128,double,0.2,0.0059420693156703175,0.0015540414294889253,left_ankle_roll_joint,0.0008087368439586018,-0.00023278156005612782,-0.0011101604872972015,0.0001959450151503006,0.0,0.0,0.0,0.0
lifted,dt001,double_208,double,0.02,0.0025950142058597248,0.0006521852620835675,right_knee_joint,0.00038002231945640126,0.0008395935850676883,-0.00031814985483387404,0.0014077822058244371,0.0,0.0,0.0,0.0
lifted,dt001,double_208,double,0.05,0.005221621785949093,0.001534942468792877,right_knee_joint,0.0008196686210314962,0.00040401256800604024,-0.0005013138974003795,-0.001054671838265242,0.0,0.0,0.0,0.0
lifted,dt001,double_208,double,0.2,0.00586445027245619,0.0015578942961657547,left_ankle_roll_joint,0.0008449918805484326,-0.00027211480498356977,-0.0011087370094298096,0.00018704817189485468,0.0,0.0,0.0,0.0
