time_s,sequence,task_id,issued_s,delivered
0.0,0,forward_turn_forward,0.0,True
0.1,1,forward_turn_forward,0.1,True
0.2,2,forward_turn_forward,0.2,True
0.3,3,forward_turn_forward,0.3,True
0.4,4,forward_turn_forward,0.4,True
0.5,5,forward_turn_forward,0.5,True
0.6,6,forward_turn_forward,0.6,True
0.7000000000000001,7,forward_turn_forward,0.7000000000000001,True
0.8,8,forward_turn_forward,0.8,True
0.9,9,forward_turn_forward,0.9,True
1.0,10,forward_turn_forward,1.0,True
1.1,11,forward_turn_forward,1.1,True
1.2,12,forward_turn_forward,1.2,True
1.3,13,forward_turn_forward,1.3,True
1.4000000000000001,14,forward_turn_forward,1.4000000000000001,True
1.5,15,forward_turn_forward,1.5,True
1.6,16,forward_turn_forward,1.6,True
1.7,17,forward_turn_forward,1.7,True
1.8,18,forward_turn_forward,1.8,True
1.9000000000000001,19,forward_turn_forward,1.9000000000000001,True
2.0,20,forward_turn_forward,2.0,True
2.1,21,forward_turn_forward,2.1,True
2.2,22,forward_turn_forward,2.2,True
2.3000000000000003,23,forward_turn_forward,2.3000000000000003,True
2.4,24,forward_turn_forward,2.4,True
2.5,25,forward_turn_forward,2.5,True
2.6,26,forward_turn_forward,2.6,True
2.7,27,forward_turn_forward,2.7,True
2.8000000000000003,28,forward_turn_forward,2.8000000000000003,True
2.9,29,forward_turn_forward,2.9,True
3.0,30,forward_turn_forward,3.0,False
3.1,31,forward_turn_forward,3.1,False
3.2,32,forward_turn_forward,3.2,False
3.3000000000000003,33,forward_turn_forward,3.3000000000000003,False
3.4,34,forward_turn_forward,3.4,False
3.5,35,forward_turn_forward,3.5,False
3.6,36,forward_turn_forward,3.6,False
3.7,37,forward_turn_forward,3.7,False
3.8000000000000003,38,forward_turn_forward,3.8000000000000003,False
3.9,39,forward_turn_forward,3.9,False
4.0,40,forward_turn_forward,4.0,False
4.1,41,forward_turn_forward,4.1,False
4.2,42,forward_turn_forward,4.2,False
4.3,43,forward_turn_forward,4.3,False
4.4,44,forward_turn_forward,4.4,False
4.5,45,forward_turn_forward,4.5,False
4.6000000000000005,46,forward_turn_forward,4.6000000000000005,False
4.7,47,forward_turn_forward,4.7,False
4.8,48,forward_turn_forward,4.8,False
4.9,49,forward_turn_forward,4.9,False
5.0,50,forward_turn_forward,5.0,False
5.1000000000000005,51,forward_turn_forward,5.1000000000000005,False
5.2,52,forward_turn_forward,5.2,False
