initial_window_s,initial_path_m,initial_net_m,initial_heading_rad,remaining_duration_s,remaining_path_m,remaining_net_m,remaining_heading_rad,engine,skill,case,env,protocol,vx,yaw,full,passed,entry_speed_mps,tail_speed_rms,tail_yaw_rms,tail_signed_heading_rad,settled,net_m,heading_excursion_rad,cycles_and_lift,decision_path_m,decision_net_m,decision_heading_excursion_rad,whole_decision_pass,post_duration_s
2.0,0.4989706575870514,0.4883570671081543,0.04732060432434082,8.0,0.10627145320177078,0.05711258947849274,0.04972553253173828,isaac,hold,0,0,direct,0.5,-0.2,True,False,0.40763217210769653,0.0055515640415251255,3.8031721487641335e-05,-1.1920928955078125e-06,True,0.5439624190330505,0.09853482246398926,False,0.605242133140564,0.5439624190330505,0.09853482246398926,False,10.0
2.000000000000001,0.3613924980163574,0.31475624442100525,0.04635310173034668,8.0,0.013961278833448887,0.013893496245145798,-0.0012445449829101562,isaac,hold,0,1,direct,0.5,-0.2,True,True,0.4940495789051056,0.006208355538547039,2.670873982424382e-05,-9.5367431640625e-07,True,0.30129480361938477,0.04636430740356445,False,0.37535378336906433,0.30129480361938477,0.04636430740356445,True,10.0
2.0,0.43598413467407227,0.3576645851135254,0.05474209785461426,8.0,0.04830342158675194,0.048247143626213074,-0.011552393436431885,isaac,hold,0,2,direct,0.5,-0.2,True,True,0.469986230134964,0.008509363047778606,5.477645026985556e-05,-3.403425216674805e-05,True,0.3196992874145508,0.07548213005065918,False,0.4842875301837921,0.3196992874145508,0.07548213005065918,True,10.0
2.000000000000001,0.435140460729599,0.3505265712738037,0.04825782775878906,8.0,0.055677443742752075,0.05566263571381569,-0.013611555099487305,isaac,hold,0,3,direct,0.5,-0.2,True,True,0.43651387095451355,0.009475178085267544,3.951945109292865e-05,-5.7220458984375e-05,True,0.3101917803287506,0.07384705543518066,False,0.4908178746700287,0.3101917803287506,0.07384705543518066,True,10.000000000000002
2.0,0.44344714283943176,0.32958900928497314,0.10612274706363678,8.0,0.03464348986744881,0.03456564247608185,0.00222092866897583,isaac,hold,0,4,direct,0.5,-0.2,True,True,0.4125504791736603,0.0068208337761461735,2.5483397621428594e-05,-2.980232238769531e-07,True,0.2959849536418915,0.10837240517139435,False,0.4780905842781067,0.2959849536418915,0.10837240517139435,True,10.0
2.000000000000001,0.39699429273605347,0.2901465594768524,0.1026734709739685,8.0,0.0286557674407959,0.028561459854245186,-0.0002090930938720703,isaac,hold,0,5,direct,0.5,-0.2,True,True,0.40339213609695435,0.005802440457046032,2.7557875000638887e-05,-1.1920928955078125e-06,True,0.26386263966560364,0.10343778133392334,False,0.425650030374527,0.26386263966560364,0.10343778133392334,True,10.0
2.0,0.3433891534805298,0.24386869370937347,0.12804365158081055,8.0,0.027480144053697586,0.02739369496703148,0.002130270004272461,isaac,hold,0,6,direct,0.5,-0.2,True,True,0.40236330032348633,0.00568272965028882,3.522765473462641e-05,4.76837158203125e-07,True,0.2165454924106598,0.13867759704589844,False,0.37086930871009827,0.2165454924106598,0.13867759704589844,True,10.0
2.000000000000001,0.30291154980659485,0.20132654905319214,0.10841250419616699,7.999999999999999,0.023237591609358788,0.02315087616443634,0.0030733346939086914,isaac,hold,0,7,direct,0.5,-0.2,True,True,0.4044593572616577,0.006404820363968611,2.883654087781906e-05,5.7220458984375e-06,True,0.17820224165916443,0.12211155891418457,False,0.3261491656303406,0.17820224165916443,0.12211155891418457,True,10.0
2.0,0.24758782982826233,0.16913701593875885,0.0007216930389404297,8.0,0.015648582950234413,0.015589642338454723,-0.0005428791046142578,isaac,hold,0,8,direct,0.5,-0.2,True,True,0.40429234504699707,0.006436681840568781,3.0195129511412233e-05,4.0531158447265625e-06,True,0.15433482825756073,0.0518190860748291,False,0.2632364332675934,0.15433482825756073,0.0518190860748291,True,10.0
2.000000000000001,0.6633309721946716,0.5927882194519043,-0.10977375507354736,8.0,0.025006575509905815,0.024777593091130257,0.0052307844161987305,isaac,hold,0,9,direct,0.5,-0.2,True,False,0.4477761387825012,0.0077630700543522835,0.0010256498353555799,-7.832050323486328e-05,True,0.5734539031982422,0.30885154008865356,False,0.6883375644683838,0.5734539031982422,0.30885154008865356,False,10.0
2.0,0.6083397269248962,0.5374402403831482,-0.12164437770843506,6.540000000000001,0.6922279000282288,0.6768330335617065,-0.23813366889953613,isaac,hold,0,10,direct,0.5,-0.2,False,False,0.45253366231918335,0.6458077430725098,0.3928561210632324,-0.2178947925567627,False,0.14363618195056915,0.3597780466079712,False,1.300567626953125,0.14363618195056915,0.3597780466079712,False,8.540000000000001
2.000000000000001,0.5286879539489746,0.48472967743873596,0.019913434982299805,5.499999999999999,0.7456238269805908,0.7357401847839355,-0.45128393173217773,isaac,hold,0,11,direct,0.5,-0.2,False,False,0.4415137767791748,0.6234573721885681,0.5488296151161194,-0.4181039333343506,False,0.2516774833202362,0.43137049674987793,False,1.2743117809295654,0.2516774833202362,0.43137049674987793,False,7.5
2.0,0.573119044303894,0.5086934566497803,-0.08410406112670898,8.0,0.032141320407390594,0.03199087455868721,-0.0033054351806640625,isaac,hold,0,12,direct,0.5,-0.2,True,True,0.42060256004333496,0.006081525236368179,4.747671482618898e-05,0.0,True,0.47673124074935913,0.11870813369750977,False,0.6052603721618652,0.47673124074935913,0.11870813369750977,True,10.0
2.000000000000001,0.6165659427642822,0.519956648349762,-0.1700735092163086,3.26,0.6763201951980591,0.6696866750717163,-0.45215296745300293,isaac,hold,0,13,direct,0.5,-0.2,False,False,0.41498538851737976,0.6153006553649902,0.5344401001930237,-0.4406108856201172,False,0.1587938815355301,0.6222264766693115,False,1.2928861379623413,0.1587938815355301,0.6222264766693115,False,5.260000000000001
2.0,0.540281355381012,0.4445655345916748,-0.22781896591186523,8.0,0.07219652831554413,0.07163098454475403,-0.015904903411865234,isaac,hold,0,14,direct,0.5,-0.2,True,False,0.41937708854675293,0.008596500381827354,0.0010770647786557674,-0.0001246929168701172,True,0.37595969438552856,0.26508212089538574,False,0.6124778985977173,0.37595969438552856,0.26508212089538574,False,10.0
2.000000000000001,0.39321786165237427,0.3856636881828308,-0.026485443115234375,7.999999999999999,0.17332178354263306,0.09968139231204987,0.08724641799926758,isaac,hold,0,15,direct,0.5,-0.2,True,False,0.4070509970188141,0.006268794648349285,0.0005808463902212679,-1.0967254638671875e-05,False,0.4849840998649597,0.10628318786621094,False,0.5665397047996521,0.4849840998649597,0.10628318786621094,False,10.0
2.0,0.3600594997406006,0.24800315499305725,0.029144287109375,8.0,0.10851173102855682,0.10711529850959778,-0.026364564895629883,isaac,hold,1,0,direct,0.5,0.0,True,True,0.40813836455345154,0.008669967763125896,0.0008212398388423026,-0.0013788938522338867,True,0.14791885018348694,0.08905065059661865,False,0.4685712158679962,0.14791885018348694,0.08905065059661865,True,10.0
2.000000000000001,0.3796011507511139,0.3401651084423065,0.0827949047088623,8.0,0.009894275106489658,0.009771670214831829,6.937980651855469e-05,isaac,hold,1,1,direct,0.5,0.0,True,True,0.49139603972435,0.006898487918078899,4.979824007023126e-05,3.0994415283203125e-06,True,0.33041712641716003,0.08438968658447266,False,0.3894954323768616,0.33041712641716003,0.08438968658447266,True,10.0
2.0,0.4200783669948578,0.3413979709148407,0.10574209690093994,8.0,0.0396844819188118,0.03954029455780983,-0.008399367332458496,isaac,hold,1,2,direct,0.5,0.0,True,True,0.47052934765815735,0.008057490922510624,0.0006554699502885342,-5.5670738220214844e-05,True,0.3086448311805725,0.10609984397888184,False,0.459762841463089,0.3086448311805725,0.10609984397888184,True,10.0
2.000000000000001,0.4412544369697571,0.34173816442489624,0.05567312240600586,8.0,0.04134095460176468,0.04130508378148079,-0.006670951843261719,isaac,hold,1,3,direct,0.5,0.0,True,True,0.4401111602783203,0.00707083148881793,2.5162609745166264e-05,-1.4781951904296875e-05,True,0.30812227725982666,0.05991983413696289,False,0.48259541392326355,0.30812227725982666,0.05991983413696289,True,10.000000000000002
2.0,0.4605797529220581,0.3539322018623352,0.15272611379623413,8.0,0.038427095860242844,0.03826984763145447,0.004581272602081299,isaac,hold,1,4,direct,0.5,0.0,True,True,0.413720041513443,0.005755793768912554,2.847442010533996e-05,-2.384185791015625e-07,True,0.3157441318035126,0.15731096267700195,False,0.49900689721107483,0.3157441318035126,0.15731096267700195,True,10.0
2.000000000000001,0.4136601388454437,0.3403674364089966,0.19038784503936768,8.0,0.0380837507545948,0.03783215209841728,0.0019217729568481445,isaac,hold,1,5,direct,0.5,0.0,True,True,0.4022965729236603,0.005883883219212294,0.0003862499142996967,3.0994415283203125e-05,True,0.30396631360054016,0.1923208236694336,False,0.45174387097358704,0.30396631360054016,0.1923208236694336,True,10.0
2.0,0.365441232919693,0.2715912163257599,0.1731879711151123,8.0,0.039095401763916016,0.038811538368463516,0.00214385986328125,isaac,hold,1,6,direct,0.5,0.0,True,True,0.40201500058174133,0.006110362242907286,3.8491391023853794e-05,9.059906005859375e-06,True,0.2330118715763092,0.18683934211730957,False,0.4045366644859314,0.2330118715763092,0.18683934211730957,True,10.0
2.000000000000001,0.32846447825431824,0.2355802208185196,0.17162871360778809,7.999999999999999,0.04065348207950592,0.04048949107527733,0.003160238265991211,isaac,hold,1,7,direct,0.5,0.0,True,True,0.4030483663082123,0.005626368336379528,3.482595639070496e-05,2.4318695068359375e-05,True,0.19590061902999878,0.18863320350646973,False,0.36911797523498535,0.19590061902999878,0.18863320350646973,True,10.0
2.0,0.25905492901802063,0.16067706048488617,0.04862093925476074,8.0,0.017629548907279968,0.017554933205246925,0.0004088878631591797,isaac,hold,1,8,direct,0.5,0.0,True,True,0.4023248553276062,0.006668327376246452,2.8195099730510265e-05,2.6226043701171875e-06,True,0.14357708394527435,0.05410146713256836,False,0.2766844928264618,0.14357708394527435,0.05410146713256836,True,10.0
2.000000000000001,0.6232134699821472,0.569938063621521,-0.0205233097076416,8.0,0.021740110591053963,0.021663397550582886,0.006057262420654297,isaac,hold,1,9,direct,0.5,0.0,True,False,0.4619836211204529,0.0068422784097492695,2.023466004175134e-05,4.76837158203125e-06,True,0.5518091917037964,0.1780991554260254,False,0.6449535489082336,0.5518091917037964,0.1780991554260254,False,10.0
2.0,0.6489697098731995,0.5958622694015503,-0.08270996809005737,8.0,0.0403585284948349,0.040058959275484085,-0.006863951683044434,isaac,hold,1,10,direct,0.5,0.0,True,False,0.4615010917186737,0.007224388886243105,1.5460165741387755e-05,1.4007091522216797e-05,True,0.5563552975654602,0.12472403049468994,False,0.6893283128738403,0.5563552975654602,0.12472403049468994,False,10.0
2.000000000000001,0.5469964146614075,0.4539521038532257,0.030698180198669434,7.999999999999999,0.10690248757600784,0.10531482100486755,-0.02377021312713623,isaac,hold,1,11,direct,0.5,0.0,True,True,0.4422875642776489,0.009092180989682674,0.001199917052872479,-0.0008643865585327148,True,0.3509959578514099,0.1445886492729187,False,0.6538988351821899,0.3509959578514099,0.1445886492729187,True,10.0
2.0,0.5766708850860596,0.5194389224052429,-0.02601468563079834,8.0,0.025277987122535706,0.025157064199447632,-0.001270294189453125,isaac,hold,1,12,direct,0.5,0.0,True,True,0.4222273528575897,0.007102604489773512,3.613947774283588e-05,4.76837158203125e-07,True,0.4946041703224182,0.13820862770080566,False,0.6019488573074341,0.4946041703224182,0.13820862770080566,True,10.0
2.000000000000001,0.5742907524108887,0.4813001751899719,-0.03224062919616699,4.199999999999999,0.7029047012329102,0.6977834701538086,-0.47548985481262207,isaac,hold,1,13,direct,0.5,0.0,False,False,0.4178679287433624,0.654256284236908,0.5677683353424072,-0.45273756980895996,False,0.22035063803195953,0.5077304840087891,False,1.2771954536437988,0.22035063803195953,0.5077304840087891,False,6.2
2.0,0.513880729675293,0.429092139005661,-0.0849699079990387,4.1,0.7114287614822388,0.7045257091522217,-0.45419690012931824,isaac,hold,1,14,direct,0.5,0.0,False,False,0.42003780603408813,0.6265624165534973,0.5497462749481201,-0.43621671199798584,False,0.2758845388889313,0.5391668081283569,False,1.2253096103668213,0.2758845388889313,0.5391668081283569,False,6.1
2.000000000000001,0.35977432131767273,0.2517281472682953,0.028534889221191406,7.999999999999999,0.11918794363737106,0.11753636598587036,-0.029600858688354492,isaac,hold,1,15,direct,0.5,0.0,True,True,0.40811142325401306,0.008807152509689331,0.0009618869516998529,-0.001657247543334961,True,0.14227783679962158,0.08942890167236328,False,0.478962242603302,0.14227783679962158,0.08942890167236328,True,10.0
2.0,0.316491961479187,0.25072020292282104,0.14729046821594238,8.0,0.015714013949036598,0.0156257264316082,-0.0005699396133422852,isaac,hold,2,0,direct,0.5,0.2,True,True,0.4968346953392029,0.006797886919230223,4.210927363601513e-05,-1.3113021850585938e-06,True,0.23551851511001587,0.14744317531585693,False,0.3322059214115143,0.23551851511001587,0.14744317531585693,True,10.0
2.000000000000001,0.431668758392334,0.3415675759315491,0.09851455688476562,8.0,0.03917347639799118,0.03898576274514198,-0.007165193557739258,isaac,hold,2,1,direct,0.5,0.2,True,True,0.476813942193985,0.007739522494375706,0.0004375804855953902,3.039836883544922e-06,True,0.309032142162323,0.09856373071670532,False,0.47084224224090576,0.309032142162323,0.09856373071670532,True,10.0
2.0,0.4598354995250702,0.374098002910614,0.2074350118637085,8.0,0.03734094277024269,0.036999087780714035,0.002559185028076172,isaac,hold,2,2,direct,0.5,0.2,True,False,0.406722754240036,0.005641654133796692,0.00025765440659597516,-8.106231689453125e-06,True,0.33770760893821716,0.21006619930267334,False,0.4971764087677002,0.33770760893821716,0.21006619930267334,False,10.0
2.000000000000001,0.4725702702999115,0.3933468759059906,0.21543633937835693,8.0,0.03094463236629963,0.03072173148393631,0.0025800466537475586,isaac,hold,2,3,direct,0.5,0.2,True,False,0.41971907019615173,0.0061393557116389275,2.476809822837822e-05,3.0994415283203125e-06,True,0.3628331124782562,0.2180185317993164,False,0.5035148859024048,0.3628331124782562,0.2180185317993164,False,10.000000000000002
2.0,0.4434502422809601,0.3727305233478546,0.25692105293273926,8.0,0.0550086572766304,0.054142504930496216,-0.009836316108703613,isaac,hold,2,4,direct,0.5,0.2,True,False,0.39890724420547485,0.005527516361325979,0.0005270967376418412,-5.9604644775390625e-06,True,0.31947576999664307,0.27152132987976074,False,0.4984588921070099,0.31947576999664307,0.27152132987976074,False,10.0
2.000000000000001,0.4702814817428589,0.45815742015838623,0.5382734537124634,8.0,0.07968165725469589,0.07855397462844849,-0.022034406661987305,isaac,hold,2,5,direct,0.5,0.2,True,False,0.405788391828537,0.005224372260272503,0.00011503468704177067,4.5299530029296875e-06,True,0.3822161555290222,0.5623151063919067,False,0.549963116645813,0.3822161555290222,0.5623151063919067,False,10.0
2.0,0.3466414511203766,0.26685336232185364,0.24308276176452637,8.0,0.0668661817908287,0.06622639298439026,-0.0048100948333740234,isaac,hold,2,6,direct,0.5,0.2,True,False,0.40454789996147156,0.00519572664052248,0.00012484756007324904,0.00023484230041503906,True,0.20303136110305786,0.2651865482330322,False,0.4135076105594635,0.20303136110305786,0.2651865482330322,False,10.0
2.000000000000001,0.3065968155860901,0.1879396289587021,0.11348390579223633,7.999999999999999,0.025067651644349098,0.02498643845319748,0.001882314682006836,isaac,hold,2,7,direct,0.5,0.2,True,True,0.41264399886131287,0.0060232640244066715,2.8665255740634166e-05,-7.152557373046875e-07,True,0.16313453018665314,0.12069582939147949,False,0.331664502620697,0.16313453018665314,0.12069582939147949,True,10.0
2.0,0.489219069480896,0.43163371086120605,-0.04086661338806152,8.0,0.017898475751280785,0.017763063311576843,0.0007328987121582031,isaac,hold,2,8,direct,0.5,0.2,True,True,0.49817919731140137,0.005873685237020254,3.9107871998567134e-05,-7.152557373046875e-07,True,0.41594043374061584,0.15265750885009766,False,0.507117509841919,0.41594043374061584,0.15265750885009766,True,10.0
2.000000000000001,0.4965193569660187,0.4491734802722931,0.09296321868896484,8.0,0.016132237389683723,0.01608075387775898,0.001558065414428711,isaac,hold,2,9,direct,0.5,0.2,True,True,0.4953139126300812,0.006191215943545103,2.0681698515545577e-05,-1.1920928955078125e-06,True,0.4349135458469391,0.12051153182983398,False,0.5126516222953796,0.4349135458469391,0.12051153182983398,True,10.0
2.0,0.5490542054176331,0.4554680287837982,0.06885308027267456,8.0,0.0743851289153099,0.07363124936819077,-0.015589132905006409,isaac,hold,2,10,direct,0.5,0.2,True,True,0.4475758969783783,0.008512377738952637,0.0009684698889032006,-0.00028662383556365967,True,0.3832836449146271,0.1742452085018158,False,0.6234393119812012,0.3832836449146271,0.1742452085018158,True,10.0
2.000000000000001,0.5742235779762268,0.5216024518013,0.015459567308425903,7.999999999999999,0.020508330315351486,0.020475100725889206,0.0003782212734222412,isaac,hold,2,11,direct,0.5,0.2,True,False,0.43068453669548035,0.005996995139867067,1.4655704944743775e-05,4.76837158203125e-07,True,0.5022100210189819,0.1519833505153656,False,0.5947319865226746,0.5022100210189819,0.1519833505153656,False,10.0
2.0,0.5754697918891907,0.5197064280509949,0.026408016681671143,8.0,0.022982677444815636,0.022880252450704575,-0.0006244778633117676,isaac,hold,2,12,direct,0.5,0.2,True,True,0.4307660758495331,0.005851488560438156,4.6792003558948636e-05,-1.3113021850585938e-06,True,0.4974234104156494,0.15329772233963013,False,0.5984525084495544,0.4974234104156494,0.15329772233963013,True,10.0
2.000000000000001,0.5681813359260559,0.4779708981513977,0.011209487915039062,8.0,0.08707014471292496,0.0863378494977951,-0.0234830379486084,isaac,hold,2,13,direct,0.5,0.2,True,True,0.42702487111091614,0.009407518431544304,0.001207838417030871,-0.0006477832794189453,True,0.3937736451625824,0.12415885925292969,False,0.6552515029907227,0.3937736451625824,0.12415885925292969,True,10.0
2.0,0.34972384572029114,0.23460040986537933,0.06567928194999695,8.0,0.05316469073295593,0.05270751938223839,-0.01130184531211853,isaac,hold,2,14,direct,0.5,0.2,True,True,0.416459858417511,0.008186208084225655,0.000353919604094699,-0.00010675191879272461,True,0.1832929104566574,0.09899228811264038,False,0.4028885066509247,0.1832929104566574,0.09899228811264038,True,10.0
2.000000000000001,0.3962932229042053,0.35854828357696533,0.15053021907806396,7.999999999999999,0.00967338401824236,0.009556987322866917,0.0004916191101074219,isaac,hold,2,15,direct,0.5,0.2,True,True,0.4924001693725586,0.006297505460679531,4.346977948443964e-05,1.430511474609375e-06,True,0.3490104377269745,0.15102505683898926,False,0.405966579914093,0.3490104377269745,0.15102505683898926,True,10.0
2.0,0.9159613847732544,0.8524801731109619,-0.08010649681091309,3.38,0.7344577312469482,0.7291283011436462,-0.05747699737548828,isaac,hold,3,0,direct,1.0,-0.2,False,False,0.8678512573242188,0.6305692791938782,0.20046401023864746,-0.04120373725891113,False,0.4910544455051422,0.23068571090698242,False,1.650418996810913,0.4910544455051422,0.23068571090698242,False,5.38
2.000000000000001,0.9096285700798035,0.8780390620231628,-0.15528583526611328,8.0,0.01990584284067154,0.019807439297437668,0.0023915767669677734,isaac,hold,3,1,direct,1.0,-0.2,True,False,0.8732320666313171,0.005915953312069178,4.0918799641076475e-05,2.1457672119140625e-06,True,0.8591041564941406,0.17750310897827148,False,0.929534375667572,0.8591041564941406,0.17750310897827148,False,10.0
2.0,0.8698508143424988,0.8403265476226807,-0.11442190408706665,8.0,0.02330123446881771,0.023178761824965477,-0.0016139745712280273,isaac,hold,3,2,direct,1.0,-0.2,True,False,0.8750936985015869,0.006422028876841068,5.1981580327264965e-05,1.5497207641601562e-06,True,0.8173770308494568,0.17425766587257385,False,0.8931520581245422,0.8173770308494568,0.17425766587257385,False,10.0
2.000000000000001,0.5894632935523987,0.5227101445198059,-0.18164896965026855,8.0,0.021118706092238426,0.021073386073112488,0.0024700164794921875,isaac,hold,3,3,direct,1.0,-0.2,True,False,0.922489583492279,0.006920020096004009,1.6436146324849688e-05,2.1457672119140625e-06,True,0.5016995072364807,0.2068924903869629,False,0.6105819344520569,0.5016995072364807,0.2068924903869629,False,10.000000000000002
2.0,0.9068430066108704,0.7977620363235474,-0.2300788164138794,8.0,0.09345043450593948,0.09321215748786926,-0.009174104779958725,isaac,hold,3,4,direct,1.0,-0.2,True,False,0.888411819934845,0.008046929724514484,0.0004973058239556849,-0.00010707834735512733,True,0.7143460512161255,0.34174004197120667,False,1.0002933740615845,0.7143460512161255,0.34174004197120667,False,10.0
2.000000000000001,1.004394292831421,0.9513808488845825,-0.470594197511673,5.92,0.7008911967277527,0.6856933832168579,-0.3044668436050415,isaac,hold,3,5,direct,1.0,-0.2,False,False,0.8639471530914307,0.6409409642219543,0.4372038245201111,-0.28768905997276306,False,0.5480315089225769,0.7750610709190369,False,1.7052855491638184,0.5480315089225769,0.7750610709190369,False,7.920000000000001
2.0,1.0351933240890503,0.9898803234100342,-0.1225423812866211,8.0,0.039867039769887924,0.0398261658847332,-0.0024094581604003906,isaac,hold,3,6,direct,1.0,-0.2,True,False,0.8571696877479553,0.006305622402578592,3.2202024158323184e-05,2.384185791015625e-07,True,0.9531871676445007,0.32492756843566895,False,1.0750603675842285,0.9531871676445007,0.32492756843566895,False,10.0
2.000000000000001,0.8683162331581116,0.8028659224510193,-0.24193215370178223,7.999999999999999,0.07293645292520523,0.07286659628152847,-0.015081644058227539,isaac,hold,3,7,direct,1.0,-0.2,True,False,0.8535124063491821,0.00875738263130188,5.135268656886183e-05,-4.756450653076172e-05,True,0.7505269050598145,0.2915602922439575,False,0.9412527084350586,0.7505269050598145,0.2915602922439575,False,10.0
2.0,0.7670060396194458,0.7260067462921143,0.043770790100097656,8.0,0.1458166390657425,0.1437021940946579,-0.026033401489257812,isaac,hold,3,8,direct,1.0,-0.2,True,False,0.8579575419425964,0.008020234294235706,9.992087143473327e-05,-0.00015044212341308594,True,0.5981821417808533,0.10546684265136719,False,0.9128226637840271,0.5981821417808533,0.10546684265136719,False,10.0
2.000000000000001,0.6864989995956421,0.5862973928451538,0.16751635074615479,8.0,0.04081335291266441,0.040766313672065735,-0.0001760721206665039,isaac,hold,3,9,direct,1.0,-0.2,True,False,0.860237717628479,0.007087464444339275,1.6446845620521344e-05,4.76837158203125e-07,True,0.5470322370529175,0.16925907135009766,False,0.7273123264312744,0.5470322370529175,0.16925907135009766,False,10.0
2.0,0.708069384098053,0.6079004406929016,0.07465612888336182,8.0,0.07061705738306046,0.07034529000520706,-0.0062705278396606445,isaac,hold,3,10,direct,1.0,-0.2,True,False,0.8647887706756592,0.007541369181126356,0.00011742700735339895,-1.1205673217773438e-05,True,0.5434788465499878,0.09522485733032227,False,0.7786863446235657,0.5434788465499878,0.09522485733032227,False,10.0
2.000000000000001,1.3784196376800537,1.3491318225860596,-0.08112919330596924,2.6599999999999993,0.6571061611175537,0.6535979509353638,-0.4329286813735962,isaac,hold,3,11,direct,1.0,-0.2,False,False,0.8951650857925415,0.6284798979759216,0.5367214679718018,-0.4228217601776123,False,0.7674134969711304,0.5383427143096924,False,2.0355257987976074,0.7674134969711304,0.5383427143096924,False,4.66
2.0,0.8957589864730835,0.8258680701255798,-0.0040569305419921875,3.3,0.652468740940094,0.6407626271247864,-0.2489781379699707,isaac,hold,3,12,direct,1.0,-0.2,False,False,0.8864083290100098,0.6176345348358154,0.3685494065284729,-0.23702359199523926,False,0.1875838339328766,0.2530350685119629,False,1.5482275485992432,0.1875838339328766,0.2530350685119629,False,5.3
2.000000000000001,0.9577266573905945,0.8998374938964844,0.2807164192199707,8.0,0.03354942426085472,0.03337778151035309,0.0031359195709228516,isaac,hold,3,13,direct,1.0,-0.2,True,False,0.8705917000770569,0.00626705028116703,5.421489549917169e-05,1.9073486328125e-06,True,0.8687906861305237,0.36477208137512207,False,0.9912760853767395,0.8687906861305237,0.36477208137512207,False,10.0
2.0,0.9385159015655518,0.8627178072929382,0.18123376369476318,8.0,0.06571918725967407,0.06529129296541214,-0.011777520179748535,isaac,hold,3,14,direct,1.0,-0.2,True,False,0.8566808104515076,0.007709200493991375,3.674875188153237e-05,-5.370378494262695e-05,True,0.7977291345596313,0.27237993478775024,False,1.0042351484298706,0.7977291345596313,0.27237993478775024,False,10.0
2.000000000000001,0.900886595249176,0.8286338448524475,0.1050882339477539,3.1000000000000005,0.7130064964294434,0.7089629173278809,-0.35283684730529785,isaac,hold,3,15,direct,1.0,-0.2,False,False,0.860892653465271,0.6594117879867554,0.31523218750953674,-0.33852529525756836,False,0.2970290184020996,0.24774861335754395,False,1.6138931512832642,0.2970290184020996,0.24774861335754395,False,5.100000000000001
2.0,0.8985936641693115,0.8619260191917419,-0.043341755867004395,8.0,0.05392319709062576,0.053456708788871765,-0.01740717887878418,isaac,hold,4,0,direct,1.0,0.0,True,False,0.8631303310394287,0.008083708584308624,0.00010733915405580774,-0.0001685619354248047,True,0.8129700422286987,0.17296230792999268,False,0.9525169730186462,0.8129700422286987,0.17296230792999268,False,10.0
2.000000000000001,0.9318190217018127,0.893741250038147,-0.04148995876312256,8.0,0.026058685034513474,0.02582898736000061,0.001474618911743164,isaac,hold,4,1,direct,1.0,0.0,True,False,0.8669886589050293,0.006551086902618408,0.00015290181909222156,-1.0371208190917969e-05,True,0.8683576583862305,0.10191833972930908,False,0.9578776955604553,0.8683576583862305,0.10191833972930908,False,10.0
2.0,0.8463345170021057,0.8157081604003906,-0.04271113872528076,8.0,0.030640600249171257,0.030535589903593063,-0.006409764289855957,isaac,hold,4,2,direct,1.0,0.0,True,False,0.8707819581031799,0.006569345016032457,4.3344170990167186e-05,-4.887580871582031e-06,True,0.7864066362380981,0.10610735416412354,False,0.8769750595092773,0.7864066362380981,0.10610735416412354,False,10.0
2.000000000000001,0.6004525423049927,0.522607684135437,-0.213331937789917,8.0,0.027039628475904465,0.027011414989829063,-0.0014159679412841797,isaac,hold,4,3,direct,1.0,0.0,True,False,0.9269408583641052,0.0065429178066551685,2.5329803975182585e-05,1.430511474609375e-06,True,0.4971800148487091,0.23726320266723633,False,0.6274921298027039,0.4971800148487091,0.23726320266723633,False,10.000000000000002
2.0,0.8661056160926819,0.7946438789367676,-0.19513964653015137,2.62,0.6927348971366882,0.6788425445556641,-0.25848397612571716,isaac,hold,4,4,direct,1.0,0.0,False,False,0.8833882212638855,0.6457580924034119,0.3793065547943115,-0.25061604380607605,False,0.32636499404907227,0.45362362265586853,False,1.5588403940200806,0.32636499404907227,0.45362362265586853,False,4.62
2.000000000000001,0.9547165036201477,0.8833356499671936,-0.26926934719085693,5.4,0.7118198275566101,0.6952390670776367,-0.23545265197753906,isaac,hold,4,5,direct,1.0,0.0,False,False,0.863554835319519,0.6294623613357544,0.38443878293037415,-0.21474862098693848,False,0.3759894371032715,0.504721999168396,False,1.6665363311767578,0.3759894371032715,0.504721999168396,False,7.400000000000001
2.0,0.959157407283783,0.8990413546562195,-0.23013520240783691,8.0,0.0416535884141922,0.04157157242298126,-1.9788742065429688e-05,isaac,hold,4,6,direct,1.0,0.0,True,False,0.8484899997711182,0.006870489567518234,2.720459633565042e-05,2.384185791015625e-07,True,0.8596621751785278,0.2934403419494629,False,1.000810980796814,0.8596621751785278,0.2934403419494629,False,10.0
2.000000000000001,0.904407262802124,0.8396804928779602,-0.1722393035888672,7.999999999999999,0.07276841998100281,0.07271354645490646,-0.013822436332702637,isaac,hold,4,7,direct,1.0,0.0,True,False,0.8446647524833679,0.009035126306116581,0.00017179918359033763,-1.33514404296875e-05,True,0.7827060222625732,0.24774014949798584,False,0.977175772190094,0.7827060222625732,0.24774014949798584,False,10.0
2.0,0.7137576937675476,0.6322184801101685,0.15482831001281738,8.0,0.04502318426966667,0.04492563381791115,-0.004073143005371094,isaac,hold,4,8,direct,1.0,0.0,True,False,0.8491160869598389,0.007304494269192219,4.3193776946282014e-05,7.152557373046875e-07,True,0.5904926061630249,0.15505766868591309,False,0.7587809562683105,0.5904926061630249,0.15505766868591309,False,10.0
2.000000000000001,0.692768931388855,0.6274961233139038,0.24242746829986572,8.0,0.03375972434878349,0.03369360789656639,-0.003005504608154297,isaac,hold,4,9,direct,1.0,0.0,True,False,0.8555880188941956,0.006552995182573795,2.4511131414328702e-05,-2.384185791015625e-06,True,0.5953050851821899,0.2424527406692505,False,0.7265286445617676,0.5953050851821899,0.2424527406692505,False,10.0
2.0,0.7487837076187134,0.6680445671081543,0.013065457344055176,4.24,0.7475169897079468,0.7307496666908264,-0.24691540002822876,isaac,hold,4,10,direct,1.0,0.0,False,False,0.8569758534431458,0.6418798565864563,0.39235663414001465,-0.2280254364013672,False,0.2227165251970291,0.23384994268417358,False,1.4963006973266602,0.2227165251970291,0.23384994268417358,False,6.24
2.000000000000001,1.6643519401550293,1.6468489170074463,0.37692397832870483,7.999999999999999,0.12636607885360718,0.11391855776309967,-0.008994519710540771,isaac,hold,4,11,direct,1.0,0.0,True,False,0.9030385613441467,0.00758718978613615,0.00011855018965434283,-4.76837158203125e-07,True,1.610236406326294,0.47835028171539307,False,1.7907179594039917,1.610236406326294,0.47835028171539307,False,10.0
2.0,0.9329380989074707,0.8556293845176697,0.1273881196975708,8.0,0.03386455029249191,0.03361543267965317,0.008213639259338379,isaac,hold,4,12,direct,1.0,0.0,True,False,0.885903000831604,0.0074892728589475155,7.819775055395439e-05,1.2159347534179688e-05,True,0.8252341151237488,0.26868200302124023,False,0.9668025374412537,0.8252341151237488,0.26868200302124023,False,10.0
2.000000000000001,0.9827208518981934,0.9127530455589294,0.2981083393096924,8.0,0.03940201178193092,0.03912390395998955,0.0036427974700927734,isaac,hold,4,13,direct,1.0,0.0,True,False,0.8639829158782959,0.007064201403409243,0.00024304758699145168,-7.3909759521484375e-06,True,0.8753446936607361,0.3841714859008789,False,1.022122859954834,0.8753446936607361,0.3841714859008789,False,10.0
2.0,0.9799081683158875,0.8965368270874023,0.23527675867080688,8.0,0.08125922828912735,0.08063177019357681,-0.00918656587600708,isaac,hold,4,14,direct,1.0,0.0,True,False,0.8555709719657898,0.0076387072913348675,0.0003762425621971488,-8.791685104370117e-06,True,0.8159050941467285,0.31209051609039307,False,1.0611673593521118,0.8159050941467285,0.31209051609039307,False,10.0
2.000000000000001,0.9214040040969849,0.8512824773788452,0.1242523193359375,3.4799999999999995,0.7078095078468323,0.7034849524497986,-0.35186171531677246,isaac,hold,4,15,direct,1.0,0.0,False,False,0.8604903817176819,0.6457210779190063,0.3190285265445709,-0.3341023921966553,False,0.2939724624156952,0.24250078201293945,False,1.629213571548462,0.2939724624156952,0.24250078201293945,False,5.48
2.0,0.9260478019714355,0.8939120769500732,0.010862469673156738,8.0,0.028208613395690918,0.027893556281924248,-0.0022873878479003906,isaac,hold,5,0,direct,1.0,0.2,True,False,0.8668408989906311,0.007008658722043037,0.0005862623802386224,-2.765655517578125e-05,True,0.8660573363304138,0.19290006160736084,False,0.9542564153671265,0.8660573363304138,0.19290006160736084,False,10.0
2.000000000000001,0.9182460308074951,0.8797768354415894,0.02768486738204956,8.0,0.02649925835430622,0.026367779821157455,0.00035750865936279297,isaac,hold,5,1,direct,1.0,0.2,True,False,0.8651940822601318,0.0061085037887096405,4.600641841534525e-05,-3.7550926208496094e-06,True,0.8537706136703491,0.14625173807144165,False,0.9447453618049622,0.8537706136703491,0.14625173807144165,False,10.0
2.0,0.8329387903213501,0.7982947826385498,-0.007171273231506348,8.0,0.030709967017173767,0.030574625357985497,-0.004412651062011719,isaac,hold,5,2,direct,1.0,0.2,True,False,0.8734845519065857,0.007270062807947397,4.7033816372277215e-05,-1.0728836059570312e-06,True,0.7683771252632141,0.10882902145385742,False,0.8636487126350403,0.7683771252632141,0.10882902145385742,False,10.0
2.000000000000001,0.6040308475494385,0.5209141969680786,-0.17407405376434326,8.0,0.026641886681318283,0.026597853749990463,-0.00021469593048095703,isaac,hold,5,3,direct,1.0,0.2,True,False,0.9289146065711975,0.007203981745988131,3.1745468731969595e-05,5.960464477539062e-07,True,0.4954800307750702,0.2007356882095337,False,0.6306726932525635,0.4954800307750702,0.2007356882095337,False,10.000000000000002
2.0,0.9168873429298401,0.8677865266799927,-0.12185966968536377,3.7600000000000007,0.7994707822799683,0.7760993838310242,-0.2770504951477051,isaac,hold,5,4,direct,1.0,0.2,False,False,0.8866304755210876,0.6529294848442078,0.37564200162887573,-0.2598055601119995,False,0.3114137351512909,0.39891016483306885,False,1.716357946395874,0.3114137351512909,0.39891016483306885,False,5.760000000000001
2.000000000000001,0.9722561240196228,0.9041109085083008,-0.2722357511520386,5.859999999999999,0.7166066765785217,0.7001432776451111,-0.24674344062805176,isaac,hold,5,5,direct,1.0,0.2,False,False,0.8612892627716064,0.6378946304321289,0.4010950028896332,-0.22604858875274658,False,0.4125880002975464,0.5189791917800903,False,1.6888628005981445,0.4125880002975464,0.5189791917800903,False,7.86
2.0,0.96239173412323,0.8723315596580505,-0.24126243591308594,8.0,0.08196714520454407,0.08190121501684189,-0.010802984237670898,isaac,hold,5,6,direct,1.0,0.2,True,False,0.8435072302818298,0.008308911696076393,2.5660927349235862e-05,-1.3113021850585938e-05,True,0.8072113394737244,0.31675171852111816,False,1.0443588495254517,0.8072113394737244,0.31675171852111816,False,10.0
2.000000000000001,0.8877193331718445,0.8293582201004028,-0.10693693161010742,7.999999999999999,0.06032457575201988,0.060212939977645874,-0.010618209838867188,isaac,hold,5,7,direct,1.0,0.2,True,False,0.8400773406028748,0.0078057353384792805,4.4635566155193374e-05,-1.6927719116210938e-05,True,0.7794585227966309,0.22068572044372559,False,0.9480438828468323,0.7794585227966309,0.22068572044372559,False,10.0
2.0,0.7376421689987183,0.682069718837738,0.1489102840423584,8.0,0.034345317631959915,0.03425752371549606,-0.002161741256713867,isaac,hold,5,8,direct,1.0,0.2,True,False,0.8454656004905701,0.006198391318321228,3.390474012121558e-05,-9.5367431640625e-07,True,0.6495707035064697,0.15025687217712402,False,0.7719874978065491,0.6495707035064697,0.15025687217712402,False,10.0
2.000000000000001,0.7293192148208618,0.6666996479034424,0.29656505584716797,8.0,0.03571268916130066,0.03563176468014717,-0.0031545162200927734,isaac,hold,5,9,direct,1.0,0.2,True,False,0.8587228059768677,0.006424679420888424,2.868978845071979e-05,-4.291534423828125e-06,True,0.6324851512908936,0.29668498039245605,False,0.7650318741798401,0.6324851512908936,0.29668498039245605,False,10.0
2.0,0.7308105826377869,0.6506667733192444,0.19524866342544556,8.0,0.03797992691397667,0.03788159415125847,0.0010289549827575684,isaac,hold,5,10,direct,1.0,0.2,True,False,0.8623403310775757,0.0069649782963097095,4.122784230276011e-05,1.519918441772461e-06,True,0.6130657196044922,0.1973378211259842,False,0.7687904238700867,0.6130657196044922,0.1973378211259842,False,10.0
2.000000000000001,1.4126172065734863,1.3911432027816772,0.12605997920036316,6.38,0.7402988076210022,0.7314074039459229,-0.3272893726825714,isaac,hold,5,11,direct,1.0,0.2,False,False,0.9113908410072327,0.6686494946479797,0.3211170732975006,-0.2902924418449402,False,0.7339984178543091,0.34791868925094604,False,2.1529159545898438,0.7339984178543091,0.34791868925094604,False,8.38
2.0,0.9735605120658875,0.8598672151565552,0.14585143327713013,8.0,0.04576706141233444,0.04539784789085388,0.011841058731079102,isaac,hold,5,12,direct,1.0,0.2,True,False,0.888950765132904,0.007710615172982216,6.12203948548995e-05,-1.1324882507324219e-06,True,0.8190698027610779,0.300195574760437,False,1.0193275213241577,0.8190698027610779,0.300195574760437,False,10.0
2.000000000000001,0.9894691109657288,0.9201110601425171,0.35404300689697266,8.0,0.0419870987534523,0.04183293506503105,0.0006837844848632812,isaac,hold,5,13,direct,1.0,0.2,True,False,0.8676374554634094,0.006210874766111374,8.434375922661275e-05,9.059906005859375e-06,True,0.8795420527458191,0.4240102767944336,False,1.0314562320709229,0.8795420527458191,0.4240102767944336,False,10.0
2.0,1.0027120113372803,0.9257885813713074,0.2750019431114197,8.0,0.1085941269993782,0.10690402239561081,-0.017587214708328247,isaac,hold,5,14,direct,1.0,0.2,True,False,0.8606780171394348,0.009095941670238972,0.0010166963329538703,-0.0002535879611968994,True,0.8190992474555969,0.36432987451553345,False,1.1113061904907227,0.8190992474555969,0.36432987451553345,False,10.0
2.000000000000001,0.9377500414848328,0.8695506453514099,0.14784932136535645,6.54,0.6784230470657349,0.6727661490440369,-0.44272494316101074,isaac,hold,5,15,direct,1.0,0.2,False,False,0.8658064007759094,0.6217336654663086,0.5270974636077881,-0.40725791454315186,False,0.21575376391410828,0.2948756217956543,False,1.6161730289459229,0.21575376391410828,0.2948756217956543,False,8.540000000000001
2.0,0.7955421411659392,0.7610826704883569,-0.1997354533782505,8.0,1.9939961931213877,1.8642171708242459,0.04077865321346241,mujoco,hold,0,0,direct,0.5,-0.2,True,False,0.5432096693684729,0.27257788628089197,0.3207374890010384,-0.02891210285664414,False,2.6252619366818712,0.36458780056499585,False,2.789538334287327,2.6252619366818712,0.36458780056499585,False,10.0
2.0,0.7999604412925325,0.7635007711535079,-0.25764648159697146,7.999999999999999,1.9084027408998505,1.7942771070063586,0.2997683309152306,mujoco,hold,1,0,direct,0.5,-0.2,True,False,0.470411489509953,0.22381561523440435,0.17609450184230546,0.12005724425923603,False,2.5549654189798936,0.3565257181752064,False,2.708363182192383,2.5549654189798936,0.3565257181752064,False,10.0
2.0,0.8822375178571158,0.8376542685796329,-0.3447889388578451,8.0,2.0138761649464225,1.8693693956744142,0.6406792451539713,mujoco,hold,2,0,direct,0.5,0.0,True,False,0.5278009043417877,0.2717130472520867,0.37015214487119646,0.22043297674872386,False,2.7066494930460636,0.35764683383686213,False,2.896113682803538,2.7066494930460636,0.35764683383686213,False,10.0
2.0,0.861974046602201,0.8256980685170329,-0.37503014542735125,7.999999999999999,1.8912155553134078,1.7615920384471273,0.6792084255084654,mujoco,hold,3,0,direct,0.5,0.0,True,False,0.46311695957119786,0.27522632543186815,0.3359215643500856,0.11877885440123226,False,2.571819105813426,0.3786517470977415,False,2.753189601915609,2.571819105813426,0.3786517470977415,False,10.0
2.0,0.7733994948807303,0.7465624792454822,-0.08784029246011738,8.0,1.7865652954435225,1.701358485126111,0.30437883206777583,mujoco,hold,4,0,direct,0.5,0.2,True,False,0.5173643283398113,0.24059713537764293,0.28439997998253186,0.0025210009713787507,False,2.445320430029631,0.29772752414448966,False,2.5599647903242526,2.445320430029631,0.29772752414448966,False,10.0
2.0,0.760437181201749,0.7123406787211368,-0.07274946308985708,7.999999999999999,1.9540953733983566,1.828577871834,0.27390889348686986,mujoco,hold,5,0,direct,0.5,0.2,True,False,0.45308931730738367,0.22760692591833795,0.2680264061294155,0.07741363499076126,False,2.5352363646606055,0.2848774346087497,False,2.7145325546001056,2.5352363646606055,0.2848774346087497,False,10.0
1.1400000000000006,1.198470752668864,1.067612999895628,-0.023962492511346856,0.0,0.0,0.0,0.0,mujoco,hold,6,0,direct,1.0,-0.2,False,False,1.0121077345576297,1.0416624088144895,1.4197368207922554,-0.31442046354440967,False,1.067612999895628,0.5415012344561139,False,1.198470752668864,1.067612999895628,0.5415012344561139,False,1.1400000000000006
2.0,1.2382536018162715,1.2085535067505062,-0.7206991502139757,7.999999999999999,1.8974032258819074,1.7631079206859286,0.6378426886015505,mujoco,hold,7,0,direct,1.0,-0.2,True,False,0.9895378197251896,0.2394476846388433,0.23007351682601276,0.11377211456877445,False,2.971031733276621,0.7750818529300356,True,3.1356568276981784,2.971031733276621,0.7750818529300356,False,10.0
1.46,1.4647641064159476,0.8459565871254451,0.021841838371201128,0.0,0.0,0.0,0.0,mujoco,hold,8,0,direct,1.0,0.0,False,False,0.988836101335019,1.1050617824067739,1.1014229384165486,-0.03858402675265449,False,0.8459565871254451,0.4516807504559761,False,1.4647641064159476,0.8459565871254451,0.4516807504559761,False,1.46
2.0,1.1648544478775176,1.1166527339389418,-0.9349091477321516,7.999999999999999,2.139678025676056,2.0102186793031156,0.08552549265798248,mujoco,hold,9,0,direct,1.0,0.0,True,False,0.9535263179486847,0.29338872864548904,0.3625468060505527,0.022137665369299953,False,2.9633908620008698,1.094810084716113,True,3.3045324735535733,2.9633908620008698,1.094810084716113,False,10.0
2.0,1.2192162496339072,0.8708597977475085,-0.8309581870498484,0.4800000000000004,0.4829048489053502,0.4813246462522028,-0.16172973827143,mujoco,hold,10,0,direct,1.0,0.2,False,False,0.9630197916224807,0.8329846754539806,1.0372477722283526,-1.3664038970545875,False,0.6408366065102263,0.9926879253212784,False,1.7021210985392572,0.6408366065102263,0.9926879253212784,False,2.4800000000000004
2.0,1.0996882989133896,1.062579199888974,-0.15255808128990944,7.999999999999999,1.7760430580666149,1.702114386398207,0.3493575381552434,mujoco,hold,11,0,direct,1.0,0.2,True,False,0.9173263495215536,0.22509533064201875,0.21807244456052266,0.1336070775017637,False,2.727922331195241,0.5501959426737284,True,2.8757313569800047,2.727922331195241,0.5501959426737284,False,10.0
2.0,0.4604814946651459,0.36856505274772644,0.02953815460205078,8.0,0.3996083438396454,0.030736004933714867,0.25361108779907227,isaac,march,0,0,direct,0.5,-0.2,True,False,0.40763217210769653,0.02114899270236492,0.12126430124044418,0.10434770584106445,False,0.3380918502807617,0.28314924240112305,True,0.8600898385047913,0.3380918502807617,0.28314924240112305,False,10.0
2.000000000000001,0.3500312268733978,0.28453704714775085,0.06667447090148926,8.0,0.4037491977214813,0.015700317919254303,0.22530889511108398,isaac,march,0,1,direct,0.5,-0.2,True,False,0.4940495789051056,0.02048143558204174,0.10204160213470459,0.07368314266204834,False,0.2752656042575836,0.29198336601257324,True,0.7537804841995239,0.2752656042575836,0.29198336601257324,False,10.0
2.0,0.5234540104866028,0.4424465298652649,0.12665539979934692,8.0,0.4019916355609894,0.021543214097619057,0.2624102234840393,isaac,march,0,2,direct,0.5,-0.2,True,False,0.469986230134964,0.019295040518045425,0.11052706092596054,0.08312958478927612,False,0.4255238473415375,0.38906562328338623,True,0.9254456758499146,0.4255238473415375,0.38906562328338623,False,10.0
2.000000000000001,0.5360191464424133,0.439155638217926,0.16956138610839844,8.0,0.40301513671875,0.02971513569355011,0.22022771835327148,isaac,march,0,3,direct,0.5,-0.2,True,False,0.43651387095451355,0.019540423527359962,0.10123052448034286,0.05964088439941406,False,0.4198487401008606,0.3897891044616699,True,0.9390342831611633,0.4198487401008606,0.3897891044616699,False,10.000000000000002
2.0,0.5278980731964111,0.45246005058288574,0.1385963410139084,8.0,0.38891589641571045,0.02940843626856804,0.29450723528862,isaac,march,0,4,direct,0.5,-0.2,True,False,0.4125504791736603,0.02032024972140789,0.10439366847276688,0.07981729507446289,False,0.4314945936203003,0.4333568215370178,True,0.9168139100074768,0.4314945936203003,0.4333568215370178,False,10.0
2.000000000000001,0.5339744091033936,0.4432772099971771,0.13329845666885376,8.0,0.3901032507419586,0.02741088718175888,0.2505963444709778,isaac,march,0,5,direct,0.5,-0.2,True,False,0.40339213609695435,0.018991654738783836,0.10717516392469406,0.06618058681488037,False,0.41654080152511597,0.3901289701461792,True,0.9240776300430298,0.41654080152511597,0.3901289701461792,False,10.0
2.0,0.4756629168987274,0.38384655117988586,0.1284329891204834,8.0,0.4085228741168976,0.0235589612275362,0.26175928115844727,isaac,march,0,6,direct,0.5,-0.2,True,False,0.40236330032348633,0.019025275483727455,0.10515899211168289,0.05913186073303223,False,0.3603696823120117,0.3997647762298584,True,0.884185791015625,0.3603696823120117,0.3997647762298584,False,10.0
2.000000000000001,0.40696239471435547,0.32029810547828674,0.13033843040466309,7.999999999999999,0.4041382372379303,0.022356294095516205,0.2664670944213867,isaac,march,0,7,direct,0.5,-0.2,True,False,0.4044593572616577,0.01999184489250183,0.10454383492469788,0.05168449878692627,False,0.3030640184879303,0.4073418378829956,True,0.8111006021499634,0.3030640184879303,0.4073418378829956,False,10.0
2.0,0.33249494433403015,0.22017909586429596,0.0022687911987304688,8.0,0.4079800248146057,0.035478267818689346,0.20787811279296875,isaac,march,0,8,direct,0.5,-0.2,True,False,0.40429234504699707,0.021899443119764328,0.10053525120019913,0.04893970489501953,False,0.21117877960205078,0.2159135341644287,True,0.7404749393463135,0.21117877960205078,0.2159135341644287,False,10.0
2.000000000000001,0.48608556389808655,0.4479367434978485,-0.3266878128051758,8.0,0.4012438952922821,0.04292083904147148,0.2753255367279053,isaac,march,0,9,direct,0.5,-0.2,True,False,0.4477761387825012,0.022620249539613724,0.1103251650929451,0.0835796594619751,False,0.4244537949562073,0.333593487739563,True,0.8873293995857239,0.4244537949562073,0.333593487739563,False,10.0
2.0,0.8214043974876404,0.7219938039779663,-0.2921558618545532,8.0,0.4029862880706787,0.04228948801755905,0.26511967182159424,isaac,march,0,10,direct,0.5,-0.2,True,False,0.45253366231918335,0.021427849307656288,0.10401950776576996,0.06965982913970947,False,0.6814895272254944,0.5303081274032593,True,1.2243907451629639,0.6814895272254944,0.5303081274032593,False,10.0
2.000000000000001,0.7427562475204468,0.6311039924621582,-0.15704739093780518,7.999999999999999,0.410944402217865,0.03770579770207405,0.29903101921081543,isaac,march,0,11,direct,0.5,-0.2,True,False,0.4415137767791748,0.019869813695549965,0.10156954824924469,0.07610952854156494,False,0.5935052633285522,0.3694570064544678,True,1.153700590133667,0.5935052633285522,0.3694570064544678,False,10.0
2.0,0.7964431047439575,0.7084661722183228,0.12845659255981445,8.0,0.41262131929397583,0.031379133462905884,0.22347784042358398,isaac,march,0,12,direct,0.5,-0.2,True,False,0.42060256004333496,0.019767414778470993,0.09210135042667389,0.04278421401977539,False,0.6770910620689392,0.3935096263885498,True,1.2090644836425781,0.6770910620689392,0.3935096263885498,False,10.0
2.000000000000001,0.8333490490913391,0.7543883323669434,0.19992494583129883,8.0,0.40325504541397095,0.03027264215052128,0.21882152557373047,isaac,march,0,13,direct,0.5,-0.2,True,False,0.41498538851737976,0.019697856158018112,0.09828738123178482,0.05603170394897461,False,0.7249158620834351,0.4214344024658203,True,1.23660409450531,0.7249158620834351,0.4214344024658203,False,10.0
2.0,0.7529630661010742,0.6751146912574768,0.046478271484375,8.0,0.3980623483657837,0.03893910348415375,0.2193940281867981,isaac,march,0,14,direct,0.5,-0.2,True,False,0.41937708854675293,0.02131967805325985,0.10766135156154633,0.06960415840148926,False,0.6380284428596497,0.3624589443206787,True,1.151025414466858,0.6380284428596497,0.3624589443206787,False,10.0
2.000000000000001,0.48486363887786865,0.3895643353462219,-0.013908147811889648,7.999999999999999,0.39553093910217285,0.03905501216650009,0.23417282104492188,isaac,march,0,15,direct,0.5,-0.2,True,False,0.4070509970188141,0.021203091368079185,0.11282185465097427,0.08763337135314941,False,0.3530256748199463,0.2218303680419922,True,0.8803946375846863,0.3530256748199463,0.2218303680419922,False,10.0
2.0,0.42147716879844666,0.3197096288204193,0.025748372077941895,8.0,0.40069371461868286,0.03125503286719322,0.24835610389709473,isaac,march,1,0,direct,0.5,0.0,True,False,0.40813836455345154,0.02052151970565319,0.11588876694440842,0.09889888763427734,False,0.28946512937545776,0.2741044759750366,True,0.8221708536148071,0.28946512937545776,0.2741044759750366,False,10.0
2.000000000000001,0.3726576566696167,0.2935451567173004,0.1141737699508667,8.0,0.40204596519470215,0.023656195029616356,0.24433398246765137,isaac,march,1,1,direct,0.5,0.0,True,False,0.49139603972435,0.020056700333952904,0.10316243767738342,0.07966840267181396,False,0.27848413586616516,0.35850775241851807,True,0.7747036218643188,0.27848413586616516,0.35850775241851807,False,10.0
2.0,0.5424615740776062,0.45124882459640503,0.16179132461547852,8.0,0.40005987882614136,0.02607690915465355,0.2534751892089844,isaac,march,1,2,direct,0.5,0.0,True,False,0.47052934765815735,0.020377526059746742,0.10771936178207397,0.07301592826843262,False,0.431941956281662,0.4152665138244629,True,0.9425214529037476,0.431941956281662,0.4152665138244629,False,10.0
2.000000000000001,0.5638266801834106,0.46118342876434326,0.22832798957824707,8.0,0.41153043508529663,0.03754321113228798,0.2340991497039795,isaac,march,1,3,direct,0.5,0.0,True,False,0.4401111602783203,0.02058098092675209,0.10605090856552124,0.06640827655792236,False,0.4259423017501831,0.46242713928222656,True,0.9753570556640625,0.4259423017501831,0.46242713928222656,False,10.000000000000002
2.0,0.5806723237037659,0.4844543933868408,0.22149527072906494,8.0,0.404208242893219,0.04218027740716934,0.24562132358551025,isaac,march,1,4,direct,0.5,0.0,True,False,0.413720041513443,0.020154373720288277,0.10481783747673035,0.07570779323577881,False,0.4445825219154358,0.4675332307815552,True,0.9848805665969849,0.4445825219154358,0.4675332307815552,False,10.0
2.000000000000001,0.5686562061309814,0.46714624762535095,0.21226024627685547,8.0,0.4019887447357178,0.03976327180862427,0.257099986076355,isaac,march,1,5,direct,0.5,0.0,True,False,0.4022965729236603,0.019020752981305122,0.10766974091529846,0.07465982437133789,False,0.42769020795822144,0.4748058319091797,True,0.9706449508666992,0.42769020795822144,0.4748058319091797,False,10.0
2.0,0.5160834193229675,0.41815444827079773,0.1616201400756836,8.0,0.4095950722694397,0.0241163931787014,0.27866411209106445,isaac,march,1,6,direct,0.5,0.0,True,False,0.40201500058174133,0.019305096939206123,0.10197685658931732,0.06043124198913574,False,0.3941090404987335,0.45003175735473633,True,0.9256784915924072,0.3941090404987335,0.45003175735473633,False,10.0
2.000000000000001,0.43899011611938477,0.33526697754859924,0.11756277084350586,7.999999999999999,0.410204142332077,0.0298197939991951,0.2658660411834717,isaac,march,1,7,direct,0.5,0.0,True,False,0.4030483663082123,0.02066572941839695,0.11088134348392487,0.05199742317199707,False,0.3090966045856476,0.39605188369750977,True,0.8491942882537842,0.3090966045856476,0.39605188369750977,False,10.0
2.0,0.34778061509132385,0.22751107811927795,0.019176721572875977,8.0,0.41444987058639526,0.038254838436841965,0.22758197784423828,isaac,march,1,8,direct,0.5,0.0,True,False,0.4023248553276062,0.021236443892121315,0.09890101850032806,0.04701089859008789,False,0.21054096519947052,0.25255417823791504,True,0.7622305154800415,0.21054096519947052,0.25255417823791504,False,10.0
2.000000000000001,0.47612830996513367,0.43544450402259827,-0.22382616996765137,8.0,0.4001389145851135,0.046563759446144104,0.2910752296447754,isaac,march,1,9,direct,0.5,0.0,True,False,0.4619836211204529,0.02201133407652378,0.10230211913585663,0.07193946838378906,False,0.41020458936691284,0.2297753095626831,True,0.8762671947479248,0.41020458936691284,0.2297753095626831,False,10.0
2.0,0.8049749135971069,0.7135197520256042,-0.38176000118255615,8.0,0.4022618532180786,0.042501673102378845,0.2591400146484375,isaac,march,1,10,direct,0.5,0.0,True,False,0.4615010917186737,0.020832393318414688,0.10311034321784973,0.07172811031341553,False,0.6773641705513,0.49687695503234863,True,1.207236886024475,0.6773641705513,0.49687695503234863,False,10.0
2.000000000000001,0.7267559766769409,0.6125952005386353,-0.26934516429901123,7.999999999999999,0.4184521436691284,0.04475325718522072,0.2657989263534546,isaac,march,1,11,direct,0.5,0.0,True,False,0.4422875642776489,0.0194968543946743,0.09674815088510513,0.07213735580444336,False,0.5678499937057495,0.332783579826355,True,1.1452082395553589,0.5678499937057495,0.332783579826355,False,10.0
2.0,0.767259955406189,0.6699969172477722,0.07614171504974365,8.0,0.40535038709640503,0.03676023706793785,0.22178292274475098,isaac,march,1,12,direct,0.5,0.0,True,False,0.4222273528575897,0.020716356113553047,0.10287372767925262,0.05395185947418213,False,0.634240984916687,0.36336958408355713,True,1.1726105213165283,0.634240984916687,0.36336958408355713,False,10.0
2.000000000000001,0.7832130193710327,0.703392744064331,0.2542686462402344,8.0,0.4140222370624542,0.03486455976963043,0.2468249797821045,isaac,march,1,13,direct,0.5,0.0,True,False,0.4178679287433624,0.019513888284564018,0.10144197940826416,0.06436705589294434,False,0.6689782738685608,0.5010936260223389,True,1.197235107421875,0.6689782738685608,0.5010936260223389,False,10.0
2.0,0.7227511405944824,0.6467584371566772,0.16182909905910492,8.0,0.4042438864707947,0.0352761372923851,0.22559593617916107,isaac,march,1,14,direct,0.5,0.0,True,False,0.42003780603408813,0.020873013883829117,0.10394787788391113,0.07267756015062332,False,0.611630916595459,0.387425035238266,True,1.1269949674606323,0.611630916595459,0.387425035238266,False,10.0
2.000000000000001,0.4609399139881134,0.35803818702697754,-0.01950979232788086,7.999999999999999,0.3935707211494446,0.03888450190424919,0.22171640396118164,isaac,march,1,15,direct,0.5,0.0,True,False,0.40811142325401306,0.02040914259850979,0.1081351712346077,0.08513212203979492,False,0.3224690854549408,0.20220661163330078,True,0.8545106649398804,0.3224690854549408,0.20220661163330078,False,10.0
2.0,0.41863539814949036,0.3403652608394623,0.19922232627868652,8.0,0.40152066946029663,0.03061719611287117,0.2551618814468384,isaac,march,2,0,direct,0.5,0.2,True,False,0.4968346953392029,0.020144091919064522,0.11294181644916534,0.09333902597427368,False,0.3170906901359558,0.4543842077255249,True,0.8201560974121094,0.3170906901359558,0.4543842077255249,False,10.0
2.000000000000001,0.5870196223258972,0.5081276893615723,0.2483920454978943,8.0,0.4072156548500061,0.017911134287714958,0.2283882200717926,isaac,march,2,1,direct,0.5,0.2,True,False,0.476813942193985,0.020420264452695847,0.10349519550800323,0.0725984275341034,False,0.5023899078369141,0.4767802655696869,True,0.9942352771759033,0.5023899078369141,0.4767802655696869,False,10.0
2.0,0.6694960594177246,0.5873978137969971,0.4275768995285034,8.0,0.40627849102020264,0.02537134848535061,0.2213897705078125,isaac,march,2,2,direct,0.5,0.2,True,False,0.406722754240036,0.01966194435954094,0.10604749619960785,0.06849384307861328,False,0.5655243992805481,0.6489666700363159,True,1.0757745504379272,0.5655243992805481,0.6489666700363159,False,10.0
2.000000000000001,0.6665229797363281,0.5750237107276917,0.4014260768890381,8.0,0.4021446108818054,0.03419223055243492,0.22071945667266846,isaac,march,2,3,direct,0.5,0.2,True,False,0.41971907019615173,0.018462616950273514,0.0970112755894661,0.06505483388900757,False,0.5457157492637634,0.6221455335617065,True,1.0686676502227783,0.5457157492637634,0.6221455335617065,False,10.000000000000002
2.0,0.6766147017478943,0.5779317617416382,0.303377628326416,8.0,0.4032348096370697,0.045119330286979675,0.2594273090362549,isaac,march,2,4,direct,0.5,0.2,True,False,0.39890724420547485,0.019980955868959427,0.1010565385222435,0.07481503486633301,False,0.5358050465583801,0.5632293224334717,True,1.0798494815826416,0.5358050465583801,0.5632293224334717,False,10.0
2.000000000000001,0.6196311712265015,0.5145710110664368,0.3017970323562622,8.0,0.40501880645751953,0.04048989713191986,0.26103687286376953,isaac,march,2,5,direct,0.5,0.2,True,False,0.405788391828537,0.018898965790867805,0.10719117522239685,0.0682988166809082,False,0.4741370975971222,0.5697668790817261,True,1.0246500968933105,0.4741370975971222,0.5697668790817261,False,10.0
2.0,0.4901084005832672,0.39006876945495605,0.1853492259979248,8.0,0.40887516736984253,0.026767022907733917,0.26432323455810547,isaac,march,2,6,direct,0.5,0.2,True,False,0.40454789996147156,0.0188697949051857,0.10079874098300934,0.05035686492919922,False,0.36331236362457275,0.4627053737640381,True,0.8989835977554321,0.36331236362457275,0.4627053737640381,False,10.0
2.000000000000001,0.38800591230392456,0.29576563835144043,0.14299511909484863,7.999999999999999,0.397381067276001,0.022548537701368332,0.2370004653930664,isaac,march,2,7,direct,0.5,0.2,True,False,0.41264399886131287,0.019979683682322502,0.1027785986661911,0.038082122802734375,False,0.28034427762031555,0.39322996139526367,True,0.7853869795799255,0.28034427762031555,0.39322996139526367,False,10.0
2.0,0.7154586911201477,0.6560492515563965,-0.3023197650909424,8.0,0.4053395688533783,0.03636395186185837,0.22012782096862793,isaac,march,2,8,direct,0.5,0.2,True,False,0.49817919731140137,0.02176859974861145,0.09992665797472,0.046675920486450195,False,0.6320042014122009,0.3754584789276123,True,1.1207983493804932,0.6320042014122009,0.3754584789276123,False,10.0
2.000000000000001,0.49857014417648315,0.45937272906303406,-0.20287561416625977,8.0,0.40232765674591064,0.045056361705064774,0.2719688415527344,isaac,march,2,9,direct,0.5,0.2,True,False,0.4953139126300812,0.021968873217701912,0.10645595192909241,0.06074643135070801,False,0.4296492338180542,0.20920491218566895,True,0.9008978605270386,0.4296492338180542,0.20920491218566895,False,10.0
2.0,0.7316008806228638,0.6613588929176331,-0.35465365648269653,8.0,0.39121073484420776,0.032580748200416565,0.2565403878688812,isaac,march,2,10,direct,0.5,0.2,True,False,0.4475758969783783,0.021312374621629715,0.10145007818937302,0.06306084990501404,False,0.6351057291030884,0.39962416887283325,True,1.1228115558624268,0.6351057291030884,0.39962416887283325,False,10.0
2.000000000000001,0.7566316723823547,0.657762885093689,-0.29997262358665466,7.999999999999999,0.4000266194343567,0.03157654404640198,0.2693657875061035,isaac,march,2,11,direct,0.5,0.2,True,False,0.43068453669548035,0.020364467054605484,0.10127222537994385,0.07142680883407593,False,0.6306629776954651,0.4106941521167755,True,1.156658411026001,0.6306629776954651,0.4106941521167755,False,10.0
2.0,0.7438197731971741,0.6439586281776428,0.05585247278213501,8.0,0.40264448523521423,0.024210141971707344,0.21397215127944946,isaac,march,2,12,direct,0.5,0.2,True,False,0.4307660758495331,0.018950849771499634,0.09199925512075424,0.03937947750091553,False,0.620536208152771,0.31313377618789673,True,1.146464228630066,0.620536208152771,0.31313377618789673,False,10.0
2.000000000000001,0.7410945892333984,0.655458927154541,0.2996037006378174,8.0,0.4152671992778778,0.03868362680077553,0.2176985740661621,isaac,march,2,13,direct,0.5,0.2,True,False,0.42702487111091614,0.01969754323363304,0.09732997417449951,0.055045127868652344,False,0.6177207827568054,0.5184872150421143,True,1.156361699104309,0.6177207827568054,0.5184872150421143,False,10.0
2.0,0.4695623219013214,0.36219605803489685,-0.0860733836889267,8.0,0.3982038199901581,0.04130996763706207,0.2014845758676529,isaac,march,2,14,direct,0.5,0.2,True,False,0.416459858417511,0.020572999492287636,0.10427514463663101,0.07275289297103882,False,0.3325310945510864,0.21102257072925568,True,0.8677660226821899,0.3325310945510864,0.21102257072925568,False,10.0
2.000000000000001,0.3862791061401367,0.31620460748672485,0.14252007007598877,7.999999999999999,0.3916211724281311,0.03444015979766846,0.23917222023010254,isaac,march,2,15,direct,0.5,0.2,True,False,0.4924001693725586,0.0208649393171072,0.10779514163732529,0.08271992206573486,False,0.30413341522216797,0.3816922903060913,True,0.777900218963623,0.30413341522216797,0.3816922903060913,False,10.0
2.0,0.9115955233573914,0.8132899403572083,0.5119967460632324,8.0,0.3984067738056183,0.022586707025766373,0.28186166286468506,isaac,march,3,0,direct,1.0,-0.2,True,False,0.8678512573242188,0.020124725997447968,0.11464651674032211,0.09244155883789062,False,0.7907752394676208,0.7938584089279175,True,1.3100022077560425,0.7907752394676208,0.7938584089279175,False,10.0
2.000000000000001,1.0208327770233154,0.8304625749588013,0.41942501068115234,8.0,0.39217644929885864,0.020055783912539482,0.23090147972106934,isaac,march,3,1,direct,1.0,-0.2,True,False,0.8732320666313171,0.02110927738249302,0.10875546187162399,0.07673287391662598,False,0.81070476770401,0.6503264904022217,True,1.4130094051361084,0.81070476770401,0.6503264904022217,False,10.0
2.0,0.9206538796424866,0.856820285320282,0.7816791534423828,8.0,0.4149796664714813,0.03624609485268593,0.21946942806243896,isaac,march,3,2,direct,1.0,-0.2,True,False,0.8750936985015869,0.019534265622496605,0.10644451528787613,0.07394993305206299,False,0.8253172636032104,1.0011485815048218,True,1.3356335163116455,0.8253172636032104,1.0011485815048218,False,10.0
2.000000000000001,0.711281955242157,0.6439489126205444,0.29072999954223633,8.0,0.40088796615600586,0.0244058296084404,0.21769094467163086,isaac,march,3,3,direct,1.0,-0.2,True,False,0.922489583492279,0.01891479641199112,0.09684699028730392,0.05450296401977539,False,0.6235904693603516,0.5084209442138672,True,1.112169861793518,0.6235904693603516,0.5084209442138672,False,10.000000000000002
2.0,0.9343563914299011,0.855913519859314,0.2845437526702881,8.0,0.3905201256275177,0.03344995155930519,0.274148166179657,isaac,march,3,4,direct,1.0,-0.2,True,False,0.888411819934845,0.019807439297437668,0.09930887073278427,0.0729568600654602,False,0.8225378394126892,0.5590755939483643,True,1.3248764276504517,0.8225378394126892,0.5590755939483643,False,10.0
2.000000000000001,0.957088828086853,0.8737583160400391,-0.022862613201141357,8.0,0.38372647762298584,0.02805446647107601,0.2587907910346985,isaac,march,3,5,direct,1.0,-0.2,True,False,0.8639471530914307,0.018469413742423058,0.11390272527933121,0.07200103998184204,False,0.8503639698028564,0.24245500564575195,True,1.3408153057098389,0.8503639698028564,0.24245500564575195,False,10.0
2.0,0.8817812204360962,0.7808853983879089,0.08557915687561035,8.0,0.40300053358078003,0.02682327851653099,0.24339938163757324,isaac,march,3,6,direct,1.0,-0.2,True,False,0.8571696877479553,0.019066639244556427,0.108183354139328,0.051640987396240234,False,0.7549217939376831,0.34184765815734863,True,1.284781813621521,0.7549217939376831,0.34184765815734863,False,10.0
2.000000000000001,0.7937162518501282,0.6925106644630432,-0.1186288595199585,7.999999999999999,0.40912774205207825,0.026650819927453995,0.23017871379852295,isaac,march,3,7,direct,1.0,-0.2,True,False,0.8535124063491821,0.019579382613301277,0.10049555450677872,0.04134631156921387,False,0.6684697270393372,0.2962876558303833,True,1.2028440237045288,0.6684697270393372,0.2962876558303833,False,10.0
2.0,0.7330659031867981,0.6519860029220581,-0.3818192481994629,8.0,0.39859533309936523,0.03411760926246643,0.22524452209472656,isaac,march,3,8,direct,1.0,-0.2,True,False,0.8579575419425964,0.02213992364704609,0.10196665674448013,0.04907417297363281,False,0.6616148948669434,0.4328920841217041,True,1.131661295890808,0.6616148948669434,0.4328920841217041,False,10.0
2.000000000000001,0.7255261540412903,0.6674766540527344,-0.19469785690307617,8.0,0.39383465051651,0.042294468730688095,0.248590350151062,isaac,march,3,9,direct,1.0,-0.2,True,False,0.860237717628479,0.02313367836177349,0.10508732497692108,0.06864416599273682,False,0.6644532680511475,0.28436899185180664,True,1.1193608045578003,0.6644532680511475,0.28436899185180664,False,10.0
2.0,0.8040337562561035,0.7187309265136719,-0.09785044193267822,8.0,0.38440412282943726,0.03649378940463066,0.2463310956954956,isaac,march,3,10,direct,1.0,-0.2,True,False,0.8647887706756592,0.02106294222176075,0.10111776739358902,0.0701749324798584,False,0.7046617865562439,0.45798444747924805,True,1.188437819480896,0.7046617865562439,0.45798444747924805,False,10.0
2.000000000000001,0.9905211925506592,0.9267502427101135,-0.48302316665649414,7.999999999999999,0.40897998213768005,0.03877535089850426,0.26229381561279297,isaac,march,3,11,direct,1.0,-0.2,True,False,0.8951650857925415,0.019627967849373817,0.0985398143529892,0.07037699222564697,False,0.8975561261177063,0.744330883026123,True,1.3995009660720825,0.8975561261177063,0.744330883026123,False,10.0
2.0,1.0138883590698242,0.9320447444915771,0.18945574760437012,8.0,0.4076182246208191,0.031057696789503098,0.22142577171325684,isaac,march,3,12,direct,1.0,-0.2,True,False,0.8864083290100098,0.019076405093073845,0.09305507689714432,0.03921687602996826,False,0.9014852046966553,0.42201733589172363,True,1.421506643295288,0.9014852046966553,0.42201733589172363,False,10.0
2.000000000000001,0.9177820682525635,0.845155656337738,-0.13704872131347656,8.0,0.39963316917419434,0.031147688627243042,0.24325799942016602,isaac,march,3,13,direct,1.0,-0.2,True,False,0.8705917000770569,0.019442956894636154,0.10028322786092758,0.05962228775024414,False,0.8370290994644165,0.38404417037963867,True,1.3174152374267578,0.8370290994644165,0.38404417037963867,False,10.0
2.0,0.8836153745651245,0.7995781302452087,0.17949026823043823,8.0,0.3902829885482788,0.03320413827896118,0.24732285737991333,isaac,march,3,14,direct,1.0,-0.2,True,False,0.8566808104515076,0.021978875622153282,0.10776558518409729,0.061513543128967285,False,0.77693110704422,0.42681312561035156,True,1.2738983631134033,0.77693110704422,0.42681312561035156,False,10.0
2.000000000000001,0.8911606073379517,0.8092891573905945,0.6721370220184326,7.999999999999999,0.39379292726516724,0.036827120929956436,0.23259520530700684,isaac,march,3,15,direct,1.0,-0.2,True,False,0.860892653465271,0.020472388714551926,0.10766208916902542,0.07886004447937012,False,0.7725275754928589,0.9047322273254395,True,1.2849534749984741,0.7725275754928589,0.9047322273254395,False,10.0
2.0,0.9333298802375793,0.8343180418014526,0.7156044244766235,8.0,0.39291855692863464,0.02391326241195202,0.2889823317527771,isaac,march,4,0,direct,1.0,0.0,True,False,0.8631303310394287,0.019897112622857094,0.11849448829889297,0.10041195154190063,False,0.8111497163772583,1.0045866966247559,True,1.3262484073638916,0.8111497163772583,1.0045866966247559,False,10.0
2.000000000000001,1.0065900087356567,0.860491156578064,0.43308472633361816,8.0,0.40059787034988403,0.0231366865336895,0.22166794538497925,isaac,march,4,1,direct,1.0,0.0,True,False,0.8669886589050293,0.02000671625137329,0.10241873562335968,0.07861191034317017,False,0.837643563747406,0.6547526717185974,True,1.4071879386901855,0.837643563747406,0.6547526717185974,False,10.0
2.0,0.9496425986289978,0.8700321316719055,0.9715226888656616,8.0,0.4376930296421051,0.04495539143681526,0.19134235382080078,isaac,march,4,2,direct,1.0,0.0,True,False,0.8707819581031799,0.01920221373438835,0.10491333156824112,0.07357168197631836,False,0.85075843334198,1.1628650426864624,True,1.3873356580734253,0.85075843334198,1.1628650426864624,False,10.0
2.000000000000001,0.7395965456962585,0.6914969086647034,0.3109276294708252,8.0,0.3964928984642029,0.02749084308743477,0.24550938606262207,isaac,march,4,3,direct,1.0,0.0,True,False,0.9269408583641052,0.019355356693267822,0.10000182688236237,0.06406104564666748,False,0.6804883480072021,0.5564370155334473,True,1.1360894441604614,0.6804883480072021,0.5564370155334473,False,10.000000000000002
2.0,1.0080825090408325,0.9483064413070679,0.3467062711715698,8.0,0.3910972476005554,0.03050311841070652,0.2678433656692505,isaac,march,4,4,direct,1.0,0.0,True,False,0.8833882212638855,0.02020668052136898,0.10086918622255325,0.0736309289932251,False,0.9215977191925049,0.6149767637252808,True,1.3991798162460327,0.9215977191925049,0.6149767637252808,False,10.0
2.000000000000001,0.9806638956069946,0.9096641540527344,0.09098076820373535,8.0,0.37779700756073,0.03189035877585411,0.2907348871231079,isaac,march,4,5,direct,1.0,0.0,True,False,0.863554835319519,0.01853048987686634,0.10547198355197906,0.06801211833953857,False,0.8929181694984436,0.38817477226257324,True,1.3584609031677246,0.8929181694984436,0.38817477226257324,False,10.0
2.0,0.8961037397384644,0.8115584254264832,0.09151101112365723,8.0,0.39207831025123596,0.02048521302640438,0.25519871711730957,isaac,march,4,6,direct,1.0,0.0,True,False,0.8484899997711182,0.019229356199502945,0.10568708181381226,0.05738115310668945,False,0.7911310791969299,0.3593254089355469,True,1.2881821393966675,0.7911310791969299,0.3593254089355469,False,10.0
2.000000000000001,0.8179746270179749,0.710150420665741,-0.034243106842041016,7.999999999999999,0.4109448790550232,0.033333197236061096,0.2583656311035156,isaac,march,4,7,direct,1.0,0.0,True,False,0.8446647524833679,0.019776476547122,0.10525936633348465,0.053258657455444336,False,0.679501473903656,0.2402719259262085,True,1.2289196252822876,0.679501473903656,0.2402719259262085,False,10.0
2.0,0.7299768924713135,0.6224684715270996,-0.17313671112060547,8.0,0.4103969931602478,0.03531760349869728,0.23244571685791016,isaac,march,4,8,direct,1.0,0.0,True,False,0.8491160869598389,0.021421559154987335,0.10013769567012787,0.049304962158203125,False,0.6070732474327087,0.2534506320953369,True,1.140373945236206,0.6070732474327087,0.2534506320953369,False,10.0
2.000000000000001,0.6969137787818909,0.6443604230880737,-0.17133688926696777,8.0,0.39461708068847656,0.04368722066283226,0.30093324184417725,isaac,march,4,9,direct,1.0,0.0,True,False,0.8555880188941956,0.02224685251712799,0.1067604050040245,0.07384061813354492,False,0.639136791229248,0.22707915306091309,True,1.0915307998657227,0.639136791229248,0.22707915306091309,False,10.0
2.0,0.7924654483795166,0.7155019044876099,-0.16595667600631714,8.0,0.3839397430419922,0.037017226219177246,0.24160057306289673,isaac,march,4,10,direct,1.0,0.0,True,False,0.8569758534431458,0.020858094096183777,0.10058721154928207,0.06796622276306152,False,0.7050923109054565,0.39366596937179565,True,1.1764051914215088,0.7050923109054565,0.39366596937179565,False,10.0
2.000000000000001,0.8903367519378662,0.8092980980873108,-0.5050040483474731,7.999999999999999,0.4010528326034546,0.03252551704645157,0.30909931659698486,isaac,march,4,11,direct,1.0,0.0,True,False,0.9030385613441467,0.01962321065366268,0.10605861991643906,0.0830373764038086,False,0.7878089547157288,0.636231541633606,True,1.2913894653320312,0.7878089547157288,0.636231541633606,False,10.0
2.0,1.0571812391281128,0.9757885932922363,0.044379591941833496,8.0,0.4005606472492218,0.024112466722726822,0.2473357915878296,isaac,march,4,12,direct,1.0,0.0,True,False,0.885903000831604,0.019383706152439117,0.10049375891685486,0.055518150329589844,False,0.958469808101654,0.36541426181793213,True,1.4577420949935913,0.958469808101654,0.36541426181793213,False,10.0
2.000000000000001,0.9361405372619629,0.8638986945152283,-0.012405633926391602,8.0,0.4017665386199951,0.03337192162871361,0.2593047618865967,isaac,march,4,13,direct,1.0,0.0,True,False,0.8639829158782959,0.019056981429457664,0.09711489081382751,0.06128358840942383,False,0.8530824780464172,0.3371906280517578,True,1.337907075881958,0.8530824780464172,0.3371906280517578,False,10.0
2.0,0.8897725939750671,0.813875138759613,0.13466405868530273,8.0,0.3926088213920593,0.03337967023253441,0.2613864243030548,isaac,march,4,14,direct,1.0,0.0,True,False,0.8555709719657898,0.021340949460864067,0.10622460395097733,0.07694702595472336,False,0.7906145453453064,0.39605048298835754,True,1.2823814153671265,0.7906145453453064,0.39605048298835754,False,10.0
2.000000000000001,0.8949535489082336,0.8194424510002136,0.6542656421661377,7.999999999999999,0.3978556990623474,0.03589922934770584,0.21967661380767822,isaac,march,4,15,direct,1.0,0.0,True,False,0.8604903817176819,0.020745187997817993,0.10665017366409302,0.07728183269500732,False,0.7836029529571533,0.8739422559738159,True,1.292809247970581,0.7836029529571533,0.8739422559738159,False,10.0
2.0,0.9502385258674622,0.8558335304260254,0.7450083494186401,8.0,0.3955172896385193,0.021471703425049782,0.26921871304512024,isaac,march,5,0,direct,1.0,0.2,True,False,0.8668408989906311,0.020458795130252838,0.11595182120800018,0.09636044502258301,False,0.8350145220756531,1.014227032661438,True,1.3457558155059814,0.8350145220756531,1.014227032661438,False,10.0
2.000000000000001,0.9502270221710205,0.8138731718063354,0.5120182037353516,8.0,0.39075225591659546,0.016084982082247734,0.23803851008415222,isaac,march,5,1,direct,1.0,0.2,True,False,0.8651940822601318,0.020558198913931847,0.10306332260370255,0.07578709721565247,False,0.7991946935653687,0.7500567436218262,True,1.3409792184829712,0.7991946935653687,0.7500567436218262,False,10.0
2.0,1.1113818883895874,0.9053056836128235,1.237252950668335,8.0,0.44365787506103516,0.02187676541507244,0.3214888572692871,isaac,march,5,2,direct,1.0,0.2,True,False,0.8734845519065857,0.02015034854412079,0.10886546969413757,0.06579780578613281,False,0.9056491851806641,1.558741807937622,True,1.555039882659912,0.9056491851806641,1.558741807937622,False,10.0
2.000000000000001,0.7786405086517334,0.7158313989639282,0.40077173709869385,8.0,0.3968498706817627,0.033667631447315216,0.22420674562454224,isaac,march,5,3,direct,1.0,0.2,True,False,0.9289146065711975,0.018711451441049576,0.09633764624595642,0.057804226875305176,False,0.6943486928939819,0.6249784827232361,True,1.175490379333496,0.6943486928939819,0.6249784827232361,False,10.000000000000002
2.0,1.0343328714370728,0.9612569212913513,0.24289119243621826,8.0,0.3880903124809265,0.03469565510749817,0.28426122665405273,isaac,march,5,4,direct,1.0,0.2,True,False,0.8866304755210876,0.0193331278860569,0.09845643490552902,0.07236146926879883,False,0.9315064549446106,0.5274806022644043,True,1.4224231243133545,0.9315064549446106,0.5274806022644043,False,10.0
2.000000000000001,0.9821144342422485,0.9097256660461426,0.12284660339355469,8.0,0.37839460372924805,0.02439361996948719,0.25713038444519043,isaac,march,5,5,direct,1.0,0.2,True,False,0.8612892627716064,0.018333951011300087,0.09454429149627686,0.045798301696777344,False,0.8912935853004456,0.38643789291381836,True,1.3605091571807861,0.8912935853004456,0.38643789291381836,False,10.0
2.0,0.9238535761833191,0.841456949710846,0.0859980583190918,8.0,0.396819144487381,0.0191411841660738,0.2583584785461426,isaac,march,5,6,direct,1.0,0.2,True,False,0.8435072302818298,0.019122129306197166,0.10502707958221436,0.05942058563232422,False,0.8223292231559753,0.3566298484802246,True,1.3206727504730225,0.8223292231559753,0.3566298484802246,False,10.0
2.000000000000001,0.830679714679718,0.7207232117652893,-0.0657196044921875,7.999999999999999,0.4082433581352234,0.030301224440336227,0.25962162017822266,isaac,march,5,7,direct,1.0,0.2,True,False,0.8400773406028748,0.021632052958011627,0.11137871444225311,0.051335811614990234,False,0.6936343908309937,0.267348051071167,True,1.2389230728149414,0.6936343908309937,0.267348051071167,False,10.0
2.0,0.7258641123771667,0.6138614416122437,-0.08230876922607422,8.0,0.41280993819236755,0.03596997633576393,0.22653818130493164,isaac,march,5,8,direct,1.0,0.2,True,False,0.8454656004905701,0.021544422954320908,0.09920354932546616,0.04382681846618652,False,0.5932613611221313,0.15674257278442383,True,1.138674020767212,0.5932613611221313,0.15674257278442383,False,10.0
2.000000000000001,0.704301655292511,0.6363347172737122,-0.16591286659240723,8.0,0.40007302165031433,0.04537788778543472,0.27452683448791504,isaac,march,5,9,direct,1.0,0.2,True,False,0.8587228059768677,0.0218595452606678,0.10701029002666473,0.07262611389160156,False,0.6317896842956543,0.22972822189331055,True,1.104374647140503,0.6317896842956543,0.22972822189331055,False,10.0
2.0,0.7877823710441589,0.7146470546722412,-0.13380274176597595,8.0,0.3842315077781677,0.03853188455104828,0.2574293613433838,isaac,march,5,10,direct,1.0,0.2,True,False,0.8623403310775757,0.02118839882314205,0.1055326908826828,0.06983889639377594,False,0.7041345238685608,0.32248011231422424,True,1.1720139980316162,0.7041345238685608,0.32248011231422424,False,10.0
2.000000000000001,0.8446230292320251,0.754288375377655,-0.4026355743408203,7.999999999999999,0.3987482190132141,0.0316263884305954,0.2817031145095825,isaac,march,5,11,direct,1.0,0.2,True,False,0.9113908410072327,0.019809331744909286,0.1019812524318695,0.07899212837219238,False,0.7331836819648743,0.47064828872680664,True,1.2433712482452393,0.7331836819648743,0.47064828872680664,False,10.0
2.0,1.0483957529067993,0.9640660881996155,0.30308061838150024,8.0,0.41646695137023926,0.032609742134809494,0.19921737909317017,isaac,march,5,12,direct,1.0,0.2,True,False,0.888950765132904,0.019379856064915657,0.0921388790011406,0.04283127188682556,False,0.9314993619918823,0.5106823444366455,True,1.464862585067749,0.9314993619918823,0.5106823444366455,False,10.0
2.000000000000001,0.9406764507293701,0.8652340769767761,0.04401397705078125,8.0,0.39536455273628235,0.02325538732111454,0.24662208557128906,isaac,march,5,13,direct,1.0,0.2,True,False,0.8676374554634094,0.019860804080963135,0.1018582433462143,0.05422782897949219,False,0.8492636680603027,0.360443115234375,True,1.33604097366333,0.8492636680603027,0.360443115234375,False,10.0
2.0,0.9012383818626404,0.8284937739372253,0.16512297093868256,8.0,0.40000730752944946,0.03803757205605507,0.23532840609550476,isaac,march,5,14,direct,1.0,0.2,True,False,0.8606780171394348,0.02005307376384735,0.1061883419752121,0.06297850608825684,False,0.8013209104537964,0.4004513621330261,True,1.3012456893920898,0.8013209104537964,0.4004513621330261,False,10.0
2.000000000000001,0.900240421295166,0.8259362578392029,0.6689656972885132,7.999999999999999,0.3962966501712799,0.03717382252216339,0.23460137844085693,isaac,march,5,15,direct,1.0,0.2,True,False,0.8658064007759094,0.02063598483800888,0.10693317651748657,0.08246707916259766,False,0.788791298866272,0.9035670757293701,True,1.2965372800827026,0.788791298866272,0.9035670757293701,False,10.0
2.0,0.6075931169870075,0.3937477442704894,-0.5466586237785247,8.0,0.9855314883296588,0.5552626476949852,-2.2282315892108264,mujoco,march,0,0,direct,0.5,-0.2,True,False,0.5432096693684729,0.11683276713269314,0.6657110552279212,-0.38371915551402624,False,0.5089621519347571,2.8725873941638334,True,1.5931246053166663,0.5089621519347571,2.8725873941638334,False,10.0
2.0,0.4768339295893376,0.3241146164164128,0.004434082272316786,7.999999999999999,0.9972247575855118,0.5453966939349276,-2.3201181583689054,mujoco,march,1,0,direct,0.5,-0.2,True,False,0.470411489509953,0.11222150203372454,0.7185476272379872,-0.5965905798833306,False,0.24147251268873166,2.4416270343914905,True,1.4740586871748493,0.24147251268873166,2.4416270343914905,False,10.0
2.0,0.5808610350169009,0.378000377623419,-0.31640173602834665,8.0,0.9773104615775227,0.576301963997318,-1.723137893890108,mujoco,march,2,0,direct,0.5,0.0,True,False,0.5278009043417877,0.10533241392378588,0.5628596750470604,-0.22506478599550572,False,0.344783252326081,2.1300240159884103,True,1.5581714965944236,0.344783252326081,2.1300240159884103,False,10.0
2.0,0.46430116961573364,0.3138107062981532,0.1059099658197109,7.999999999999999,0.9984849048029031,0.505340446516864,-2.378826048402686,mujoco,march,3,0,direct,0.5,0.0,True,False,0.46311695957119786,0.1140145261235391,0.6940661613319722,-0.5488835484012835,False,0.27566665833674386,2.3818547003425565,True,1.4627860744186367,0.27566665833674386,2.3818547003425565,False,10.0
2.0,0.7187091236371291,0.3948072752590516,-0.8530314088949265,8.0,0.9686659752167457,0.43941505974769923,-2.1238687088633976,mujoco,march,4,0,direct,0.5,0.2,True,False,0.5173643283398113,0.10660274074203778,0.6004803167142357,-0.35179499802421876,False,0.6046590137097092,3.0644064766445624,True,1.687375098853875,0.6046590137097092,3.0644064766445624,False,10.0
2.0,0.42084125680665374,0.25173932612182315,0.07640654705108174,7.999999999999999,0.9654410774608775,0.5295901478555811,-2.037996969644925,mujoco,march,5,0,direct,0.5,0.2,True,False,0.45308931730738367,0.09133456622095201,0.5042559380535436,-0.28151493307253395,False,0.31378602081743845,2.0625975053683763,True,1.386282334267531,0.31378602081743845,2.0625975053683763,False,10.0
2.0,1.3944172311558298,1.3379667451182022,0.07181920734233582,8.0,0.9463973529335331,0.5244175913481579,-2.486170541472936,mujoco,march,6,0,direct,1.0,-0.2,True,False,1.0121077345576297,0.11911522111287226,0.7065733444996962,-0.4998000764743247,False,0.8479517890148803,2.501448777741684,True,2.3408145840893626,0.8479517890148803,2.501448777741684,False,10.0
2.0,1.9096658053595217,0.9223564274506945,0.015318570916662555,0.5199999999999996,0.6066331205253316,0.6042101324888152,-1.1224243868297559,mujoco,march,7,0,direct,1.0,-0.2,False,False,0.9895378197251896,0.9759730794156608,2.155117252843884,-0.12394966598018753,False,0.44976969678701223,1.235303615804594,True,2.5162989258848527,0.44976969678701223,1.235303615804594,False,2.5199999999999996
2.0,1.2890371268856136,1.1899431283879907,-0.13876240555402264,8.0,0.9920969468146524,0.5694444298649014,-2.407613198850602,mujoco,march,8,0,direct,1.0,0.0,True,False,0.988836101335019,0.11024029384985566,0.6432706704551239,-0.33894460772633384,False,0.7327307932094548,2.6293359730808517,True,2.281134073700266,0.7327307932094548,2.6293359730808517,False,10.0
2.0,1.9699429443463115,0.7657005825288905,-0.06923800713133854,0.23999999999999932,0.3048785928603402,0.30249132866566997,-0.9922576768457079,mujoco,march,9,0,direct,1.0,0.0,False,False,0.9535263179486847,1.0789767935235768,2.6672529262691715,-0.8542939050176126,False,0.4752483972230481,1.104590572609435,True,2.274821537206652,0.4752483972230481,1.104590572609435,False,2.2399999999999993
2.0,1.254897833389277,1.2051401702715134,0.7289625778291429,8.0,0.986762964091146,0.5475497869830215,-2.490434092279084,mujoco,march,10,0,direct,1.0,0.2,True,False,0.9630197916224807,0.10598212209346221,0.5558519414608055,-0.27598171342097366,False,0.695391341728171,1.8472653816857618,True,2.2416607974804226,0.695391341728171,1.8472653816857618,False,10.0
2.0,1.301606372374637,1.1616432498476548,-0.632769506671166,7.999999999999999,0.9672432720650995,0.5276124938124498,-1.9861742298309406,mujoco,march,11,0,direct,1.0,0.2,True,False,0.9173263495215536,0.10592881516388963,0.5318898651972781,-0.24426542433405185,False,1.0032365354724169,2.769232921050324,True,2.2688496444397366,1.0032365354724169,2.769232921050324,False,10.0
