actor,case_id,mode,speed,target,start_yaw,elapsed_s,fall,mean_body_vx,forward_rmse,body_yaw_rmse,world_yaw_rmse,mean_world_wz,final_heading_error_abs,max_tilt_deg
supplied,0,rate,0.5,0.0,0.0,30.0,0,0.6403634787402215,0.14454867706586877,0.747528941560638,0.7547467471403178,0.6633672602663442,,10.431297356981444
supplied,1,rate,0.5,-0.2,0.0,30.0,0,0.6143904963813902,0.11885978258932739,0.7418019992976342,0.7444264635137247,0.4586606427256333,,9.178505256728917
supplied,2,rate,0.5,0.2,0.0,30.0,0,0.5758065755792919,0.082257084188825,0.6833959745568168,0.698401775472864,0.713312948951797,,10.023692631010553
supplied,3,heading,0.5,0.0,0.5,30.0,0,0.5871434983829195,0.09150193754532203,0.7712149253692689,0.7691433766582022,0.01866750041305799,1.3414772520808853,7.668636740897965
supplied,4,heading,0.5,-1.5707963267948966,0.0,30.0,0,0.5821994233025939,0.08665419376869028,0.7674154394532249,0.7652626063962686,0.0038363851327489046,1.339460525635809,6.255347431371118
supplied,5,heading,0.5,1.5707963267948966,0.0,30.0,0,0.5741689754444509,0.07959673769489121,0.7382237795090004,0.7368809669719327,0.051699857785010996,1.3327759596916318,8.932080293741087
supplied,6,rate,1.0,0.0,0.0,30.0,0,1.1223056067776012,0.13041599297159043,0.7603781111689469,0.7647245251349816,0.688170144737337,,10.91074904814116
supplied,7,rate,1.0,-0.2,0.0,30.0,0,1.0876575091836478,0.0949475188243037,0.7861036435321969,0.7887128052214146,0.484376633115522,,9.176447315981424
supplied,8,rate,1.0,0.2,0.0,30.0,0,1.1338744913986092,0.14443580856804422,0.68943257598645,0.6901715615552819,0.7872731840999405,,12.107469423231054
supplied,9,heading,1.0,0.0,0.5,30.0,0,1.0431368239429766,0.05169507793485318,0.815171300820696,0.8143276513391661,0.02090341640627669,1.4199339695065016,7.414365436653409
supplied,10,heading,1.0,-1.5707963267948966,0.0,30.0,0,1.0410252269043598,0.048783376963063896,0.815436619867839,0.8141593996377517,0.0017311264648072777,1.4295790771111887,6.922008142517898
supplied,11,heading,1.0,1.5707963267948966,0.0,30.0,0,1.0510133292043844,0.060857887157680146,0.8199937907761237,0.8195033890941705,0.061444542396250953,1.4261864401934088,9.443808630786622
local,0,rate,0.5,0.0,0.0,30.0,0,0.4365066742260519,0.08307106235742062,0.39689236264433997,0.4150874643212647,-0.3649196948395798,,14.348294410208263
local,1,rate,0.5,-0.2,0.0,30.0,0,0.4572956750564101,0.0714076039791718,0.43212531330652,0.4593481589382956,-0.5717673540063092,,16.46062187358276
local,2,rate,0.5,0.2,0.0,30.0,0,0.4260502187805626,0.08884489807794059,0.3752438196100403,0.381559198025923,-0.13045484922668474,,11.73981339744245
local,3,heading,0.5,0.0,0.5,30.0,0,0.4036199414165531,0.10793749491744228,0.3678046205830363,0.37221258415643926,-0.02349545658516455,0.5807379189169971,12.893861282578964
local,4,heading,0.5,-1.5707963267948966,0.0,30.0,0,0.41580568781919985,0.10819211257764465,0.376838992158854,0.38146954642782277,-0.03419380331988256,0.5802882243985232,12.971228600041334
local,5,heading,0.5,1.5707963267948966,0.0,30.0,0,0.4116206724886425,0.10140894511042449,0.36241368054498974,0.36725004351897633,0.0010076910134207806,0.5729353604164042,10.533153016744109
local,6,rate,1.0,0.0,0.0,30.0,0,1.015721939219327,0.042464105848693506,0.46949059133591386,0.4898295286086715,-0.4553714016529611,,13.173968192719057
local,7,rate,1.0,-0.2,0.0,30.0,0,1.2067121684690558,0.2107239713299921,0.5311728357901064,0.5465947011047938,-0.6972968214816737,,14.483592304567315
local,8,rate,1.0,0.2,0.0,30.0,0,0.9503677677947968,0.06437944181706064,0.4608578926740111,0.47568746410215657,-0.2425589493536909,,11.482041766443318
local,9,heading,1.0,0.0,0.5,30.0,0,1.058246098188345,0.06901938570606607,0.5222969413095933,0.5295357295873939,-0.0370277393821726,0.8621836561443478,12.934004456989458
local,10,heading,1.0,-1.5707963267948966,0.0,30.0,0,1.0636372391940199,0.07859727525132561,0.5167413472338072,0.5244647798085816,-0.0590797486441333,0.8570486817416977,15.473797526165194
local,11,heading,1.0,1.5707963267948966,0.0,30.0,0,0.900704169601816,0.10686340172799089,0.4396133773342232,0.4484486684360378,-0.014209708909892215,0.8009873833101305,9.040080350451245
