actor,body,max_position_error_m,max_rotation_matrix_abs_error
baseline1499,pelvis,0.0,3.006396709359649e-08
baseline1499,left_hip_pitch_link,1.2666427688403316e-06,5.756159593417465e-07
baseline1499,pelvis_contour_link,9.5367431640625e-07,3.0227929936899045e-08
baseline1499,right_hip_pitch_link,1.202631684547814e-06,5.291251942152186e-07
baseline1499,torso_link,9.848303581391754e-07,6.720124964554319e-07
baseline1499,left_hip_roll_link,1.4378582257822627e-06,8.230289058330786e-07
baseline1499,right_hip_roll_link,1.4436760057705352e-06,5.824076707797859e-07
baseline1499,head_link,9.848303581391754e-07,6.518019945445097e-07
baseline1499,imu_link,1.148055252201094e-06,6.720124964554319e-07
baseline1499,left_shoulder_pitch_link,1.3214036745063761e-06,6.626526676128952e-07
baseline1499,logo_link,9.902267292640298e-07,6.720124964554319e-07
baseline1499,right_shoulder_pitch_link,1.6231084560531976e-06,6.344126327328947e-07
baseline1499,left_hip_yaw_link,1.649509007389587e-06,8.910565086409084e-07
baseline1499,right_hip_yaw_link,1.3977644289993751e-06,6.661520123574238e-07
baseline1499,left_shoulder_roll_link,1.629482137225647e-06,6.626526676128952e-07
baseline1499,right_shoulder_roll_link,1.7073953439739734e-06,7.332118628633477e-07
baseline1499,left_knee_link,1.9722618420537112e-06,8.615092840780214e-07
baseline1499,right_knee_link,1.8032253259460805e-06,7.403832525329501e-07
baseline1499,left_shoulder_yaw_link,1.8011459828036277e-06,1.073845918193872e-06
baseline1499,right_shoulder_yaw_link,1.9462079142985073e-06,8.150703086906574e-07
baseline1499,left_ankle_pitch_link,1.5598093629799218e-06,1.1716378936488248e-06
baseline1499,right_ankle_pitch_link,1.74327509261507e-06,1.1149300475589083e-06
baseline1499,left_elbow_pitch_link,1.817544600163779e-06,9.944721760246633e-07
baseline1499,right_elbow_pitch_link,2.3863160991278897e-06,1.2251911113980718e-06
baseline1499,left_ankle_roll_link,1.7539785528660647e-06,1.1178345072360152e-06
baseline1499,right_ankle_roll_link,1.9536489813341493e-06,1.1178490193497481e-06
baseline1499,left_elbow_roll_link,2.057325004179639e-06,1.0473081552553332e-06
baseline1499,right_elbow_roll_link,2.2518185004933895e-06,1.2847957561179513e-06
baseline1499,left_palm_link,1.9766826654134196e-06,1.0439350457969176e-06
baseline1499,right_palm_link,2.4173186735975623e-06,1.2847957561179513e-06
baseline1499,left_five_link,2.188279120551035e-06,1.4484026807926043e-06
baseline1499,left_three_link,2.24182011052467e-06,1.1804348164223821e-06
baseline1499,left_zero_link,2.6958005986742725e-06,1.3906301009336541e-06
baseline1499,right_five_link,2.6454480177804275e-06,1.420475771118923e-06
baseline1499,right_three_link,2.996978548348003e-06,1.5446310349942483e-06
baseline1499,right_zero_link,2.424663744021819e-06,1.5193383777756253e-06
baseline1499,left_six_link,2.049402427259116e-06,1.6298100042611008e-06
baseline1499,left_four_link,2.350797042019923e-06,1.2150170506930458e-06
baseline1499,left_one_link,2.545922965878616e-06,1.288547324285183e-06
baseline1499,right_six_link,3.122801012167372e-06,1.4700452700966427e-06
baseline1499,right_four_link,3.12836554341902e-06,1.5533207320395093e-06
baseline1499,right_one_link,2.2549181488019767e-06,1.5809267743249755e-06
baseline1499,left_two_link,2.761534252317925e-06,1.6456035411283043e-06
baseline1499,right_two_link,2.353054655246048e-06,1.6600634675512094e-06
candidate1999,pelvis,0.0,2.9918903909909034e-08
candidate1999,left_hip_pitch_link,1.184437873255616e-06,5.911190396057364e-07
candidate1999,pelvis_contour_link,2.457562461863554e-07,2.9918903909909034e-08
candidate1999,right_hip_pitch_link,1.2239644866620663e-06,5.526549535783687e-07
candidate1999,torso_link,9.848303581391754e-07,6.826906012169509e-07
candidate1999,left_hip_roll_link,1.5466958644256908e-06,7.645236156650359e-07
candidate1999,right_hip_roll_link,1.491905787644938e-06,6.122945765962839e-07
candidate1999,head_link,9.902267292640298e-07,6.826906012169509e-07
candidate1999,imu_link,1.2153189442420678e-06,6.826906012169509e-07
candidate1999,left_shoulder_pitch_link,1.2464588971805693e-06,6.934382975887221e-07
candidate1999,logo_link,9.848303581391754e-07,6.826906012169509e-07
candidate1999,right_shoulder_pitch_link,1.255090461487491e-06,6.646621688033427e-07
candidate1999,left_hip_yaw_link,1.6847949876160033e-06,7.681846276308413e-07
candidate1999,right_hip_yaw_link,1.9608576773812053e-06,6.746663957155064e-07
candidate1999,left_shoulder_roll_link,1.5715864485605923e-06,7.445055762722586e-07
candidate1999,right_shoulder_roll_link,1.619189201689163e-06,6.86511342939955e-07
candidate1999,left_knee_link,1.596031492650106e-06,7.058324028585972e-07
candidate1999,right_knee_link,2.1026880891576456e-06,6.824176329578435e-07
candidate1999,left_shoulder_yaw_link,1.9565881209506913e-06,7.939548686553e-07
candidate1999,right_shoulder_yaw_link,1.9558471664904196e-06,8.998024261519522e-07
candidate1999,left_ankle_pitch_link,1.7866541306446082e-06,1.1987248882405765e-06
candidate1999,right_ankle_pitch_link,2.3032625312730633e-06,1.2218991426449222e-06
candidate1999,left_elbow_pitch_link,2.2125371699017674e-06,1.2790927145789333e-06
candidate1999,right_elbow_pitch_link,1.9204249878440793e-06,1.080944058401423e-06
candidate1999,left_ankle_roll_link,2.122797800690115e-06,1.2438874529285826e-06
candidate1999,right_ankle_roll_link,2.4920728083192034e-06,1.2238210341797284e-06
candidate1999,left_elbow_roll_link,2.460913929818177e-06,1.3386973592433016e-06
candidate1999,right_elbow_roll_link,2.136195379673758e-06,1.1084713724962558e-06
candidate1999,left_palm_link,2.3632241909030205e-06,1.2731159350631849e-06
candidate1999,right_palm_link,2.3185685401491696e-06,1.1521228444055787e-06
candidate1999,left_five_link,2.665891018821709e-06,1.4340409701940615e-06
candidate1999,left_three_link,2.9146097765759772e-06,1.2967577255607043e-06
candidate1999,left_zero_link,2.483855033418081e-06,1.6954270167790497e-06
candidate1999,right_five_link,2.5902226549879682e-06,1.4119074398799558e-06
candidate1999,right_three_link,2.4978552166095368e-06,1.324992931539537e-06
candidate1999,right_zero_link,2.4924887860269675e-06,1.7430897026882164e-06
candidate1999,left_six_link,2.9056572561116478e-06,1.4893777332547486e-06
candidate1999,left_four_link,3.1814933522089867e-06,1.4450902280083167e-06
candidate1999,left_one_link,2.5408812295816513e-06,1.606771691919917e-06
candidate1999,right_six_link,2.7559512078279854e-06,1.6409443495679632e-06
candidate1999,right_four_link,2.8813855794043714e-06,1.6012436069301472e-06
candidate1999,right_one_link,2.7531083398956702e-06,1.469374561052783e-06
candidate1999,left_two_link,2.98382815008602e-06,1.7707088792451309e-06
candidate1999,right_two_link,2.519709367173216e-06,2.034187805033394e-06
