engine,skill,case,env,protocol,vx,yaw,full,passed,entry_speed_mps,tail_speed_rms,tail_yaw_rms,tail_signed_heading_rad,settled,net_m,heading_excursion_rad,cycles_and_lift,decision_path_m,decision_net_m,decision_heading_excursion_rad,whole_decision_pass,post_duration_s
isaac,hold,0,0,static,0.0,0.0,True,False,0.0,0.0018077304121106863,9.579433390172198e-05,1.6450881958007812e-05,True,0.04447309672832489,0.2921764850616455,False,0.07987942546606064,0.04447309672832489,0.2921764850616455,False,10.0
isaac,hold,0,1,static,0.0,0.0,True,False,0.0,0.0019965858664363623,0.00013130580191500485,-5.841255187988281e-06,True,0.0443747416138649,0.2921854257583618,False,0.08063176274299622,0.0443747416138649,0.2921854257583618,False,10.0
isaac,hold,0,2,static,0.0,0.0,True,False,0.0,0.0017177881672978401,0.00010712882067309693,-1.2993812561035156e-05,True,0.04450793191790581,0.2918636202812195,False,0.07954636961221695,0.04450793191790581,0.2918636202812195,False,10.0
isaac,hold,0,3,static,0.0,0.0,True,False,0.0,0.0019775889813899994,0.00010747835040092468,-4.291534423828125e-06,True,0.044601570814847946,0.291917085647583,False,0.07921438664197922,0.044601570814847946,0.291917085647583,False,10.0
isaac,hold,0,4,static,0.0,0.0,True,False,0.0,0.0015873204683884978,5.4036983783589676e-05,-4.76837158203125e-06,True,0.044675953686237335,0.2919665575027466,False,0.07892154157161713,0.044675953686237335,0.2919665575027466,False,10.0
isaac,hold,0,5,static,0.0,0.0,True,False,0.0,0.0021464175079017878,4.611619806382805e-05,2.7418136596679688e-06,True,0.044463638216257095,0.29221320152282715,False,0.07997620850801468,0.044463638216257095,0.29221320152282715,False,10.0
isaac,hold,0,6,static,0.0,0.0,True,False,0.0,0.0018472656374797225,4.648844333132729e-05,8.106231689453125e-06,True,0.04440227150917053,0.29207301139831543,False,0.07994945347309113,0.04440227150917053,0.29207301139831543,False,10.0
isaac,hold,0,7,static,0.0,0.0,True,False,0.0,0.0017282679909840226,5.0541431846795604e-05,-1.9073486328125e-06,True,0.0446057952940464,0.2920035123825073,False,0.07958485931158066,0.0446057952940464,0.2920035123825073,False,10.0
isaac,hold,0,8,static,0.0,0.0,True,False,0.0,0.0018584689823910594,4.8095043894136325e-05,4.76837158203125e-07,True,0.04449252784252167,0.2923266887664795,False,0.08028589934110641,0.04449252784252167,0.2923266887664795,False,10.0
isaac,hold,0,9,static,0.0,0.0,True,False,0.0,0.0018627315293997526,5.1812981837429106e-05,9.5367431640625e-07,True,0.04450005665421486,0.29232895374298096,False,0.08031662553548813,0.04450005665421486,0.29232895374298096,False,10.0
isaac,hold,0,10,static,0.0,0.0,True,False,0.0,0.001695740851573646,3.6202691262587905e-05,-2.384185791015625e-06,True,0.044628918170928955,0.2918165922164917,False,0.07920750975608826,0.044628918170928955,0.2918165922164917,False,10.0
isaac,hold,0,11,static,0.0,0.0,True,False,0.0,0.0017687963554635644,5.799240170745179e-05,7.152557373046875e-07,True,0.04458218812942505,0.2920958995819092,False,0.07988229393959045,0.04458218812942505,0.2920958995819092,False,10.0
isaac,hold,0,12,static,0.0,0.0,True,False,0.0,0.001986370189115405,7.514924072893336e-05,2.7418136596679688e-06,True,0.04437851533293724,0.29222095012664795,False,0.08068899065256119,0.04437851533293724,0.29222095012664795,False,10.0
isaac,hold,0,13,static,0.0,0.0,True,False,0.0,0.001998271094635129,4.590979006025009e-05,8.58306884765625e-06,True,0.04438348859548569,0.2921741008758545,False,0.08056921511888504,0.04438348859548569,0.2921741008758545,False,10.0
isaac,hold,0,14,static,0.0,0.0,True,False,0.0,0.0020857478957623243,8.261190669145435e-05,6.973743438720703e-06,True,0.04455380141735077,0.29176807403564453,False,0.0795656219124794,0.04455380141735077,0.29176807403564453,False,10.0
isaac,hold,0,15,static,0.0,0.0,True,False,0.0,0.0017679764423519373,8.553642692277208e-05,5.245208740234375e-06,True,0.04459795728325844,0.29202961921691895,False,0.07980773597955704,0.04459795728325844,0.29202961921691895,False,10.0
isaac,hold,1,0,direct,0.5,-0.2,True,False,0.40763217210769653,0.0016330855432897806,0.00011103273573098704,3.0994415283203125e-06,True,0.723051905632019,0.581167459487915,False,0.7850538492202759,0.723051905632019,0.581167459487915,False,10.0
isaac,hold,1,1,direct,0.5,-0.2,False,False,0.4940495789051056,0.6277244687080383,2.7326176166534424,-0.654104471206665,False,1.0346442461013794,0.6333465576171875,False,1.0602518320083618,1.0346442461013794,0.6333465576171875,False,2.420000000000001
isaac,hold,1,2,direct,0.5,-0.2,True,False,0.469986230134964,0.0003799324913416058,9.73568603512831e-05,5.185604095458984e-06,True,0.8432708382606506,0.39790618419647217,False,0.8954152464866638,0.8432708382606506,0.39790618419647217,False,10.0
isaac,hold,1,3,direct,0.5,-0.2,True,False,0.43651387095451355,0.00034341387799941003,4.7387722588609904e-05,-6.67572021484375e-06,True,0.8300378322601318,0.27417635917663574,False,0.8752703070640564,0.8300378322601318,0.27417635917663574,False,10.000000000000002
isaac,hold,1,4,direct,0.5,-0.2,True,False,0.4125504791736603,0.001295909401960671,5.563128797803074e-05,-2.950429916381836e-06,True,0.6200516223907471,0.4548911452293396,False,0.6768269538879395,0.6200516223907471,0.4548911452293396,False,10.0
isaac,hold,1,5,direct,0.5,-0.2,True,False,0.40339213609695435,0.0011832083109766245,4.5798562496202067e-05,-3.2186508178710938e-06,True,0.598092794418335,0.8243917226791382,False,0.623336136341095,0.598092794418335,0.8243917226791382,False,10.0
isaac,hold,1,6,direct,0.5,-0.2,True,False,0.40236330032348633,0.001524846418760717,0.00018376937077846378,-0.00027489662170410156,False,0.960446298122406,0.5562102794647217,False,1.0183303356170654,0.960446298122406,0.5562102794647217,False,10.0
isaac,hold,1,7,direct,0.5,-0.2,True,False,0.4044593572616577,0.0007911233697086573,5.000617966288701e-05,5.0067901611328125e-06,True,0.6819846034049988,0.568169116973877,False,0.7122275829315186,0.6819846034049988,0.568169116973877,False,10.0
isaac,hold,1,8,direct,0.5,-0.2,True,False,0.40429234504699707,0.0024958306457847357,0.0027724746614694595,0.003201723098754883,False,0.32927435636520386,0.17969989776611328,False,0.4374412000179291,0.32927435636520386,0.17969989776611328,False,10.0
isaac,hold,1,9,direct,0.5,-0.2,True,False,0.4477761387825012,0.0013895441079512239,3.612974614952691e-05,3.7550926208496094e-06,True,0.7294049859046936,0.5258533954620361,False,0.7468093633651733,0.7294049859046936,0.5258533954620361,False,10.0
isaac,hold,1,10,direct,0.5,-0.2,False,False,0.45253366231918335,0.4650343358516693,0.6087819337844849,-0.5834636688232422,False,0.5592774748802185,1.0463098287582397,False,1.602859616279602,0.5592774748802185,1.0463098287582397,False,3.6400000000000006
isaac,hold,1,11,direct,0.5,-0.2,True,False,0.4415137767791748,0.0016965310787782073,4.071196599397808e-05,2.384185791015625e-06,True,0.8199815154075623,0.9471590518951416,False,0.8907085657119751,0.8199815154075623,0.9471590518951416,False,10.0
isaac,hold,1,12,direct,0.5,-0.2,True,False,0.42060256004333496,0.0020246838685125113,0.000130775646539405,1.430511474609375e-06,True,1.1294453144073486,1.0928502082824707,False,1.2330584526062012,1.1294453144073486,1.0928502082824707,False,10.0
isaac,hold,1,13,direct,0.5,-0.2,True,False,0.41498538851737976,0.0008140464196912944,0.00011148009798489511,2.384185791015625e-07,True,1.3157958984375,1.1543339490890503,False,1.4036742448806763,1.3157958984375,1.1543339490890503,False,10.0
isaac,hold,1,14,direct,0.5,-0.2,True,False,0.41937708854675293,0.002324486616998911,6.020358341629617e-05,-3.4570693969726562e-06,True,1.0440200567245483,0.8904389142990112,False,1.0712482929229736,1.0440200567245483,0.8904389142990112,False,10.0
isaac,hold,1,15,direct,0.5,-0.2,True,False,0.4070509970188141,0.001106057781726122,5.8784604334505275e-05,5.245208740234375e-06,True,0.8097248077392578,0.4239215850830078,False,0.9444157481193542,0.8097248077392578,0.4239215850830078,False,10.0
isaac,hold,2,0,ramp_0.5,0.5,-0.2,True,False,0.24455071985721588,0.0019993239548057318,0.00011055252980440855,1.341104507446289e-05,True,1.3428715467453003,2.027815103530884,True,2.3775110244750977,1.4984699487686157,1.9556254148483276,False,10.0
isaac,hold,2,1,ramp_0.5,0.5,-0.2,False,False,0.22486872971057892,0.731574535369873,2.244847536087036,0.11470615863800049,False,0.7597521543502808,0.4109306335449219,False,0.9462753534317017,0.8871318101882935,0.48135972023010254,False,1.200000000000001
isaac,hold,2,2,ramp_0.5,0.5,-0.2,False,False,0.2096436768770218,0.7794548869132996,11.276030540466309,-3.882418632507324,False,0.8333929181098938,3.750497341156006,False,1.0347609519958496,0.9627732634544373,3.816406726837158,False,1.2000000000000002
isaac,hold,2,3,ramp_0.5,0.5,-0.2,False,False,0.20201027393341064,0.7370431423187256,2.8386600017547607,0.12268567085266113,False,0.7738170027732849,0.41277360916137695,False,0.9599415063858032,0.8907976150512695,0.47321128845214844,False,1.1800000000000006
isaac,hold,2,4,ramp_0.5,0.5,-0.2,True,False,0.20140567421913147,0.002257509855553508,7.68279132898897e-05,-5.8710575103759766e-06,True,0.16441309452056885,0.362676203250885,False,0.4839720129966736,0.32642945647239685,0.4200582206249237,False,10.0
isaac,hold,2,5,ramp_0.5,0.5,-0.2,True,False,0.24090509116649628,0.0020134185906499624,5.53297322767321e-05,-1.1920928955078125e-06,True,0.09147140383720398,0.3538174629211426,False,0.29893824458122253,0.2659403681755066,0.41415154933929443,False,10.0
isaac,hold,2,6,ramp_0.5,0.5,-0.2,True,False,0.25998321175575256,0.0018623280338943005,4.22968078055419e-05,-4.172325134277344e-06,True,0.10849448293447495,0.40589261054992676,False,0.4425777196884155,0.2768024206161499,0.4630696773529053,False,10.0
isaac,hold,2,7,ramp_0.5,0.5,-0.2,True,False,0.23337750136852264,0.0012104575289413333,6.01158790232148e-05,-6.079673767089844e-06,True,0.1062001958489418,0.4383770227432251,False,0.44199827313423157,0.2695341110229492,0.5019084215164185,False,10.000000000000002
isaac,hold,2,8,ramp_0.5,0.5,-0.2,True,False,0.20709213614463806,0.00229719583876431,8.536352834198624e-05,2.1457672119140625e-06,True,0.09718653559684753,0.42773890495300293,False,0.441775381565094,0.2578136920928955,0.49292492866516113,False,10.0
isaac,hold,2,9,ramp_0.5,0.5,-0.2,True,False,0.18735834956169128,0.0018534500850364566,5.300514749251306e-05,2.8014183044433594e-06,True,0.07523475587368011,0.43798595666885376,False,0.46057504415512085,0.2278835028409958,0.5032581686973572,False,10.0
isaac,hold,2,10,ramp_0.5,0.5,-0.2,True,False,0.18794025480747223,0.001979631371796131,3.2026771805249155e-05,-4.76837158203125e-07,True,0.05595313012599945,0.44769465923309326,False,0.4924980401992798,0.20533201098442078,0.5129088163375854,False,10.0
isaac,hold,2,11,ramp_0.5,0.5,-0.2,True,False,0.19376233220100403,0.0018281912198290229,4.210509723634459e-05,3.5762786865234375e-06,True,0.04859330505132675,0.4495609998703003,False,0.4660596549510956,0.20468080043792725,0.5190541744232178,False,10.0
isaac,hold,2,12,ramp_0.5,0.5,-0.2,True,False,0.19322560727596283,0.0018693351885303855,9.479771688347682e-05,1.6689300537109375e-06,True,0.08057412505149841,0.46021294593811035,False,0.4144534170627594,0.25793641805648804,0.5343430042266846,False,10.0
isaac,hold,2,13,ramp_0.5,0.5,-0.2,True,False,0.19322146475315094,0.0019244436407461762,0.00011758865002775565,1.430511474609375e-06,True,0.09143874049186707,0.451918363571167,False,0.321866899728775,0.2679020166397095,0.5244200229644775,False,10.0
isaac,hold,2,14,ramp_0.5,0.5,-0.2,True,False,0.245732843875885,0.002108156681060791,5.570296707446687e-05,-1.0013580322265625e-05,True,0.10443507879972458,0.4137073755264282,False,0.4440303444862366,0.27431920170783997,0.48676741123199463,False,10.0
isaac,hold,2,15,ramp_0.5,0.5,-0.2,True,False,0.24857445061206818,0.0006539105670526624,0.00011028254812117666,1.1920928955078125e-06,True,1.2560282945632935,1.001525640487671,False,1.7380328178405762,1.430904507637024,0.9286336898803711,False,10.0
isaac,hold,3,0,ramp_1.5,0.5,-0.2,True,False,0.07958763092756271,0.0019254825310781598,7.767420174786821e-05,-1.430511474609375e-06,True,0.06174885481595993,0.42043519020080566,False,0.673819363117218,0.4505006670951843,0.6155917644500732,False,10.0
isaac,hold,3,1,ramp_1.5,0.5,-0.2,True,False,0.06547512114048004,0.0019332636147737503,9.122771007241681e-05,-4.76837158203125e-07,True,0.053255531936883926,0.42624735832214355,False,0.721356213092804,0.4340992867946625,0.615039587020874,False,10.000000000000004
isaac,hold,3,2,ramp_1.5,0.5,-0.2,False,False,0.05518031865358353,0.579982340335846,0.36954474449157715,0.08533599972724915,False,0.8490766882896423,0.1812838912010193,False,1.28009831905365,0.9305821657180786,0.36752232909202576,False,2.7200000000000006
isaac,hold,3,3,ramp_1.5,0.5,-0.2,True,False,0.06273462623357773,0.0020444567780941725,5.352273365133442e-05,8.344650268554688e-06,True,0.0337212048470974,0.44956374168395996,False,0.6561201810836792,0.4412350654602051,0.6453516483306885,False,10.000000000000002
isaac,hold,3,4,ramp_1.5,0.5,-0.2,True,False,0.05270744860172272,0.0019911346025764942,6.801730341976508e-05,3.814697265625e-06,True,0.08103963732719421,0.41938427090644836,False,0.5634014010429382,0.48744723200798035,0.612783670425415,False,10.0
isaac,hold,3,5,ramp_1.5,0.5,-0.2,True,False,0.1287507563829422,0.002221600851044059,5.800917278975248e-05,7.897615432739258e-07,True,0.11554419994354248,0.4026627540588379,False,0.6748549342155457,0.5001803040504456,0.5908383131027222,False,10.0
isaac,hold,3,6,ramp_1.5,0.5,-0.2,True,False,0.12582822144031525,0.0007156201754696667,0.00011196653940714896,-7.867813110351562e-06,True,1.345937728881836,0.5282974243164062,False,1.9772940874099731,1.7557969093322754,0.5958847999572754,False,10.0
isaac,hold,3,7,ramp_1.5,0.5,-0.2,False,False,0.09795308113098145,0.8132513165473938,10.199482917785645,1.7704421281814575,False,1.103184461593628,1.8035635948181152,False,1.5498567819595337,1.4415996074676514,1.6235475540161133,False,1.4800000000000004
isaac,hold,3,8,ramp_1.5,0.5,-0.2,False,False,0.09698516875505447,0.6920612454414368,17.348163604736328,2.3523881435394287,False,0.7329258322715759,2.4188265800476074,False,1.1729356050491333,1.0400965213775635,2.237699270248413,False,1.2000000000000002
isaac,hold,3,9,ramp_1.5,0.5,-0.2,False,False,0.08869623392820358,0.8112037181854248,15.910036087036133,-5.598679065704346,False,1.0010755062103271,5.54756498336792,False,1.4521586894989014,1.3188484907150269,5.730076313018799,False,1.2999999999999998
isaac,hold,3,10,ramp_1.5,0.5,-0.2,False,False,0.07804138958454132,0.7045856714248657,3.246617555618286,0.32050299644470215,False,0.7160410284996033,0.47137558460235596,False,1.1599571704864502,1.0197641849517822,0.6544936895370483,False,1.200000000000001
isaac,hold,3,11,ramp_1.5,0.5,-0.2,True,False,0.06601191312074661,0.002200986025854945,4.252075814292766e-05,-1.1920928955078125e-06,True,0.1136128380894661,0.39436161518096924,False,0.6524755358695984,0.5199298858642578,0.5834112167358398,False,10.000000000000002
isaac,hold,3,12,ramp_1.5,0.5,-0.2,True,False,0.13213621079921722,0.0019139657961204648,0.0001541938545415178,-4.291534423828125e-06,True,0.0784652903676033,0.40166616439819336,False,0.5529058575630188,0.4936229884624481,0.5916502475738525,False,10.0
isaac,hold,3,13,ramp_1.5,0.5,-0.2,True,False,0.14267376065254211,0.0023971032351255417,0.0001060749709722586,-8.344650268554688e-07,True,0.07361380010843277,0.4006892442703247,False,0.6680529117584229,0.4817149341106415,0.6048489809036255,False,10.0
isaac,hold,3,14,ramp_1.5,0.5,-0.2,True,False,0.12235605716705322,0.0023559010587632656,5.716461600968614e-05,-2.1457672119140625e-06,True,0.07731784880161285,0.4059920310974121,False,0.6728723049163818,0.48151102662086487,0.5989625453948975,False,10.0
isaac,hold,3,15,ramp_1.5,0.5,-0.2,True,False,0.07953952252864838,0.0018443427979946136,0.00010570292943157256,-3.0994415283203125e-06,True,0.06335728615522385,0.41861438751220703,False,0.6731221675872803,0.4513150751590729,0.6179835796356201,False,10.0
isaac,hold,4,0,direct,0.5,0.0,True,False,0.40813836455345154,0.00047257740516215563,8.714161958778277e-05,-1.1205673217773438e-05,True,0.9127108454704285,0.6823998689651489,False,1.072585940361023,0.9127108454704285,0.6823998689651489,False,10.0
isaac,hold,4,1,direct,0.5,0.0,True,False,0.49139603972435,0.0007484887028113008,0.0002259760076412931,-0.00022280216217041016,True,0.3932631313800812,0.22402727603912354,False,0.5432003736495972,0.3932631313800812,0.22402727603912354,False,10.0
isaac,hold,4,2,direct,0.5,0.0,True,False,0.47052934765815735,0.0006586481467820704,0.00018462394655216485,1.9431114196777344e-05,True,0.8622462153434753,0.6203968524932861,False,0.9150944352149963,0.8622462153434753,0.6203968524932861,False,10.0
isaac,hold,4,3,direct,0.5,0.0,True,False,0.4401111602783203,0.0019244214054197073,5.768832488683984e-05,9.059906005859375e-06,True,0.820591926574707,0.22964155673980713,False,0.881690502166748,0.820591926574707,0.22964155673980713,False,10.000000000000002
isaac,hold,4,4,direct,0.5,0.0,True,False,0.413720041513443,0.0012686083791777492,7.425931107718498e-05,-1.4901161193847656e-05,True,0.9375879764556885,1.1144810914993286,False,1.0249478816986084,0.9375879764556885,1.1144810914993286,False,10.0
isaac,hold,4,5,direct,0.5,0.0,True,False,0.4022965729236603,0.00105870864354074,3.8710095395799726e-05,5.4836273193359375e-06,True,0.635163426399231,0.862019419670105,False,0.6657655239105225,0.635163426399231,0.862019419670105,False,10.0
isaac,hold,4,6,direct,0.5,0.0,True,False,0.40201500058174133,0.001180985476821661,4.430334593052976e-05,-2.384185791015625e-06,True,0.6579354405403137,0.8561484813690186,False,0.6905577778816223,0.6579354405403137,0.8561484813690186,False,10.0
isaac,hold,4,7,direct,0.5,0.0,True,False,0.4030483663082123,0.0008589659119024873,0.00010017401655204594,5.0067901611328125e-06,True,0.8368156552314758,0.8992266654968262,False,0.8818612694740295,0.8368156552314758,0.8992266654968262,False,10.0
isaac,hold,4,8,direct,0.5,0.0,True,False,0.4023248553276062,0.0003878825227729976,9.33318369789049e-05,-3.814697265625e-06,True,0.38068872690200806,0.2623448371887207,False,0.4975840449333191,0.38068872690200806,0.2623448371887207,False,10.0
isaac,hold,4,9,direct,0.5,0.0,True,False,0.4619836211204529,0.002139739692211151,3.60468948201742e-05,-1.5497207641601562e-06,True,0.6647692322731018,0.5259109735488892,False,0.7027800679206848,0.6647692322731018,0.5259109735488892,False,10.0
isaac,hold,4,10,direct,0.5,0.0,True,False,0.4615010917186737,0.000880399311427027,0.0001330356753896922,-2.002716064453125e-05,True,0.8004465103149414,0.7053556442260742,False,0.8473976254463196,0.8004465103149414,0.7053556442260742,False,10.0
isaac,hold,4,11,direct,0.5,0.0,True,False,0.4422875642776489,0.0009920821757987142,3.626579200499691e-05,-4.76837158203125e-07,True,0.866062343120575,0.881808876991272,False,0.9127172231674194,0.866062343120575,0.881808876991272,False,10.0
isaac,hold,4,12,direct,0.5,0.0,True,False,0.4222273528575897,0.0008510056068189442,7.45783545426093e-05,5.0067901611328125e-06,True,1.0564535856246948,0.965149998664856,False,1.1007664203643799,1.0564535856246948,0.965149998664856,False,10.0
isaac,hold,4,13,direct,0.5,0.0,True,False,0.4178679287433624,0.0007399045280180871,7.684557931497693e-05,-1.71661376953125e-05,True,1.1826831102371216,0.9857382774353027,False,1.238715410232544,1.1826831102371216,0.9857382774353027,False,10.0
isaac,hold,4,14,direct,0.5,0.0,True,False,0.42003780603408813,0.0015620479825884104,3.782769636018202e-05,1.1920928955078125e-07,True,0.8793781399726868,1.133545994758606,False,1.0053329467773438,0.8793781399726868,1.133545994758606,False,10.0
isaac,hold,4,15,direct,0.5,0.0,True,False,0.40811142325401306,0.0005308918189257383,8.495046495227143e-05,2.6226043701171875e-06,True,1.0239436626434326,0.5980854034423828,False,1.0662167072296143,1.0239436626434326,0.5980854034423828,False,10.0
isaac,hold,5,0,ramp_0.5,0.5,0.0,True,False,0.266350120306015,0.0011170244542881846,5.963119474472478e-05,-2.1457672119140625e-06,True,1.0847281217575073,0.4506509304046631,False,1.3566752672195435,1.2625280618667603,0.4702209234237671,False,10.0
isaac,hold,5,1,ramp_0.5,0.5,0.0,False,False,0.23581834137439728,0.783061683177948,14.508674621582031,-3.07598876953125,False,1.1703248023986816,3.0603866577148438,False,1.369803547859192,1.3153473138809204,3.0749154090881348,False,1.4800000000000004
isaac,hold,5,2,ramp_0.5,0.5,0.0,False,False,0.21715959906578064,0.7785965800285339,20.26478385925293,-9.15306282043457,False,1.1591891050338745,9.1387939453125,False,1.3592058420181274,1.2988239526748657,9.151512145996094,False,1.4000000000000004
isaac,hold,5,3,ramp_0.5,0.5,0.0,False,False,0.21076682209968567,0.6998363137245178,14.467865943908691,-3.5967910289764404,False,0.760189950466156,3.5870251655578613,False,0.9567969441413879,0.8897756338119507,3.5956530570983887,False,1.200000000000001
isaac,hold,5,4,ramp_0.5,0.5,0.0,True,False,0.2077683061361313,0.0020387356635183096,6.66180785628967e-05,-7.539987564086914e-06,True,0.1702144294977188,0.3592895567417145,False,0.4983014464378357,0.3341089189052582,0.3650902807712555,False,10.0
isaac,hold,5,5,ramp_0.5,0.5,0.0,True,False,0.24463973939418793,0.0018271643202751875,5.817105557071045e-05,6.67572021484375e-06,True,0.09105271100997925,0.3474915027618408,False,0.30219489336013794,0.2684808075428009,0.35083651542663574,False,10.0
isaac,hold,5,6,ramp_0.5,0.5,0.0,True,False,0.25576817989349365,0.00131195317953825,6.465479236794636e-05,1.430511474609375e-06,True,0.10603029280900955,0.4059627056121826,False,0.4451790452003479,0.27843016386032104,0.4126114845275879,False,10.0
isaac,hold,5,7,ramp_0.5,0.5,0.0,True,False,0.2528219521045685,0.0015868012560531497,4.933340460411273e-05,4.649162292480469e-06,True,0.11095945537090302,0.41013991832733154,False,0.4627527892589569,0.28291651606559753,0.41516339778900146,False,10.000000000000002
isaac,hold,5,8,ramp_0.5,0.5,0.0,True,False,0.21904650330543518,0.0022474348079413176,9.317341027781367e-05,-6.198883056640625e-06,True,0.08772261440753937,0.4349548816680908,False,0.4357854723930359,0.2458280771970749,0.44019079208374023,False,10.0
isaac,hold,5,9,ramp_0.5,0.5,0.0,True,False,0.20623059570789337,0.0020750679541379213,6.67534040985629e-05,-4.410743713378906e-06,True,0.07799313217401505,0.43734920024871826,False,0.4629219174385071,0.23466891050338745,0.44600915908813477,False,10.0
isaac,hold,5,10,ramp_0.5,0.5,0.0,True,False,0.20433737337589264,0.0018022569129243493,4.603985871654004e-05,3.5762786865234375e-07,True,0.061865124851465225,0.43967390060424805,False,0.4996127188205719,0.21680806577205658,0.4528679847717285,False,10.0
isaac,hold,5,11,ramp_0.5,0.5,0.0,True,False,0.20808395743370056,0.0019256997620686889,3.891852975357324e-05,-5.841255187988281e-06,True,0.05067383497953415,0.4487431049346924,False,0.4895651042461395,0.21238736808300018,0.46398472785949707,False,10.0
isaac,hold,5,12,ramp_0.5,0.5,0.0,True,False,0.20679709315299988,0.002004005713388324,7.001206540735438e-05,1.1444091796875e-05,True,0.08553005754947662,0.46498966217041016,False,0.42343008518218994,0.26660215854644775,0.4822148084640503,False,10.0
isaac,hold,5,13,ramp_0.5,0.5,0.0,True,False,0.20618505775928497,0.002294359030202031,8.47680785227567e-05,1.430511474609375e-06,True,0.09272019565105438,0.45224738121032715,False,0.3252387046813965,0.2723044753074646,0.47066426277160645,False,10.0
isaac,hold,5,14,ramp_0.5,0.5,0.0,True,False,0.2819708585739136,0.002115255454555154,4.6551769628422335e-05,-9.715557098388672e-06,True,0.1261020451784134,0.39840322732925415,False,0.49823135137557983,0.294384628534317,0.4165228605270386,False,10.0
isaac,hold,5,15,ramp_0.5,0.5,0.0,False,False,0.2658195495605469,0.7877883911132812,3.4497907161712646,0.6204705238342285,False,1.4920790195465088,0.6581070423126221,True,1.7903962135314941,1.6713950634002686,0.6400330066680908,False,2.6000000000000014
isaac,hold,6,0,ramp_1.5,0.5,0.0,True,False,0.08318459242582321,0.001756114768795669,9.049214713741094e-05,9.5367431640625e-06,True,0.06244242191314697,0.4104670286178589,False,0.6964569687843323,0.45848509669303894,0.44543254375457764,False,10.0
isaac,hold,6,1,ramp_1.5,0.5,0.0,False,False,0.06591297686100006,0.587594211101532,0.32529234886169434,0.11490607261657715,False,0.8769991993904114,0.2508808374404907,False,1.3256103992462158,1.0015474557876587,0.28506791591644287,False,3.7
isaac,hold,6,2,ramp_1.5,0.5,0.0,False,False,0.055625028908252716,0.5469841957092285,0.40668171644210815,0.10338902473449707,False,0.7888790965080261,0.1738489866256714,False,1.22544527053833,0.8226335048675537,0.20842432975769043,False,2.42
isaac,hold,6,3,ramp_1.5,0.5,0.0,True,False,0.058648839592933655,0.0018006338505074382,6.222625233931467e-05,9.5367431640625e-07,True,0.03531757742166519,0.45397329330444336,False,0.6580935120582581,0.45306599140167236,0.487093448638916,False,10.000000000000002
isaac,hold,6,4,ramp_1.5,0.5,0.0,True,False,0.054223041981458664,0.002141313860192895,6.552888953592628e-05,-3.6954879760742188e-06,True,0.08057638257741928,0.42394599318504333,False,0.561761200428009,0.4961588680744171,0.4546118676662445,False,10.0
isaac,hold,6,5,ramp_1.5,0.5,0.0,True,False,0.12504436075687408,0.009224312379956245,0.007791030220687389,0.01388329267501831,True,0.1537485271692276,0.3774716258049011,False,0.7608764171600342,0.5314835906028748,0.40090125799179077,False,10.0
isaac,hold,6,6,ramp_1.5,0.5,0.0,True,False,0.13302847743034363,0.0010345082264393568,7.284129969775677e-05,1.8596649169921875e-05,True,1.2859046459197998,0.3791537284851074,False,1.937369465827942,1.7081443071365356,0.4055027961730957,False,10.0
isaac,hold,6,7,ramp_1.5,0.5,0.0,False,False,0.1107432097196579,0.7864915132522583,4.384748935699463,1.260746955871582,False,1.09486985206604,1.2716326713562012,False,1.5506863594055176,1.4530092477798462,1.257448673248291,False,1.4800000000000004
isaac,hold,6,8,ramp_1.5,0.5,0.0,False,False,0.08550629764795303,0.7761695384979248,20.668712615966797,-2.944366931915283,False,1.1145691871643066,2.936613082885742,False,1.5712953805923462,1.4591606855392456,2.9506375789642334,False,1.4200000000000008
isaac,hold,6,9,ramp_1.5,0.5,0.0,False,False,0.08758077770471573,0.8637523651123047,11.051247596740723,1.3609696626663208,False,1.0777575969696045,1.372338056564331,False,1.5458430051803589,1.440556526184082,1.3506486415863037,False,1.4000000000000012
isaac,hold,6,10,ramp_1.5,0.5,0.0,False,False,0.07846393436193466,0.7891598343849182,14.208056449890137,0.5083575248718262,False,0.963798463344574,1.4122484922409058,False,1.4265738725662231,1.3021665811538696,1.437681794166565,False,1.3800000000000008
isaac,hold,6,11,ramp_1.5,0.5,0.0,True,False,0.0683448314666748,0.0022981951478868723,3.1612224120181054e-05,2.384185791015625e-07,True,0.12762358784675598,0.38531494140625,False,0.6843357086181641,0.5383331179618835,0.4092797040939331,False,10.000000000000002
isaac,hold,6,12,ramp_1.5,0.5,0.0,True,False,0.10513448715209961,0.0018451219657436013,7.173672929638997e-05,3.6954879760742188e-06,True,0.07735761255025864,0.3990832567214966,False,0.5546687841415405,0.5004370808601379,0.42607223987579346,False,10.0
isaac,hold,6,13,ramp_1.5,0.5,0.0,True,False,0.1405850499868393,0.002261103130877018,8.642826287541538e-05,8.821487426757812e-06,True,0.07353449612855911,0.4050333499908447,False,0.6742136478424072,0.48973751068115234,0.4334115982055664,False,10.0
isaac,hold,6,14,ramp_1.5,0.5,0.0,True,False,0.12616917490959167,0.0019820542074739933,3.6085908504901454e-05,2.5033950805664062e-06,True,0.0756727010011673,0.3944936990737915,False,0.6845775246620178,0.4847883880138397,0.42191678285598755,False,10.0
isaac,hold,6,15,ramp_1.5,0.5,0.0,True,False,0.08485392481088638,0.001895523862913251,7.372449181275442e-05,-7.152557373046875e-07,True,0.0626482293009758,0.4108085632324219,False,0.6933439373970032,0.45996761322021484,0.4409620761871338,False,10.0
isaac,hold,7,0,direct,0.5,0.2,True,False,0.4968346953392029,0.0004930745344609022,0.00013836986909154803,-9.238719940185547e-06,True,0.9022371768951416,0.78128981590271,False,0.9653101563453674,0.9022371768951416,0.78128981590271,False,10.0
isaac,hold,7,1,direct,0.5,0.2,True,False,0.476813942193985,0.0017033248441293836,0.00011778554471675307,4.887580871582031e-06,True,0.7770934104919434,0.25242310762405396,False,0.8441545367240906,0.7770934104919434,0.25242310762405396,False,10.0
isaac,hold,7,2,direct,0.5,0.2,True,False,0.406722754240036,0.0012695534387603402,8.222353062592447e-05,-3.314018249511719e-05,True,0.9600300788879395,1.011837363243103,False,1.0985490083694458,0.9600300788879395,1.011837363243103,False,10.0
isaac,hold,7,3,direct,0.5,0.2,True,False,0.41971907019615173,0.001660318928770721,5.149547359906137e-05,-4.172325134277344e-06,True,0.7386991381645203,1.0146806240081787,False,0.7576491236686707,0.7386991381645203,1.0146806240081787,False,10.000000000000002
isaac,hold,7,4,direct,0.5,0.2,True,False,0.39890724420547485,0.0014463585102930665,4.454089867067523e-05,9.5367431640625e-07,True,1.0500184297561646,1.3834054470062256,False,1.111488699913025,1.0500184297561646,1.3834054470062256,False,10.0
isaac,hold,7,5,direct,0.5,0.2,True,False,0.405788391828537,0.0013220197288319468,3.496707358863205e-05,4.0531158447265625e-06,True,0.8503865003585815,1.1147395372390747,False,0.9414900541305542,0.8503865003585815,1.1147395372390747,False,10.0
isaac,hold,7,6,direct,0.5,0.2,False,False,0.40454789996147156,0.615774929523468,3.3685693740844727,-0.9351463317871094,False,2.01928448677063,1.4723479747772217,True,2.2979745864868164,2.01928448677063,1.4723479747772217,False,4.68
isaac,hold,7,7,direct,0.5,0.2,True,False,0.41264399886131287,0.006085078697651625,6.218101043486968e-05,2.384185791015625e-07,True,0.2741762101650238,0.20355010032653809,False,0.407262921333313,0.2741762101650238,0.20355010032653809,False,10.0
isaac,hold,7,8,direct,0.5,0.2,True,False,0.49817919731140137,0.00488925538957119,0.00016578490613028407,2.384185791015625e-05,True,0.6333726048469543,0.3750886917114258,False,0.6779816150665283,0.6333726048469543,0.3750886917114258,False,10.0
isaac,hold,7,9,direct,0.5,0.2,True,False,0.4953139126300812,0.0005565800238400698,5.371953375288285e-05,1.6689300537109375e-06,True,0.7856279015541077,0.46167898178100586,False,0.8194392323493958,0.7856279015541077,0.46167898178100586,False,10.0
isaac,hold,7,10,direct,0.5,0.2,True,False,0.4475758969783783,0.0015178859466686845,2.887311165977735e-05,1.1920928955078125e-06,True,0.8413136601448059,0.819868803024292,False,0.8776583671569824,0.8413136601448059,0.819868803024292,False,10.0
isaac,hold,7,11,direct,0.5,0.2,True,False,0.43068453669548035,0.0014692798722535372,2.6270534362993203e-05,3.2186508178710938e-06,True,1.029407024383545,0.9890275001525879,False,1.0954394340515137,1.029407024383545,0.9890275001525879,False,10.0
isaac,hold,7,12,direct,0.5,0.2,True,False,0.4307660758495331,0.0013346311170607805,4.497706322581507e-05,-7.987022399902344e-06,True,1.03571617603302,0.9432266354560852,False,1.0885692834854126,1.03571617603302,0.9432266354560852,False,10.0
isaac,hold,7,13,direct,0.5,0.2,True,False,0.42702487111091614,0.0015723621472716331,7.036537863314152e-05,-4.291534423828125e-06,True,1.095923662185669,0.9075520038604736,False,1.158513069152832,1.095923662185669,0.9075520038604736,False,10.0
isaac,hold,7,14,direct,0.5,0.2,True,False,0.416459858417511,0.0011387463891878724,4.137500582146458e-05,-2.6300549507141113e-06,True,0.6877028942108154,0.37154367566108704,False,0.7266961932182312,0.6877028942108154,0.37154367566108704,False,10.0
isaac,hold,7,15,direct,0.5,0.2,True,False,0.4924001693725586,0.0013112437445670366,0.0001406057272106409,-7.152557373046875e-06,True,0.9094805121421814,0.1992255449295044,False,0.9540994167327881,0.9094805121421814,0.1992255449295044,False,10.0
isaac,hold,8,0,ramp_0.5,0.5,0.2,True,False,0.24210618436336517,0.0012828209437429905,0.00012644192611332983,-5.9604644775390625e-06,True,1.169707179069519,0.4708390235900879,False,1.4200215339660645,1.342686414718628,0.419439435005188,False,10.0
isaac,hold,8,1,ramp_0.5,0.5,0.2,True,False,0.23209501802921295,0.0012934732949361205,0.00021349635790102184,-0.00018274784088134766,True,1.4254292249679565,1.7129944562911987,False,2.36983060836792,1.5932337045669556,1.7673137187957764,False,10.0
isaac,hold,8,2,ramp_0.5,0.5,0.2,True,False,0.232209712266922,0.0015269785653799772,9.846873581409454e-05,-1.4066696166992188e-05,True,0.8869990706443787,0.38345110416412354,False,1.1329346895217896,1.06125009059906,0.33100247383117676,False,10.0
isaac,hold,8,3,ramp_0.5,0.5,0.2,True,False,0.23624669015407562,0.0026060075033456087,9.675524051999673e-05,-1.5497207641601562e-06,True,0.8970149755477905,0.3821371793746948,False,1.1514668464660645,1.077031135559082,0.3270103931427002,False,10.000000000000002
isaac,hold,8,4,ramp_0.5,0.5,0.2,True,False,0.2659696638584137,0.00190130271948874,5.6660897826077417e-05,1.9073486328125e-06,True,0.08607502281665802,0.343009352684021,False,0.30286705493927,0.26750317215919495,0.2839350700378418,False,10.0
isaac,hold,8,5,ramp_0.5,0.5,0.2,True,False,0.2996452748775482,0.0020476391073316336,3.3930667996173725e-05,-2.5033950805664062e-06,True,0.10189375281333923,0.36915159225463867,False,0.39452075958251953,0.28811922669410706,0.31280791759490967,False,10.0
isaac,hold,8,6,ramp_0.5,0.5,0.2,True,False,0.2632652819156647,0.0023462383542209864,4.832851482206024e-05,1.9073486328125e-06,True,0.10766208916902542,0.4053366184234619,False,0.4663153290748596,0.2787902355194092,0.3471102714538574,False,10.0
isaac,hold,8,7,ramp_0.5,0.5,0.2,True,False,0.24413569271564484,0.002154241083189845,0.00011079170508310199,5.245208740234375e-06,True,0.09747263044118881,0.4319753646850586,False,0.45326754450798035,0.2627483606338501,0.3811218738555908,False,10.000000000000002
isaac,hold,8,8,ramp_0.5,0.5,0.2,False,False,0.2095584273338318,0.5871762037277222,0.34002673625946045,0.09543466567993164,False,0.8792550563812256,0.22514104843139648,False,1.0905301570892334,0.8921731114387512,0.17596197128295898,False,3.320000000000001
isaac,hold,8,9,ramp_0.5,0.5,0.2,True,False,0.22062700986862183,0.0018488900968804955,5.0381102482788265e-05,-4.76837158203125e-07,True,0.07629265636205673,0.43924808502197266,False,0.4809150993824005,0.23831051588058472,0.387601375579834,False,10.0
isaac,hold,8,10,ramp_0.5,0.5,0.2,True,False,0.22173649072647095,0.0023378620389848948,4.873891157330945e-05,3.5762786865234375e-07,True,0.051427748054265976,0.4538264870643616,False,0.5014143586158752,0.21877974271774292,0.40981751680374146,False,10.0
isaac,hold,8,11,ramp_0.5,0.5,0.2,True,False,0.21966035664081573,0.002128172665834427,5.4793305025668815e-05,1.4901161193847656e-06,True,0.09068799018859863,0.46830081939697266,False,0.42299315333366394,0.27644941210746765,0.42841556668281555,False,10.0
isaac,hold,8,12,ramp_0.5,0.5,0.2,True,False,0.2223021686077118,0.002164128003641963,8.728480315767229e-05,7.867813110351562e-06,True,0.08889893442392349,0.46795588731765747,False,0.42665383219718933,0.2749342620372772,0.42480796575546265,False,10.0
isaac,hold,8,13,ramp_0.5,0.5,0.2,True,False,0.2259666919708252,0.0020489583257585764,8.735126903047785e-05,-9.059906005859375e-06,True,0.0921846479177475,0.45992159843444824,False,0.31902238726615906,0.27649325132369995,0.4208965301513672,False,10.0
isaac,hold,8,14,ramp_0.5,0.5,0.2,True,False,0.2621675431728363,0.001328458427451551,3.398218905203976e-05,-9.4585120677948e-06,True,1.239788293838501,0.34143441915512085,False,1.494210124015808,1.418992042541504,0.2956331968307495,False,10.0
isaac,hold,8,15,ramp_0.5,0.5,0.2,True,False,0.2456110417842865,0.0011062314733862877,9.963884804164991e-05,0.0,True,1.4743322134017944,1.0530660152435303,False,1.9888112545013428,1.6575374603271484,1.1020989418029785,False,10.0
isaac,hold,9,0,ramp_1.5,0.5,0.2,False,False,0.0637526661157608,0.5794175863265991,0.3867376744747162,0.0706406831741333,False,0.8310235142707825,0.193445086479187,False,1.274929404258728,0.8545688986778259,0.17036068439483643,False,2.6800000000000006
isaac,hold,9,1,ramp_1.5,0.5,0.2,False,False,0.061324071139097214,0.5772960186004639,0.3895387351512909,0.07234323024749756,False,0.7941489219665527,0.16145581007003784,False,1.2412511110305786,0.790004312992096,0.19910573959350586,False,2.2600000000000007
isaac,hold,9,2,ramp_1.5,0.5,0.2,True,False,0.05808890610933304,0.0023061458487063646,0.00015502200403716415,-5.9604644775390625e-06,True,0.07865512371063232,0.43557727336883545,False,0.6132685542106628,0.5061342120170593,0.2883197069168091,False,10.000000000000002
isaac,hold,9,3,ramp_1.5,0.5,0.2,True,False,0.05560050532221794,0.0020172512158751488,6.636497710132971e-05,0.0,True,0.08151852339506149,0.4133000373840332,False,0.6004486083984375,0.513412594795227,0.2740938663482666,False,10.000000000000002
isaac,hold,9,4,ramp_1.5,0.5,0.2,True,False,0.14110346138477325,0.001356036402285099,0.00011071070184698328,4.887580871582031e-06,True,0.8983340263366699,0.366235613822937,False,1.4299285411834717,1.3170146942138672,0.2637784481048584,False,10.0
isaac,hold,9,5,ramp_1.5,0.5,0.2,True,False,0.1396842896938324,0.0022426003124564886,5.164979302207939e-05,1.2755393981933594e-05,True,0.8983725309371948,0.35456836223602295,False,1.5119582414627075,1.3277755975723267,0.21423125267028809,False,10.0
isaac,hold,9,6,ramp_1.5,0.5,0.2,False,False,0.11227793991565704,0.732918381690979,5.887914180755615,1.4404759407043457,False,1.0380057096481323,1.4295380115509033,False,1.499085783958435,1.403817892074585,1.5773327350616455,False,1.4600000000000009
isaac,hold,9,7,ramp_1.5,0.5,0.2,False,False,0.09192598611116409,0.8905472159385681,8.859272956848145,-3.9047605991363525,False,1.197754144668579,3.913370132446289,False,1.6845703125,1.594284176826477,3.7769856452941895,False,1.4600000000000009
isaac,hold,9,8,ramp_1.5,0.5,0.2,False,False,0.07499182969331741,0.8659517168998718,3.3526217937469482,-1.5654058456420898,False,1.165948510169983,1.5630302429199219,False,1.6893792152404785,1.581668496131897,1.4213528633117676,False,1.7199999999999998
isaac,hold,9,9,ramp_1.5,0.5,0.2,False,False,0.08912494778633118,0.8877290487289429,7.549802780151367,-3.4898390769958496,False,1.2072358131408691,3.5030174255371094,False,1.692400336265564,1.6037622690200806,3.3540775775909424,False,1.46
isaac,hold,9,10,ramp_1.5,0.5,0.2,True,False,0.06714217364788055,0.0017765490338206291,4.08510459237732e-05,2.086162567138672e-06,True,0.08576008677482605,0.40170660614967346,False,0.594791054725647,0.5219804048538208,0.25801753997802734,False,10.000000000000002
isaac,hold,9,11,ramp_1.5,0.5,0.2,True,False,0.15314970910549164,0.0017846530536189675,4.478602568269707e-05,4.0531158447265625e-06,True,0.07320769131183624,0.37685996294021606,False,0.6061834692955017,0.5080391764640808,0.23404350876808167,False,10.000000000000002
isaac,hold,9,12,ramp_1.5,0.5,0.2,True,False,0.11073954403400421,0.0019182080868631601,9.246474655810744e-05,-8.821487426757812e-06,True,0.08018303662538528,0.4016731381416321,False,0.5657879710197449,0.5139744877815247,0.270734965801239,False,10.0
isaac,hold,9,13,ramp_1.5,0.5,0.2,True,False,0.13859744369983673,0.0024378986563533545,0.00011626952618826181,4.76837158203125e-06,True,0.06789819151163101,0.4058361053466797,False,0.6904270648956299,0.4970563054084778,0.277083158493042,False,10.0
isaac,hold,9,14,ramp_1.5,0.5,0.2,True,False,0.08210331201553345,0.0019655534997582436,3.9795366319594905e-05,-1.9650906324386597e-07,True,0.05723755806684494,0.4227200746536255,False,0.7088984847068787,0.46459734439849854,0.29089194536209106,False,10.0
isaac,hold,9,15,ramp_1.5,0.5,0.2,False,False,0.06651314347982407,0.5764519572257996,0.3502183258533478,0.0711355209350586,False,0.8548429012298584,0.16826379299163818,False,1.3058176040649414,0.8961887955665588,0.17117488384246826,False,2.8000000000000007
isaac,hold,10,0,direct,1.0,-0.2,True,False,0.8678512573242188,0.0007975201588124037,9.262058301828802e-05,2.384185791015625e-07,True,1.453645944595337,0.6561813354492188,False,1.5072523355484009,1.453645944595337,0.6561813354492188,False,10.0
isaac,hold,10,1,direct,1.0,-0.2,True,False,0.8732320666313171,0.0015841329004615545,0.00015051363152451813,-1.430511474609375e-06,True,1.1929601430892944,0.6759977340698242,False,1.2230809926986694,1.1929601430892944,0.6759977340698242,False,10.0
isaac,hold,10,2,direct,1.0,-0.2,False,False,0.8750936985015869,1.0610517263412476,3.4817581176757812,-0.8275981545448303,False,1.055687665939331,0.6156083345413208,False,1.1115533113479614,1.055687665939331,0.6156083345413208,False,1.0200000000000005
isaac,hold,10,3,direct,1.0,-0.2,True,False,0.922489583492279,0.0009647367405705154,3.767861926462501e-05,9.5367431640625e-07,True,0.7112289071083069,0.3580167293548584,False,0.7388741374015808,0.7112289071083069,0.3580167293548584,False,10.000000000000002
isaac,hold,10,4,direct,1.0,-0.2,False,False,0.888411819934845,1.0749605894088745,8.038044929504395,0.8967835307121277,False,0.9397974014282227,1.1575398445129395,False,0.9579722881317139,0.9397974014282227,1.1575398445129395,False,0.8000000000000007
isaac,hold,10,5,direct,1.0,-0.2,False,False,0.8639471530914307,1.0886870622634888,2.7837321758270264,-1.4846371412277222,False,0.5661458969116211,1.1757570505142212,False,0.5695963501930237,0.5661458969116211,1.1757570505142212,False,0.5600000000000005
isaac,hold,10,6,direct,1.0,-0.2,False,False,0.8571696877479553,0.9735981225967407,2.913270950317383,-1.4205818176269531,False,0.5422136187553406,1.0950939655303955,False,0.545039713382721,0.5422136187553406,1.0950939655303955,False,0.5600000000000005
isaac,hold,10,7,direct,1.0,-0.2,False,False,0.8535124063491821,1.045552372932434,4.687581539154053,-1.948972463607788,False,0.8240456581115723,1.661570429801941,False,0.8417284488677979,0.8240456581115723,1.661570429801941,False,0.7200000000000006
isaac,hold,10,8,direct,1.0,-0.2,False,False,0.8579575419425964,1.26115083694458,3.7168915271759033,-1.16880202293396,False,1.057803750038147,0.9703917503356934,False,1.0835005044937134,1.057803750038147,0.9703917503356934,False,0.8399999999999999
isaac,hold,10,9,direct,1.0,-0.2,False,False,0.860237717628479,1.2459540367126465,5.17563533782959,-1.1899992227554321,False,1.3986738920211792,0.9948104619979858,False,1.4118822813034058,1.3986738920211792,0.9948104619979858,False,1.1000000000000005
isaac,hold,10,10,direct,1.0,-0.2,False,False,0.8647887706756592,0.615472137928009,0.4494798481464386,-0.4332699179649353,False,0.6757896542549133,0.72542804479599,False,2.066129684448242,0.6757896542549133,0.72542804479599,False,4.5600000000000005
isaac,hold,10,11,direct,1.0,-0.2,False,False,0.8951650857925415,0.9797322750091553,4.007341384887695,-2.2200775146484375,False,0.6974915862083435,1.933565378189087,False,0.7117233872413635,0.6974915862083435,1.933565378189087,False,0.7000000000000011
isaac,hold,10,12,direct,1.0,-0.2,True,False,0.8864083290100098,0.002550194738432765,0.00020764191867783666,2.3603439331054688e-05,True,1.151323914527893,0.7373621463775635,False,1.1666558980941772,1.151323914527893,0.7373621463775635,False,10.0
isaac,hold,10,13,direct,1.0,-0.2,True,False,0.8705917000770569,0.0020478905644267797,0.000134540896397084,6.67572021484375e-06,True,1.1752841472625732,0.4110372066497803,False,1.2092100381851196,1.1752841472625732,0.4110372066497803,False,10.0
isaac,hold,10,14,direct,1.0,-0.2,True,False,0.8566808104515076,0.0004413320275489241,4.631219053408131e-05,-1.8596649169921875e-05,True,1.4331446886062622,0.3038148283958435,False,1.568312644958496,1.4331446886062622,0.3038148283958435,False,10.0
isaac,hold,10,15,direct,1.0,-0.2,True,False,0.860892653465271,0.0012882198207080364,0.00010506205580895767,-5.7220458984375e-06,True,1.143156886100769,0.3665924072265625,False,1.172534704208374,1.143156886100769,0.3665924072265625,False,10.0
isaac,hold,11,0,ramp_0.5,1.0,-0.2,True,False,0.5031760931015015,0.0022477256134152412,0.0001488970738137141,-1.1920928955078125e-05,True,0.11462555825710297,0.4537796974182129,False,0.7023230791091919,0.49094539880752563,0.5333590507507324,False,10.0
isaac,hold,11,1,ramp_0.5,1.0,-0.2,True,False,0.5028342008590698,0.0020348343532532454,0.00012965731730218977,4.76837158203125e-07,True,0.10957721620798111,0.47825169563293457,False,0.6312369704246521,0.48721426725387573,0.5614745616912842,False,10.0
isaac,hold,11,2,ramp_0.5,1.0,-0.2,True,False,0.5210325121879578,0.001140160602517426,0.0002257421292597428,0.00021557509899139404,True,0.11186200380325317,0.4513918161392212,False,0.711330235004425,0.4799154996871948,0.5331801772117615,False,10.0
isaac,hold,11,3,ramp_0.5,1.0,-0.2,False,False,0.5500385761260986,0.7997466325759888,4.750823020935059,-1.1652185916900635,False,1.2020487785339355,2.028676748275757,False,1.6022255420684814,1.550660252571106,2.112973690032959,False,1.8400000000000007
isaac,hold,11,4,ramp_0.5,1.0,-0.2,True,False,0.5460658669471741,0.0009436805848963559,0.00013848746311850846,-6.4820051193237305e-06,True,0.8286213874816895,0.42977893352508545,False,1.2774063348770142,1.2038882970809937,0.5148305296897888,False,10.0
isaac,hold,11,5,ramp_0.5,1.0,-0.2,True,False,0.5116746425628662,0.001417080289684236,9.377831884194165e-05,5.781650543212891e-06,True,1.4005643129348755,0.4544835090637207,False,1.9297634363174438,1.7696969509124756,0.5328552722930908,False,10.0
isaac,hold,11,6,ramp_0.5,1.0,-0.2,False,False,0.504436731338501,0.8088380694389343,14.16890811920166,-3.8454294204711914,False,0.8560285568237305,3.688093900680542,False,1.254313588142395,1.1670055389404297,3.7630765438079834,False,1.1400000000000006
isaac,hold,11,7,ramp_0.5,1.0,-0.2,True,False,0.5032216310501099,0.0014403235400095582,6.272453174460679e-05,-3.814697265625e-06,True,1.249131441116333,0.3680814504623413,False,1.7768075466156006,1.6124284267425537,0.43208324909210205,False,10.000000000000002
isaac,hold,11,8,ramp_0.5,1.0,-0.2,True,False,0.519578218460083,0.002104259794577956,0.00012765599240083247,-1.6689300537109375e-06,True,0.1817251294851303,0.35782909393310547,False,0.7142026424407959,0.54926598072052,0.41910314559936523,False,10.0
isaac,hold,11,9,ramp_0.5,1.0,-0.2,True,False,0.541344165802002,0.0021605065558105707,4.7997124056564644e-05,-2.0265579223632812e-06,True,0.15637382864952087,0.4004387855529785,False,0.6440253853797913,0.5290352702140808,0.4642298221588135,False,10.0
isaac,hold,11,10,ramp_0.5,1.0,-0.2,True,False,0.5169578194618225,0.001266530598513782,4.6707355068065226e-05,-2.5033950805664062e-06,True,0.17493891716003418,0.4307917356491089,False,0.7300875782966614,0.5477819442749023,0.49713706970214844,False,10.0
isaac,hold,11,11,ramp_0.5,1.0,-0.2,True,False,0.48238328099250793,0.0019357051933184266,3.5900222428608686e-05,-2.6226043701171875e-06,True,0.15405210852622986,0.45923566818237305,False,0.6781179308891296,0.5187144875526428,0.5314538478851318,False,10.0
isaac,hold,11,12,ramp_0.5,1.0,-0.2,True,False,0.4593155086040497,0.002477609319612384,0.000184178541530855,1.8358230590820312e-05,True,0.12847962975502014,0.45404481887817383,False,0.6702515482902527,0.4887697696685791,0.5271463394165039,False,10.0
isaac,hold,11,13,ramp_0.5,1.0,-0.2,True,False,0.4705149531364441,0.0019322116859257221,0.00010146665590582415,2.9802322387695312e-06,True,0.12088580429553986,0.4514840841293335,False,0.7009270191192627,0.48924168944358826,0.5260764360427856,False,10.0
isaac,hold,11,14,ramp_0.5,1.0,-0.2,True,False,0.4869500994682312,0.0016450034454464912,3.826224565273151e-05,1.3113021850585938e-06,True,0.11735215038061142,0.4314512014389038,False,0.7402651309967041,0.4883275628089905,0.5106573104858398,False,10.0
isaac,hold,11,15,ramp_0.5,1.0,-0.2,True,False,0.5019615888595581,0.0017567480681464076,0.0001268765627173707,7.867813110351562e-06,True,0.12043233215808868,0.4700803756713867,False,0.8144810795783997,0.49665892124176025,0.5530636310577393,False,10.0
isaac,hold,12,0,ramp_1.5,1.0,-0.2,False,False,0.17018258571624756,0.7929092645645142,8.447386741638184,-2.5144143104553223,False,1.1733330488204956,2.467258930206299,False,2.086172103881836,1.9047162532806396,2.673767566680908,False,1.46
isaac,hold,12,1,ramp_1.5,1.0,-0.2,False,False,0.16105952858924866,0.7746742367744446,4.0710906982421875,-1.13161301612854,False,1.1424739360809326,1.8398768901824951,False,2.082549810409546,1.9636510610580444,2.046776294708252,False,2.3600000000000003
isaac,hold,12,2,ramp_1.5,1.0,-0.2,True,False,0.17846311628818512,0.0021172636188566685,0.00011684903438435867,-8.858740329742432e-06,True,0.09598090499639511,0.40374279022216797,False,1.0182632207870483,0.972791850566864,0.6029481291770935,False,10.000000000000002
isaac,hold,12,3,ramp_1.5,1.0,-0.2,True,False,0.20597057044506073,0.0017147602047771215,2.8616130293812603e-05,-2.384185791015625e-06,True,0.07022377848625183,0.40572118759155273,False,1.1396178007125854,0.9456275701522827,0.6048367023468018,False,10.000000000000002
isaac,hold,12,4,ramp_1.5,1.0,-0.2,True,False,0.20337937772274017,0.0023609655909240246,7.310971705010161e-05,-1.1920928955078125e-06,True,0.08977726846933365,0.4128987491130829,False,1.153412938117981,0.9602066278457642,0.614621102809906,False,10.0
isaac,hold,12,5,ramp_1.5,1.0,-0.2,True,False,0.17392967641353607,0.00209928210824728,8.153246017172933e-05,-7.227063179016113e-06,True,0.08138951659202576,0.4309731721878052,False,1.138277530670166,0.9374582171440125,0.6308797597885132,False,10.0
isaac,hold,12,6,ramp_1.5,1.0,-0.2,True,False,0.1813555806875229,0.002036947989836335,7.984256080817431e-05,9.5367431640625e-07,True,0.07997830212116241,0.42646539211273193,False,1.150486946105957,0.9442374110221863,0.6266826391220093,False,10.0
isaac,hold,12,7,ramp_1.5,1.0,-0.2,True,False,0.15836243331432343,0.0017528570024296641,0.00013323449820745736,-6.198883056640625e-06,True,0.06666258722543716,0.4364859461784363,False,1.1781774759292603,0.924444317817688,0.6335936188697815,False,10.0
isaac,hold,12,8,ramp_1.5,1.0,-0.2,True,False,0.1532251536846161,0.0016490616835653782,0.00011590592475840822,2.384185791015625e-05,True,0.05301836505532265,0.44579601287841797,False,1.2100300788879395,0.9084550142288208,0.6424999237060547,False,10.0
isaac,hold,12,9,ramp_1.5,1.0,-0.2,True,False,0.15418262779712677,0.0017196449916809797,5.402071474236436e-05,2.3245811462402344e-06,True,0.045443326234817505,0.4457329511642456,False,1.1585066318511963,0.9131758809089661,0.6481510400772095,False,10.0
isaac,hold,12,10,ramp_1.5,1.0,-0.2,True,False,0.14849723875522614,0.00179852859582752,4.880652704741806e-05,2.384185791015625e-07,True,0.07808300852775574,0.460202693939209,False,1.1118693351745605,0.9621756076812744,0.6585655212402344,False,10.000000000000002
isaac,hold,12,11,ramp_1.5,1.0,-0.2,True,False,0.15226007997989655,0.0021778931841254234,3.597852264647372e-05,4.76837158203125e-07,True,0.08268000930547714,0.46484947204589844,False,1.0150419473648071,0.9625480771064758,0.6690483093261719,False,10.000000000000002
isaac,hold,12,12,ramp_1.5,1.0,-0.2,False,False,0.21758981049060822,0.5272694826126099,13.320388793945312,-4.071358680725098,False,0.5813902616500854,4.0252885818481445,False,1.4861055612564087,1.3408318758010864,4.228397846221924,False,1.4200000000000008
isaac,hold,12,13,ramp_1.5,1.0,-0.2,True,False,0.2054545134305954,0.0024122402537614107,9.508115181233734e-05,-2.6226043701171875e-06,True,1.422454833984375,0.4456603527069092,False,2.385019540786743,2.284905195236206,0.6533169746398926,False,10.0
isaac,hold,12,14,ramp_1.5,1.0,-0.2,False,False,0.21031203866004944,0.8864255547523499,3.580353260040283,0.26343458890914917,False,1.1766303777694702,0.6076604127883911,False,2.0932259559631348,1.9710482358932495,0.8150665760040283,False,1.58
isaac,hold,12,15,ramp_1.5,1.0,-0.2,False,False,0.18728287518024445,0.9816404581069946,7.758841037750244,-1.6367239952087402,False,1.4727474451065063,2.3271806240081787,False,2.416114330291748,2.2756478786468506,2.539785146713257,False,1.620000000000001
isaac,hold,13,0,direct,1.0,0.0,True,False,0.8631303310394287,0.0011878693476319313,0.00010928930714726448,-7.152557373046875e-06,True,1.3957945108413696,0.5858243703842163,False,1.4644941091537476,1.3957945108413696,0.5858243703842163,False,10.0
isaac,hold,13,1,direct,1.0,0.0,False,False,0.8669886589050293,0.9638801217079163,3.825340747833252,1.3013572692871094,False,1.4088398218154907,1.475522756576538,False,1.6812970638275146,1.4088398218154907,1.475522756576538,False,1.7600000000000007
isaac,hold,13,2,direct,1.0,0.0,False,False,0.8707819581031799,1.0876034498214722,3.3818254470825195,-0.18245363235473633,False,1.019741177558899,0.4558074474334717,False,1.0792980194091797,1.019741177558899,0.4558074474334717,False,0.96
isaac,hold,13,3,direct,1.0,0.0,True,False,0.9269408583641052,0.0007053467561490834,3.6905159504385665e-05,1.9073486328125e-06,True,0.7076806426048279,0.33330702781677246,False,0.7389737367630005,0.7076806426048279,0.33330702781677246,False,10.000000000000002
isaac,hold,13,4,direct,1.0,0.0,False,False,0.8833882212638855,1.0413168668746948,3.2452902793884277,-0.43203386664390564,False,0.8657116889953613,0.6397002935409546,False,0.8912216424942017,0.8657116889953613,0.6397002935409546,False,0.7600000000000007
isaac,hold,13,5,direct,1.0,0.0,False,False,0.863554835319519,1.0660936832427979,3.6066396236419678,-1.174379587173462,False,0.6872664093971252,1.1413230895996094,False,0.6913481950759888,0.6872664093971252,1.1413230895996094,False,0.6400000000000006
isaac,hold,13,6,direct,1.0,0.0,False,False,0.8484899997711182,1.0047796964645386,3.8634896278381348,-1.1257433891296387,False,0.7484753727912903,1.0929815769195557,False,0.7621384263038635,0.7484753727912903,1.0929815769195557,False,0.6800000000000006
isaac,hold,13,7,direct,1.0,0.0,False,False,0.8446647524833679,1.200039267539978,2.6393518447875977,-1.195268154144287,False,0.8840582370758057,1.1770856380462646,False,0.907417893409729,0.8840582370758057,1.1770856380462646,False,0.7400000000000011
isaac,hold,13,8,direct,1.0,0.0,False,False,0.8491160869598389,1.2306793928146362,3.609558582305908,-0.8783230781555176,False,1.0173687934875488,0.847888708114624,False,1.038232684135437,1.0173687934875488,0.847888708114624,False,0.8600000000000003
isaac,hold,13,9,direct,1.0,0.0,False,False,0.8555880188941956,0.7772811651229858,2.700955867767334,-1.394279956817627,False,2.527872323989868,1.0205825567245483,True,2.6317739486694336,2.527872323989868,1.0205825567245483,False,3.2
isaac,hold,13,10,direct,1.0,0.0,True,False,0.8569758534431458,0.001483157859183848,5.621604577754624e-05,-3.814697265625e-06,True,1.190454125404358,0.5285344123840332,False,1.211995005607605,1.190454125404358,0.5285344123840332,False,10.0
isaac,hold,13,11,direct,1.0,0.0,False,False,0.9030385613441467,0.9978651404380798,4.507003307342529,-1.7908620834350586,False,0.5716033577919006,1.7555896043777466,False,0.5777884721755981,0.5716033577919006,1.7555896043777466,False,0.6400000000000006
isaac,hold,13,12,direct,1.0,0.0,True,False,0.885903000831604,0.0017407594714313745,8.465180872008204e-05,-5.4836273193359375e-06,True,0.8948361277580261,0.549368143081665,False,0.9360834956169128,0.8948361277580261,0.549368143081665,False,10.0
isaac,hold,13,13,direct,1.0,0.0,True,False,0.8639829158782959,0.0021321966778486967,7.364810880972072e-05,-2.1219253540039062e-05,True,1.2964224815368652,0.3667628765106201,False,1.3234277963638306,1.2964224815368652,0.3667628765106201,False,10.0
isaac,hold,13,14,direct,1.0,0.0,True,False,0.8555709719657898,0.0006369191105477512,2.8181060770293698e-05,-2.384185791015625e-06,True,1.1320239305496216,0.3073617219924927,False,1.1808907985687256,1.1320239305496216,0.3073617219924927,False,10.0
isaac,hold,13,15,direct,1.0,0.0,True,False,0.8604903817176819,0.0012137475423514843,0.00013114631292410195,3.24249267578125e-05,True,1.1271475553512573,0.31905150413513184,False,1.165441632270813,1.1271475553512573,0.31905150413513184,False,10.0
isaac,hold,14,0,ramp_0.5,1.0,0.0,True,False,0.504906415939331,0.0024311139713972807,0.00013433680578600615,7.867813110351562e-06,True,0.11937020719051361,0.45979857444763184,False,0.6758522987365723,0.4956956207752228,0.4864550828933716,False,10.0
isaac,hold,14,1,ramp_0.5,1.0,0.0,True,False,0.49731433391571045,0.0023189042694866657,0.00013396971917245537,1.9073486328125e-06,True,0.11369749903678894,0.47101569175720215,False,0.6315833330154419,0.48906752467155457,0.4983741044998169,False,10.0
isaac,hold,14,2,ramp_0.5,1.0,0.0,True,False,0.5576145648956299,0.0004812310799024999,0.00012450618669390678,-2.6106834411621094e-05,True,0.9130929708480835,0.4695405960083008,False,1.3689441680908203,1.2763866186141968,0.43875741958618164,False,10.0
isaac,hold,14,3,ramp_0.5,1.0,0.0,True,False,0.5438206791877747,0.001275037880986929,4.215519584249705e-05,-3.337860107421875e-06,True,0.8253946900367737,0.3072783946990967,False,1.2718156576156616,1.199697494506836,0.3397176265716553,False,10.000000000000002
isaac,hold,14,4,ramp_0.5,1.0,0.0,True,False,0.5096397399902344,0.0013785482151433825,9.48547458392568e-05,-1.9669532775878906e-06,True,1.207688331604004,0.31474363803863525,False,1.6596871614456177,1.5786445140838623,0.3428521752357483,False,10.0
isaac,hold,14,5,ramp_0.5,1.0,0.0,True,False,0.4930671751499176,0.0008523282594978809,6.894126272527501e-05,1.537799835205078e-05,True,1.55320405960083,0.5467389822006226,False,2.133321762084961,1.9272394180297852,0.5215173959732056,False,10.0
isaac,hold,14,6,ramp_0.5,1.0,0.0,True,False,0.49129799008369446,0.002123601268976927,7.172201731009409e-05,2.384185791015625e-06,True,1.4987692832946777,0.5829386711120605,False,1.9553781747817993,1.8572673797607422,0.6022496223449707,False,10.0
isaac,hold,14,7,ramp_0.5,1.0,0.0,True,False,0.4995850622653961,0.0013156889472156763,8.004276605788618e-05,-6.556510925292969e-06,True,0.7657612562179565,0.3806110620498657,False,1.234514594078064,1.1367138624191284,0.392583966255188,False,10.000000000000002
isaac,hold,14,8,ramp_0.5,1.0,0.0,True,False,0.521079421043396,0.0026403521187603474,9.64165446930565e-05,-4.0531158447265625e-06,True,0.14100024104118347,0.2790076732635498,False,0.6527447700500488,0.5117849707603455,0.2869398593902588,False,10.0
isaac,hold,14,9,ramp_0.5,1.0,0.0,True,False,0.5527971982955933,0.0020333523862063885,5.9545600379351526e-05,8.225440979003906e-06,True,0.1434248387813568,0.3723435401916504,False,0.611814022064209,0.5164220333099365,0.37722527980804443,False,10.0
isaac,hold,14,10,ramp_0.5,1.0,0.0,True,False,0.4973441958427429,0.0012842187425121665,7.71220147726126e-05,-2.384185791015625e-06,True,0.17690348625183105,0.42465561628341675,False,0.7392927408218384,0.5430198907852173,0.4326677918434143,False,10.0
isaac,hold,14,11,ramp_0.5,1.0,0.0,True,False,0.4753573536872864,0.0024442367721349,4.163463381701149e-05,3.0994415283203125e-06,True,0.15612688660621643,0.44816267490386963,False,0.6775062084197998,0.5129287242889404,0.4629861116409302,False,10.0
isaac,hold,14,12,ramp_0.5,1.0,0.0,True,False,0.4637230336666107,0.0023629521019756794,9.12373507162556e-05,-1.6570091247558594e-05,True,0.13915275037288666,0.4439430236816406,False,0.6867181658744812,0.49684739112854004,0.4567854404449463,False,10.0
isaac,hold,14,13,ramp_0.5,1.0,0.0,True,False,0.47361141443252563,0.0018450318602845073,9.068629879038781e-05,7.152557373046875e-07,True,0.11914446949958801,0.44846487045288086,False,0.7218027114868164,0.4804021120071411,0.4664473533630371,False,10.0
isaac,hold,14,14,ramp_0.5,1.0,0.0,False,False,0.48660025000572205,0.6135925054550171,0.3240942060947418,0.1551923155784607,False,0.9248286485671997,0.18293610215187073,False,1.366323709487915,1.0473179817199707,0.20504719018936157,False,3.5999999999999996
isaac,hold,14,15,ramp_0.5,1.0,0.0,False,False,0.5021872520446777,0.6000953912734985,0.31642594933509827,0.07066059112548828,False,0.8890399932861328,0.12810397148132324,False,1.3377361297607422,0.9942893385887146,0.15492558479309082,False,3.08
isaac,hold,15,0,ramp_1.5,1.0,0.0,False,False,0.1754341870546341,0.8505292534828186,8.477237701416016,1.5892466306686401,False,1.132803201675415,1.6095961332321167,False,2.054368257522583,1.9081448316574097,1.5608580112457275,False,1.4400000000000004
isaac,hold,15,1,ramp_1.5,1.0,0.0,True,False,0.16721530258655548,0.0037643734831362963,9.441847942071036e-05,-2.384185791015625e-06,True,1.2251418828964233,1.5661070346832275,False,2.220524787902832,2.065701484680176,1.620935082435608,False,10.000000000000004
isaac,hold,15,2,ramp_1.5,1.0,0.0,True,False,0.16451379656791687,0.001990955788642168,0.00016985615366138518,-1.0132789611816406e-05,True,0.09644059091806412,0.40231865644454956,False,1.022934913635254,0.9770752191543579,0.4567381739616394,False,10.000000000000002
isaac,hold,15,3,ramp_1.5,1.0,0.0,True,False,0.23954057693481445,0.0022390803787857294,5.400687950896099e-05,-1.1920928955078125e-06,True,0.09171655029058456,0.3755629062652588,False,1.0884008407592773,0.9710144996643066,0.42467522621154785,False,10.000000000000002
isaac,hold,15,4,ramp_1.5,1.0,0.0,True,False,0.21506479382514954,0.00231301155872643,7.715194078627974e-05,-3.039836883544922e-06,True,0.09555802494287491,0.4164973795413971,False,1.1485401391983032,0.9623581767082214,0.4686497151851654,False,10.0
isaac,hold,15,5,ramp_1.5,1.0,0.0,True,False,0.1766297072172165,0.0019807503558695316,8.46138791530393e-05,1.1920928955078125e-06,True,0.08014571666717529,0.43394798040390015,False,1.1362102031707764,0.9350292682647705,0.4849366545677185,False,10.0
isaac,hold,15,6,ramp_1.5,1.0,0.0,True,False,0.1510879397392273,0.0018351470353081822,7.660718983970582e-05,-2.6226043701171875e-06,True,0.06154897063970566,0.4392986297607422,False,1.1720702648162842,0.9140664935112,0.48760080337524414,False,10.0
isaac,hold,15,7,ramp_1.5,1.0,0.0,True,False,0.15461844205856323,0.0018842928111553192,6.22771040070802e-05,-9.5367431640625e-07,True,0.058512844145298004,0.43989455699920654,False,1.1932624578475952,0.9069244861602783,0.48414838314056396,False,10.0
isaac,hold,15,8,ramp_1.5,1.0,0.0,False,False,0.1622435450553894,0.5489220023155212,0.40971216559410095,0.09150958061218262,False,0.7949399352073669,0.1889505386352539,False,1.69351065158844,1.1147562265396118,0.23941946029663086,False,2.500000000000001
isaac,hold,15,9,ramp_1.5,1.0,0.0,True,False,0.16584959626197815,0.0020200812723487616,7.914341404102743e-05,3.2186508178710938e-06,True,0.042062774300575256,0.4495466947555542,False,1.145518183708191,0.9101321697235107,0.4917597770690918,False,10.0
isaac,hold,15,10,ramp_1.5,1.0,0.0,True,False,0.15884776413440704,0.001758886151947081,6.420712452381849e-05,4.5299530029296875e-06,True,0.08442825078964233,0.4467403292655945,False,1.058799386024475,0.9618523120880127,0.492652952671051,False,10.000000000000002
isaac,hold,15,11,ramp_1.5,1.0,0.0,True,False,0.1922212839126587,0.0023203797172755003,5.265475920168683e-05,-1.5497207641601562e-06,True,0.08750608563423157,0.43681037425994873,False,1.0310951471328735,0.9592377543449402,0.4758021831512451,False,10.000000000000002
isaac,hold,15,12,ramp_1.5,1.0,0.0,True,False,0.22056426107883453,0.0007669124752283096,8.597940905019641e-05,-2.6226043701171875e-06,True,1.1460667848587036,0.37542712688446045,False,2.170928716659546,2.0157968997955322,0.4199368953704834,False,10.0
isaac,hold,15,13,ramp_1.5,1.0,0.0,True,False,0.24002715945243835,0.004865977447479963,7.929660205263644e-05,-1.2874603271484375e-05,True,1.5093145370483398,0.3623838424682617,True,2.5067551136016846,2.391544818878174,0.42045140266418457,False,10.0
isaac,hold,15,14,ramp_1.5,1.0,0.0,False,False,0.21587006747722626,0.6184107065200806,3.4664995670318604,-0.4370763897895813,False,1.8612587451934814,0.6423393487930298,True,2.931516170501709,2.7504234313964844,0.6980496048927307,False,3.76
isaac,hold,15,15,ramp_1.5,1.0,0.0,False,False,0.19134363532066345,0.624081552028656,2.6352171897888184,-0.6565225124359131,False,1.9377562999725342,0.9130585193634033,True,2.941537618637085,2.8043525218963623,0.9661200046539307,False,3.58
isaac,hold,16,0,direct,1.0,0.2,True,False,0.8668408989906311,0.0012297487119212747,0.00011217054998269305,1.1205673217773438e-05,True,1.2232520580291748,0.4644429683685303,False,1.247734546661377,1.2232520580291748,0.4644429683685303,False,10.0
isaac,hold,16,1,direct,1.0,0.2,True,False,0.8651940822601318,0.0018788728630170226,0.00011965842713834718,9.179115295410156e-06,True,1.7765429019927979,0.5965337753295898,False,1.8074626922607422,1.7765429019927979,0.5965337753295898,False,10.0
isaac,hold,16,2,direct,1.0,0.2,False,False,0.8734845519065857,1.0902398824691772,3.390827178955078,0.02720475196838379,False,0.9905692338943481,0.4997720718383789,False,1.04531991481781,0.9905692338943481,0.4997720718383789,False,0.9400000000000004
isaac,hold,16,3,direct,1.0,0.2,True,False,0.9289146065711975,0.0018248031847178936,0.00013715095701627433,-1.3113021850585938e-06,True,0.7797266244888306,0.34569084644317627,False,0.90572190284729,0.7797266244888306,0.34569084644317627,False,10.000000000000002
isaac,hold,16,4,direct,1.0,0.2,False,False,0.8866304755210876,1.0473674535751343,3.6349663734436035,0.18305516242980957,False,0.8674224615097046,0.5853598713874817,False,0.8932614326477051,0.8674224615097046,0.5853598713874817,False,0.7600000000000007
isaac,hold,16,5,direct,1.0,0.2,False,False,0.8612892627716064,1.0708364248275757,3.568436861038208,-0.3808020353317261,False,0.7258066534996033,0.6241154670715332,False,0.7364063858985901,0.7258066534996033,0.6241154670715332,False,0.660000000000001
isaac,hold,16,6,direct,1.0,0.2,False,False,0.8435072302818298,1.018877625465393,3.8509414196014404,-0.9972739219665527,False,0.8365711569786072,1.2305998802185059,False,0.8554352521896362,0.8365711569786072,1.2305998802185059,False,0.7200000000000006
isaac,hold,16,7,direct,1.0,0.2,False,False,0.8400773406028748,1.1699717044830322,2.4790050983428955,-0.7980576753616333,False,0.8905077576637268,1.0761045217514038,False,0.9113630056381226,0.8905077576637268,1.0761045217514038,False,0.7400000000000011
isaac,hold,16,8,direct,1.0,0.2,False,False,0.8454656004905701,1.21686851978302,3.448417901992798,-0.545346736907959,False,1.0249073505401611,0.7740685939788818,False,1.0417503118515015,1.0249073505401611,0.7740685939788818,False,0.8600000000000003
isaac,hold,16,9,direct,1.0,0.2,False,False,0.8587228059768677,1.217557430267334,5.981993198394775,-0.1689918041229248,False,1.3221238851547241,0.7636942863464355,False,1.3337388038635254,1.3221238851547241,0.7636942863464355,False,1.040000000000001
isaac,hold,16,10,direct,1.0,0.2,True,False,0.8623403310775757,0.002360236132517457,5.810647417092696e-05,1.6540288925170898e-06,True,1.2099212408065796,0.5326305627822876,False,1.2527353763580322,1.2099212408065796,0.5326305627822876,False,10.0
isaac,hold,16,11,direct,1.0,0.2,False,False,0.9113908410072327,0.9939504265785217,4.767564296722412,-1.4629104137420654,False,0.5633362531661987,1.7059773206710815,False,0.5689547657966614,0.5633362531661987,1.7059773206710815,False,0.6400000000000006
isaac,hold,16,12,direct,1.0,0.2,True,False,0.888950765132904,0.0024400234688073397,6.63729224470444e-05,-3.6954879760742188e-06,True,0.8723660111427307,0.5543052554130554,False,0.9173178672790527,0.8723660111427307,0.5543052554130554,False,10.0
isaac,hold,16,13,direct,1.0,0.2,True,False,0.8676374554634094,0.0021581039763987064,0.0001889039995148778,-2.1457672119140625e-06,True,1.1883697509765625,0.4178290367126465,False,1.2313426733016968,1.1883697509765625,0.4178290367126465,False,10.0
isaac,hold,16,14,direct,1.0,0.2,True,False,0.8606780171394348,0.0014454586198553443,4.4644431909546256e-05,1.1920928955078125e-06,True,1.3025999069213867,0.7796898484230042,False,1.5051608085632324,1.3025999069213867,0.7796898484230042,False,10.0
isaac,hold,16,15,direct,1.0,0.2,True,False,0.8658064007759094,0.0013061587233096361,0.00020286397193558514,0.0,True,1.1534309387207031,0.2995567321777344,False,1.1881922483444214,1.1534309387207031,0.2995567321777344,False,10.0
isaac,hold,17,0,ramp_0.5,1.0,0.2,True,False,0.5074250102043152,0.002503654221072793,7.343047036556527e-05,7.033348083496094e-06,True,0.11994432657957077,0.45858120918273926,False,0.6534841060638428,0.497361958026886,0.4307436943054199,False,10.0
isaac,hold,17,1,ramp_0.5,1.0,0.2,True,False,0.5037018060684204,0.0023789291735738516,8.796722249826416e-05,1.0728836059570312e-06,True,0.11311458796262741,0.4678502082824707,False,0.6166196465492249,0.48864904046058655,0.4446936845779419,False,10.0
isaac,hold,17,2,ramp_0.5,1.0,0.2,True,False,0.5531593561172485,0.0009184746886603534,0.00011758715845644474,-1.239776611328125e-05,True,0.7134919166564941,0.3886263370513916,False,1.164919137954712,1.078971266746521,0.4109318256378174,False,10.0
isaac,hold,17,3,ramp_0.5,1.0,0.2,True,False,0.5210149884223938,0.0012190925190225244,0.00010807885701069608,2.9802322387695312e-06,True,0.813600480556488,0.33784985542297363,False,1.264892816543579,1.1899460554122925,0.3630739450454712,False,10.000000000000002
isaac,hold,17,4,ramp_0.5,1.0,0.2,True,False,0.5013932585716248,0.0018681104993447661,6.854213279439136e-05,8.225440979003906e-06,True,0.7639422416687012,0.3032820224761963,False,1.287137746810913,1.1382468938827515,0.27779603004455566,False,10.0
isaac,hold,17,5,ramp_0.5,1.0,0.2,True,False,0.4891926050186157,0.0006109096575528383,5.644319753628224e-05,-8.821487426757812e-06,True,0.8996862769126892,0.44056475162506104,False,1.3565471172332764,1.27365243434906,0.41031503677368164,False,10.0
isaac,hold,17,6,ramp_0.5,1.0,0.2,True,False,0.48813897371292114,0.0014399808133020997,0.0001093343598768115,1.0013580322265625e-05,True,1.5784666538238525,1.1864409446716309,True,2.3112001419067383,1.949326515197754,1.2236156463623047,False,10.0
isaac,hold,17,7,ramp_0.5,1.0,0.2,True,False,0.4985334277153015,0.0026263240724802017,9.958235023077577e-05,-4.76837158203125e-07,True,0.7827449440956116,0.33651256561279297,False,1.2816033363342285,1.1559827327728271,0.29485344886779785,False,10.000000000000002
isaac,hold,17,8,ramp_0.5,1.0,0.2,True,False,0.5192717909812927,0.0023707777727395296,0.00012541540490929037,2.6226043701171875e-06,True,0.17495639622211456,0.30852246284484863,False,0.7043612003326416,0.5456989407539368,0.2610611915588379,False,10.0
isaac,hold,17,9,ramp_0.5,1.0,0.2,True,False,0.5773149132728577,0.0017925173742696643,5.2914652769686654e-05,0.0,True,0.10558108985424042,0.3067498207092285,False,0.5927740335464478,0.48148006200790405,0.2538132667541504,False,10.0
isaac,hold,17,10,ramp_0.5,1.0,0.2,True,False,0.5186586380004883,0.0011492872145026922,5.268981840345077e-05,9.953975677490234e-06,True,0.18821491301059723,0.41569873690605164,False,0.7644348740577698,0.5598481297492981,0.36768773198127747,False,10.0
isaac,hold,17,11,ramp_0.5,1.0,0.2,True,False,0.49250271916389465,0.0013006639201194048,2.8848735382780433e-05,0.0,True,0.16471907496452332,0.40990155935287476,False,0.7042034268379211,0.5250683426856995,0.36497730016708374,False,10.0
isaac,hold,17,12,ramp_0.5,1.0,0.2,True,False,0.46828433871269226,0.002214004984125495,0.00014407653361558914,-3.4809112548828125e-05,True,0.1409449428319931,0.4433095455169678,False,0.6942257881164551,0.49516332149505615,0.4004748463630676,False,10.0
isaac,hold,17,13,ramp_0.5,1.0,0.2,True,False,0.4804280698299408,0.0017851927550509572,9.470119402976707e-05,-3.814697265625e-06,True,0.12279840558767319,0.44756436347961426,False,0.7430284023284912,0.4803738594055176,0.4073061943054199,False,10.0
isaac,hold,17,14,ramp_0.5,1.0,0.2,False,False,0.491857647895813,0.5734212398529053,0.35454583168029785,0.06327581405639648,False,0.8650414943695068,0.12247659265995026,False,1.3029756546020508,0.9359618425369263,0.10835422575473785,False,2.4800000000000004
isaac,hold,17,15,ramp_0.5,1.0,0.2,False,False,0.5064519643783569,0.5848137736320496,0.32247841358184814,0.05103504657745361,False,0.8671807646751404,0.13206219673156738,False,1.303168535232544,0.9593671560287476,0.10238480567932129,False,2.76
isaac,hold,18,0,ramp_1.5,1.0,0.2,False,False,0.18018069863319397,0.8820376992225647,4.098438262939453,-1.1819846630096436,False,1.1317681074142456,1.1862335205078125,False,2.056689739227295,1.9398882389068604,1.0841038227081299,False,1.4200000000000008
isaac,hold,18,1,ramp_1.5,1.0,0.2,True,False,0.17366772890090942,0.0007876192103140056,0.00010237261449219659,1.0728836059570312e-06,True,1.4697072505950928,0.9956892728805542,False,2.445366382598877,2.3358895778656006,0.8924580812454224,False,10.000000000000004
isaac,hold,18,2,ramp_1.5,1.0,0.2,True,False,0.17142419517040253,0.0020416986662894487,0.00011396405170671642,-7.152557373046875e-07,True,0.09447450935840607,0.39793920516967773,False,1.03931725025177,0.9812594652175903,0.28968286514282227,False,10.000000000000002
isaac,hold,18,3,ramp_1.5,1.0,0.2,True,False,0.23268698155879974,0.0019482002826407552,7.602412370033562e-05,-3.5762786865234375e-06,True,0.08701127767562866,0.36964964866638184,False,1.0745607614517212,0.9723246693611145,0.26042771339416504,False,10.000000000000002
isaac,hold,18,4,ramp_1.5,1.0,0.2,True,False,0.21482209861278534,0.001742750871926546,7.390318933175877e-05,-8.463859558105469e-06,True,0.0932002067565918,0.41645348072052,False,1.156165599822998,0.9621127843856812,0.30870628356933594,False,10.0
isaac,hold,18,5,ramp_1.5,1.0,0.2,True,False,0.17923587560653687,0.0020821900106966496,7.314970571314916e-05,-1.7523765563964844e-05,True,0.0798211619257927,0.4366861581802368,False,1.1447240114212036,0.9319086074829102,0.3291712999343872,False,10.0
isaac,hold,18,6,ramp_1.5,1.0,0.2,True,False,0.17236511409282684,0.0019879969768226147,6.617123290197924e-05,-6.198883056640625e-06,True,0.07313579320907593,0.43581318855285645,False,1.1617966890335083,0.9281679391860962,0.33042097091674805,False,10.0
isaac,hold,18,7,ramp_1.5,1.0,0.2,True,False,0.16227228939533234,0.001870793174020946,0.00011238046863581985,-1.1920928955078125e-05,True,0.059321191161870956,0.46092700958251953,False,1.2514376640319824,0.913208544254303,0.35135960578918457,False,10.0
isaac,hold,18,8,ramp_1.5,1.0,0.2,False,False,0.16226977109909058,0.5637435913085938,0.4031611680984497,0.0873711109161377,False,0.8127160668373108,0.20054316520690918,False,1.7157049179077148,1.1036094427108765,0.14187860488891602,False,2.580000000000001
isaac,hold,18,9,ramp_1.5,1.0,0.2,True,False,0.17100666463375092,0.0017439268995076418,7.225949229905382e-05,-4.76837158203125e-07,True,0.044125501066446304,0.44879674911499023,False,1.1461869478225708,0.9217107892036438,0.3464391231536865,False,10.0
isaac,hold,18,10,ramp_1.5,1.0,0.2,True,False,0.15949635207653046,0.0016701892018318176,5.679808236891404e-05,1.0132789611816406e-06,True,0.08931082487106323,0.45396459102630615,False,1.0886489152908325,0.9792221784591675,0.3423773944377899,False,10.000000000000002
isaac,hold,18,11,ramp_1.5,1.0,0.2,True,False,0.1920972466468811,0.0020563930738717318,7.094041211530566e-05,-1.5497207641601562e-06,True,0.08959539234638214,0.45084327459335327,False,1.0288091897964478,0.977861225605011,0.33744508028030396,False,10.000000000000002
isaac,hold,18,12,ramp_1.5,1.0,0.2,True,False,0.23050768673419952,0.0017119764816015959,0.00016961601795628667,1.3947486877441406e-05,True,1.2313387393951416,0.5643152594566345,False,2.2693111896514893,2.106511116027832,0.4504169821739197,False,10.0
isaac,hold,18,13,ramp_1.5,1.0,0.2,True,False,0.22346565127372742,0.0015636382158845663,0.00015495845582336187,-8.106231689453125e-06,True,1.200994610786438,0.34475231170654297,False,2.1878411769866943,2.080965995788574,0.229461669921875,False,10.0
isaac,hold,18,14,ramp_1.5,1.0,0.2,False,False,0.20610132813453674,0.601302444934845,3.39829421043396,-0.8588196039199829,False,1.934813141822815,1.0430935621261597,True,2.999359607696533,2.822852373123169,0.9317077398300171,False,3.8000000000000007
isaac,hold,18,15,ramp_1.5,1.0,0.2,False,False,0.19535349309444427,0.9503321647644043,8.825520515441895,-0.06408452987670898,False,1.3437013626098633,2.0162248611450195,False,2.3040575981140137,2.203204393386841,1.9128289222717285,False,1.6000000000000014
