label,direction,yaw_command,response,termination,states,policy_calls,physical_steps,physics_state_control_sha256,prefix_physics_sha256,post_duration_s,path_after_switch_m,net_displacement_m,signed_heading_change_rad,max_heading_excursion_rad,final_2s_horizontal_speed_rms_mps,final_2s_euler_yaw_rate_rms_rps,minimum_height_m,max_abs_roll_deg,max_abs_pitch_deg,settling_start_s,settling_confirmed_s,first_escape_after_confirmation_s,eligible_through_end_after_confirmation
right_hold,right,-0.2,hold,observation_complete,762,761,15220,399dc4005218bd49f7e27856dc171d0b669e4b55183181db64ce309309f05df4,1280a91516b220552881297627d13c12e8456481f3e2974eb43ffbeddcf20695,10.0,4.9365851385902655,3.0977935663548433,-3.183294192299884,3.183294192299884,0.4998267385122281,0.3223250817179381,0.6411672867487639,9.147957486297857,1.378719154230383,,,,False
right_zero,right,-0.2,zero,observation_complete,762,761,15220,d7ed81fe00306f31fc9e854f10696bea3a4ce102457e844c6053f5c1441bff0e,1280a91516b220552881297627d13c12e8456481f3e2974eb43ffbeddcf20695,10.0,1.0567069836013654,0.8889625636403603,-1.3508090387486322,1.3508090387486322,0.09553878559554439,0.14930513764764128,0.641775924704121,8.68741502919923,3.9757848362198147,,,,False
right_ramp,right,-0.2,ramp,observation_complete,762,761,15220,30f46505fd7462085d966e871e511a30da27130d35f9272f60575b34bfb2c237,1280a91516b220552881297627d13c12e8456481f3e2974eb43ffbeddcf20695,10.0,1.130843698366518,0.9612613851067137,-1.3767506777213212,1.3767506777213212,0.09463158527231785,0.15196652295745103,0.641775924704121,8.68741502919923,3.9437101956554104,,,,False
straight_hold,straight,0.0,hold,observation_complete,762,761,15220,95c99ef9f188fc5932900efe477480acf765cd46c80766c20d6b5d7a8370ce6c,de51a4b8b54cacb0d6382bfc3dd4dfb8119f469b01032224083337bc7229deae,10.0,4.849769760786048,4.668881062322611,-0.9169630136856783,0.9169630136856783,0.48748627497266106,0.10708512598918339,0.6435788108869267,6.427378395157084,0.7241055177735073,,,,False
straight_zero,straight,0.0,zero,observation_complete,762,761,15220,67898333f418c117cb6c31323a15c455a01729319781d65c5212f15c9ee63cc1,de51a4b8b54cacb0d6382bfc3dd4dfb8119f469b01032224083337bc7229deae,10.0,1.0485223827352308,0.8770163212811188,-1.3588556659634632,1.3588556659634632,0.09640334536096862,0.15137805146759184,0.6436530030877756,6.219488953913386,3.871711197442039,,,,False
straight_ramp,straight,0.0,ramp,observation_complete,762,761,15220,dbe3a4d1f226d4e07fbeb50a793b1f5be946f6357abd57d76570c50a3d894a13,de51a4b8b54cacb0d6382bfc3dd4dfb8119f469b01032224083337bc7229deae,10.0,1.1274705040369293,0.9551658481037132,-1.3322480757703818,1.3322480757703818,0.0969900714318612,0.14891900312840967,0.6436530030877756,6.219488953913386,3.9187459375298137,,,,False
left_hold,left,0.2,hold,observation_complete,762,761,15220,1dd8ea35df579d30137a6b64915e6d3d6116ba3aa76fdd61c95d619af38a4950,93f106893265c660d9fcf6a8076069576b0554ae597a4f12e59273e08656bca5,10.0,4.809190951043423,4.438975183938406,1.351498988604376,1.351498988604376,0.482396328755291,0.15034126466392783,0.6443205968104554,3.771705889879908,1.5858104988373232,,,,False
left_zero,left,0.2,zero,observation_complete,762,761,15220,7c0c024b39defedfd161fc807a0e648d8fb4e43ae6efd7a948928361a2d91979,93f106893265c660d9fcf6a8076069576b0554ae597a4f12e59273e08656bca5,10.0,1.0467962250246612,0.8786090729475887,-1.3425456178466955,1.3425456178466955,0.09516926263880197,0.15230371388373654,0.6454168903797145,5.793861066795383,3.931162282611892,,,,False
left_ramp,left,0.2,ramp,observation_complete,762,761,15220,190257721e4802b070b2d1c8ab9de52c892a6f4996007932df08c5de2c80adb1,93f106893265c660d9fcf6a8076069576b0554ae597a4f12e59273e08656bca5,10.0,1.1186359554105842,0.9551341377062873,-1.2587776353858242,1.2587776353858242,0.0948316392364942,0.15165747284563247,0.6454168903797145,5.797477623308621,3.937827552936348,,,,False
