case_id,mode,speed,target,start_yaw,mean_world_wz,heading_slope,steady_heading_error_deg,parallel_envs,raw_sha256
0,rate,0.5,0.0,0.0,-0.003367566503584385,-0.004204262432883916,,16,5c53bb88c6b3d388765f669e8fec37426a0d0c80b4795a2f7e29aa395b463cff
1,rate,0.5,-0.2,0.0,-0.2258775234222412,-0.2219196776977938,,16,04755eac4371320b6ef0bf38b61e641d3af8c306b2c9f4b0083fbd5370e70988
2,rate,0.5,0.2,0.0,0.20027774572372437,0.20099160162728186,,16,c2778213323f63a36483d821f6dddf40dab8af8e47ddeedb57a5f5b434dd5366
3,heading,0.5,0.0,0.5,0.001076182583346963,7.433489368855945e-05,0.32822734117507935,16,00a1fcd0dd636524abd5c152971d835e7f42a9f8acb646444718e14c4ded5480
4,heading,0.5,-1.5707963267948966,0.0,0.0012198406038805842,-4.173891012375613e-05,0.34083813428878784,16,e8e6edcea81c6b2d4264999fbf6fdf1e9dfcb23e207c840087ad09a889bed39b
5,heading,0.5,1.5707963267948966,0.0,0.0006188526167534292,-9.61106836187122e-05,0.3387783169746399,16,a453b0710caa110460838440cee98bace06b3a96334a2d81309e3ac271bc1c75
6,rate,1.0,0.0,0.0,-0.029221897944808006,-0.02131008458456357,,16,428f9e1a2e243fcc145f9d77bc0f2eb34fb91ce65c6130064ff95d37e441bc91
7,rate,1.0,-0.2,0.0,-0.23116646707057953,-0.22005447124628927,,16,89c59a458fa32edbb91ecafb732270a7e72dd876653ecf0ff714d95f0b25ad03
8,rate,1.0,0.2,0.0,0.17597094178199768,0.18105389947717887,,16,deea523e9aab705dce8635be380eeb04e7677b3596e32c4f5d8190abb967dc59
9,heading,1.0,0.0,0.5,-0.009081114083528519,-1.068842350955064e-05,2.713726043701172,16,7d8e6470df355c5667ff96a89304816c98c4de5c7f2855b6bb28f9873fa57622
10,heading,1.0,-1.5707963267948966,0.0,-0.009137777611613274,9.740153697171741e-06,2.7116036415100098,16,ea9b3718d65dc84faf8a64982ffcee7e9ec2fe4da16738255ea7a426a271a32e
11,heading,1.0,1.5707963267948966,0.0,-0.009095326066017151,1.664022394457611e-05,2.7235498428344727,16,9561768a528ed1496e1d9a6bfdf4dc9b40656e4edafa7d091309e723d65c2ff8
