experiment,variant,speed,yaw_command,start_heading_rad,physics_dt,changed_model_arrays,elapsed_s,physical_steps,actions,fell,numerical_failure,mean_world_wz,mean_body_wz,heading_endpoint_rate,heading_slope,forward_rmse,max_tilt_deg
usd_yaw_diagnosis,baseline,0.5,-0.2,0.0,0.001,[],20.0,20000,1000,0,0,-0.3166796014440713,-0.3110792768268943,-0.31797992233928785,-0.3182922728571079,0.02519324514995254,9.228027209862788
usd_yaw_diagnosis,baseline,0.5,-0.1,0.0,0.001,[],20.0,20000,1000,0,0,-0.2043865490685291,-0.20104990334887773,-0.2046121951181728,-0.2045112387614307,0.02681714282199312,7.852705652574716
usd_yaw_diagnosis,baseline,0.5,0.0,0.0,0.001,[],20.0,20000,1000,0,0,-0.0925757087498998,-0.09064838083859778,-0.09094358744358211,-0.09086785907995473,0.02975707388510103,6.448408657494372
usd_yaw_diagnosis,baseline,0.5,0.1,0.0,0.001,[],20.0,20000,1000,0,0,0.018297822967342284,0.01934825553846052,0.021172938033937036,0.021186743299162324,0.032377879562709065,4.984811680151757
usd_yaw_diagnosis,baseline,0.5,0.2,0.0,0.001,[],20.0,20000,1000,0,0,0.1338551466203602,0.13437532450325976,0.13545875761409876,0.13632955474161468,0.03524979810554476,3.9542238479661935
usd_yaw_diagnosis,baseline,1.0,-0.2,0.0,0.001,[],20.0,20000,1000,0,0,-0.3269732137771853,-0.321311073192212,-0.32921432856302485,-0.3296184008419427,0.025294978777163735,9.624544389321533
usd_yaw_diagnosis,baseline,1.0,-0.1,0.0,0.001,[],20.0,20000,1000,0,0,-0.21394475286401035,-0.21054719898165952,-0.21576104318014422,-0.21540700536474483,0.03654723242117685,8.39707175339805
usd_yaw_diagnosis,baseline,1.0,0.0,0.0,0.001,[],20.0,20000,1000,0,0,-0.09925981703056495,-0.09729811195889639,-0.10087774269706486,-0.1008653263597922,0.05059783024523997,7.193116274490883
usd_yaw_diagnosis,baseline,1.0,0.1,0.0,0.001,[],20.0,20000,1000,0,0,0.012922882409776331,0.013879640598688363,0.01136700462629356,0.011035627064970471,0.06256185580824812,5.8779992796369225
usd_yaw_diagnosis,baseline,1.0,0.2,0.0,0.001,[],20.0,20000,1000,0,0,0.12352256620707099,0.12379790686606483,0.12186670244823535,0.12170955944827161,0.07175550256706396,5.041027045735114
usd_yaw_diagnosis,dt_half,0.5,0.0,0.0,0.0005,[],20.0,40000,1000,0,0,-0.09108788809897364,-0.08917914903818432,-0.09008715470486219,-0.08980437539492722,0.03065155556036995,6.480348740412039
usd_yaw_diagnosis,dt_half,1.0,0.0,0.0,0.0005,[],20.0,40000,1000,0,0,-0.09964876589808826,-0.097704186345425,-0.10144390288548492,-0.10134346577160006,0.051750467160176034,7.142482266575332
usd_yaw_diagnosis,friction06,0.5,0.0,0.0,0.001,['geom_friction'],20.0,20000,1000,0,0,-0.09172736240380153,-0.0898755654664037,-0.09205510356742823,-0.09211706705921989,0.028755603095843955,6.432553724207175
usd_yaw_diagnosis,friction06,1.0,0.0,0.0,0.001,['geom_friction'],20.0,20000,1000,0,0,-0.10134268690022037,-0.09932287471166394,-0.10309325768431843,-0.1033190490106058,0.045844095165000494,7.2250195913873485
usd_yaw_diagnosis,start90,0.5,0.0,1.5707963267948966,0.001,[],20.0,20000,1000,0,0,-0.09249921118700721,-0.09055678083678971,-0.09097370892817531,-0.09078671478118999,0.02982498234045434,6.448408657496637
usd_yaw_diagnosis,start90,1.0,0.0,1.5707963267948966,0.001,[],20.0,20000,1000,0,0,-0.09917416628085217,-0.09726190448806764,-0.10085345523070718,-0.10113539145904775,0.04986820778628008,7.2105953611759155
