isaac_joint,mujoco_joint,isaac_kp,mujoco_kp,isaac_kd,mujoco_kd,isaac_armature,mujoco_armature,isaac_effort_nm,mujoco_joint_effort_nm
left_hip_pitch_joint,left_hip_pitch_joint,200.0,200.0,5.0,5.0,0.009999999776482582,0.01,300.0,88.0
right_hip_pitch_joint,right_hip_pitch_joint,200.0,200.0,5.0,5.0,0.009999999776482582,0.01,300.0,88.0
torso_joint,waist_yaw_joint,200.0,200.0,5.0,5.0,0.009999999776482582,0.01,300.0,88.0
left_hip_roll_joint,left_hip_roll_joint,150.0,150.0,5.0,5.0,0.009999999776482582,0.01,300.0,139.0
right_hip_roll_joint,right_hip_roll_joint,150.0,150.0,5.0,5.0,0.009999999776482582,0.01,300.0,139.0
left_shoulder_pitch_joint,left_shoulder_pitch_joint,40.0,40.0,10.0,10.0,0.009999999776482582,0.01,300.0,25.0
right_shoulder_pitch_joint,right_shoulder_pitch_joint,40.0,40.0,10.0,10.0,0.009999999776482582,0.01,300.0,25.0
left_hip_yaw_joint,left_hip_yaw_joint,150.0,150.0,5.0,5.0,0.009999999776482582,0.01,300.0,88.0
right_hip_yaw_joint,right_hip_yaw_joint,150.0,150.0,5.0,5.0,0.009999999776482582,0.01,300.0,88.0
left_shoulder_roll_joint,left_shoulder_roll_joint,40.0,40.0,10.0,10.0,0.009999999776482582,0.01,300.0,25.0
right_shoulder_roll_joint,right_shoulder_roll_joint,40.0,40.0,10.0,10.0,0.009999999776482582,0.01,300.0,25.0
left_knee_joint,left_knee_joint,200.0,200.0,5.0,5.0,0.009999999776482582,0.01,300.0,139.0
right_knee_joint,right_knee_joint,200.0,200.0,5.0,5.0,0.009999999776482582,0.01,300.0,139.0
left_shoulder_yaw_joint,left_shoulder_yaw_joint,40.0,40.0,10.0,10.0,0.009999999776482582,0.01,300.0,25.0
right_shoulder_yaw_joint,right_shoulder_yaw_joint,40.0,40.0,10.0,10.0,0.009999999776482582,0.01,300.0,25.0
left_ankle_pitch_joint,left_ankle_pitch_joint,20.0,20.0,2.0,2.0,0.009999999776482582,0.01,20.0,50.0
right_ankle_pitch_joint,right_ankle_pitch_joint,20.0,20.0,2.0,2.0,0.009999999776482582,0.01,20.0,50.0
left_elbow_pitch_joint,left_elbow_joint,40.0,40.0,10.0,10.0,0.009999999776482582,0.01,300.0,25.0
right_elbow_pitch_joint,right_elbow_joint,40.0,40.0,10.0,10.0,0.009999999776482582,0.01,300.0,25.0
left_ankle_roll_joint,left_ankle_roll_joint,20.0,20.0,2.0,2.0,0.009999999776482582,0.01,20.0,50.0
right_ankle_roll_joint,right_ankle_roll_joint,20.0,20.0,2.0,2.0,0.009999999776482582,0.01,20.0,50.0
left_elbow_roll_joint,left_wrist_roll_joint,40.0,40.0,10.0,10.0,0.009999999776482582,0.01,300.0,25.0
right_elbow_roll_joint,right_wrist_roll_joint,40.0,40.0,10.0,10.0,0.009999999776482582,0.01,300.0,25.0
left_five_joint,left_hand_middle_0_joint,40.0,40.0,10.0,10.0,0.0010000000474974513,0.01,300.0,1.4
left_three_joint,left_hand_index_0_joint,40.0,40.0,10.0,10.0,0.0010000000474974513,0.01,300.0,1.4
left_zero_joint,left_hand_thumb_0_joint,40.0,40.0,10.0,10.0,0.0010000000474974513,0.01,300.0,2.45
right_five_joint,right_hand_middle_0_joint,40.0,40.0,10.0,10.0,0.0010000000474974513,0.01,300.0,1.4
right_three_joint,right_hand_index_0_joint,40.0,40.0,10.0,10.0,0.0010000000474974513,0.01,300.0,1.4
right_zero_joint,right_hand_thumb_0_joint,40.0,40.0,10.0,10.0,0.0010000000474974513,0.01,300.0,2.45
left_six_joint,left_hand_middle_1_joint,40.0,40.0,10.0,10.0,0.0010000000474974513,0.01,300.0,1.4
left_four_joint,left_hand_index_1_joint,40.0,40.0,10.0,10.0,0.0010000000474974513,0.01,300.0,1.4
left_one_joint,left_hand_thumb_1_joint,40.0,40.0,10.0,10.0,0.0010000000474974513,0.01,300.0,1.4
right_six_joint,right_hand_middle_1_joint,40.0,40.0,10.0,10.0,0.0010000000474974513,0.01,300.0,1.4
right_four_joint,right_hand_index_1_joint,40.0,40.0,10.0,10.0,0.0010000000474974513,0.01,300.0,1.4
right_one_joint,right_hand_thumb_1_joint,40.0,40.0,10.0,10.0,0.0010000000474974513,0.01,300.0,1.4
left_two_joint,left_hand_thumb_2_joint,40.0,40.0,10.0,10.0,0.0010000000474974513,0.01,300.0,1.4
right_two_joint,right_hand_thumb_2_joint,40.0,40.0,10.0,10.0,0.0010000000474974513,0.01,300.0,1.4
