signal,window_s,threshold_rps,candidate_enter_count,first_candidate_time_s,delay_from_eligibility_s,active_duration_s,active_at_end,rmse_threshold_sample_fraction,delay_from_known_bias_onset_s
zero_error,0.5,0.2,0,,,0.0,False,0.0,
zero_error,0.5,0.3,0,,,0.0,False,0.0,
zero_error,0.5,0.4,0,,,0.0,False,0.0,
zero_error,1.0,0.2,0,,,0.0,False,0.0,
zero_error,1.0,0.3,0,,,0.0,False,0.0,
zero_error,1.0,0.4,0,,,0.0,False,0.0,
zero_error,2.0,0.2,0,,,0.0,False,0.0,
zero_error,2.0,0.3,0,,,0.0,False,0.0,
zero_error,2.0,0.4,0,,,0.0,False,0.0,
zero_mean_4hz_gait,0.5,0.2,0,,,0.0,False,1.0,
zero_mean_4hz_gait,0.5,0.3,0,,,0.0,False,1.0,
zero_mean_4hz_gait,0.5,0.4,0,,,0.0,False,1.0,
zero_mean_4hz_gait,1.0,0.2,0,,,0.0,False,1.0,
zero_mean_4hz_gait,1.0,0.3,0,,,0.0,False,1.0,
zero_mean_4hz_gait,1.0,0.4,0,,,0.0,False,1.0,
zero_mean_4hz_gait,2.0,0.2,0,,,0.0,False,1.0,
zero_mean_4hz_gait,2.0,0.3,0,,,0.0,False,1.0,
zero_mean_4hz_gait,2.0,0.4,0,,,0.0,False,1.0,
zero_mean_2p7hz,0.5,0.2,0,,,0.0,False,1.0,
zero_mean_2p7hz,0.5,0.3,0,,,0.0,False,1.0,
zero_mean_2p7hz,0.5,0.4,0,,,0.0,False,1.0,
zero_mean_2p7hz,1.0,0.2,0,,,0.0,False,1.0,
zero_mean_2p7hz,1.0,0.3,0,,,0.0,False,1.0,
zero_mean_2p7hz,1.0,0.4,0,,,0.0,False,1.0,
zero_mean_2p7hz,2.0,0.2,0,,,0.0,False,1.0,
zero_mean_2p7hz,2.0,0.3,0,,,0.0,False,1.0,
zero_mean_2p7hz,2.0,0.4,0,,,0.0,False,1.0,
zero_mean_slow_0p5hz,0.5,0.2,18,2.7,0.20000000000000018,11.17999999999999,True,1.0,2.7
zero_mean_slow_0p5hz,0.5,0.3,18,2.7,0.20000000000000018,9.140000000000008,True,1.0,2.7
zero_mean_slow_0p5hz,0.5,0.4,18,2.7,0.20000000000000018,7.780000000000001,True,0.8059360730593608,2.7
zero_mean_slow_0p5hz,1.0,0.2,18,3.2,0.20000000000000018,8.980000000000004,True,1.0,3.2
zero_mean_slow_0p5hz,1.0,0.3,18,3.2,0.20000000000000018,6.260000000000002,True,1.0,3.2
zero_mean_slow_0p5hz,1.0,0.4,18,3.2,0.20000000000000018,3.5399999999999996,True,1.0,3.2
zero_mean_slow_0p5hz,2.0,0.2,0,,,0.0,False,1.0,
zero_mean_slow_0p5hz,2.0,0.3,0,,,0.0,False,1.0,
zero_mean_slow_0p5hz,2.0,0.4,0,,,0.0,False,1.0,
startup_only,0.5,0.2,0,,,0.0,False,0.0,
startup_only,0.5,0.3,0,,,0.0,False,0.0,
startup_only,0.5,0.4,0,,,0.0,False,0.0,
startup_only,1.0,0.2,0,,,0.0,False,0.0,
startup_only,1.0,0.3,0,,,0.0,False,0.0,
startup_only,1.0,0.4,0,,,0.0,False,0.0,
startup_only,2.0,0.2,0,,,0.0,False,0.0,
startup_only,2.0,0.3,0,,,0.0,False,0.0,
startup_only,2.0,0.4,0,,,0.0,False,0.0,
persistent_negative_bias,0.5,0.2,1,2.7,0.20000000000000018,17.3,True,1.0,2.7
persistent_negative_bias,0.5,0.3,1,2.7,0.20000000000000018,17.3,True,1.0,2.7
persistent_negative_bias,0.5,0.4,11,4.26,1.7599999999999998,11.579999999999998,True,1.0,4.26
persistent_negative_bias,1.0,0.2,1,3.2,0.20000000000000018,16.8,True,1.0,3.2
persistent_negative_bias,1.0,0.3,1,3.2,0.20000000000000018,16.8,True,1.0,3.2
persistent_negative_bias,1.0,0.4,6,4.36,1.3600000000000003,13.5,True,1.0,4.36
persistent_negative_bias,2.0,0.2,1,4.2,0.20000000000000018,15.8,True,1.0,4.2
persistent_negative_bias,2.0,0.3,1,4.2,0.20000000000000018,15.8,True,1.0,4.2
persistent_negative_bias,2.0,0.4,2,5.22,1.2199999999999998,14.08,True,1.0,5.22
bias_after_8s,0.5,0.2,1,8.46,5.960000000000001,11.54,True,1.0,0.46000000000000085
bias_after_8s,0.5,0.3,1,8.58,6.08,11.42,True,1.0,0.5800000000000001
bias_after_8s,0.5,0.4,10,9.82,7.32,3.9200000000000017,False,1.0,1.8200000000000003
bias_after_8s,1.0,0.2,1,8.700000000000001,5.700000000000001,11.299999999999999,True,1.0,0.7000000000000011
bias_after_8s,1.0,0.3,1,8.96,5.960000000000001,11.04,True,1.0,0.9600000000000009
bias_after_8s,1.0,0.4,6,10.48,7.48,2.9999999999999982,True,1.0,2.4800000000000004
bias_after_8s,2.0,0.2,1,9.200000000000001,5.200000000000001,10.799999999999999,True,1.0,1.200000000000001
bias_after_8s,2.0,0.3,1,9.700000000000001,5.700000000000001,10.299999999999999,True,1.0,1.700000000000001
bias_after_8s,2.0,0.4,3,11.22,7.220000000000001,2.8400000000000016,True,1.0,3.2200000000000006
temporary_poststartup_bias,0.5,0.2,1,6.32,3.8200000000000003,0.35999999999999943,False,0.0410958904109589,6.32
temporary_poststartup_bias,0.5,0.3,1,6.38,3.88,0.2400000000000002,False,0.0365296803652968,6.38
temporary_poststartup_bias,0.5,0.4,1,6.46,3.96,0.08000000000000007,False,0.0319634703196347,6.46
temporary_poststartup_bias,1.0,0.2,1,6.46,3.46,0.5800000000000001,False,0.06933019976498238,6.46
temporary_poststartup_bias,1.0,0.3,0,,,0.0,False,0.05992949471210341,
temporary_poststartup_bias,1.0,0.4,0,,,0.0,False,0.045828437132784956,
temporary_poststartup_bias,2.0,0.2,0,,,0.0,False,0.1285892634207241,
temporary_poststartup_bias,2.0,0.3,0,,,0.0,False,0.10861423220973783,
temporary_poststartup_bias,2.0,0.4,0,,,0.0,False,0.0,
