folder,variant,speed,heading_slope,relative_bias_reduction,forward_rmse,max_tilt_deg,changed_joint_count
walking_finger_constraints,baseline,0.5,-0.09086785907995468,6.661338147750939e-16,0.02975707388510103,6.448408657494372,0
walking_finger_constraints,baseline,1.0,-0.10086532635979223,-2.220446049250313e-16,0.05059783024523997,7.193116274490883,0
walking_finger_constraints,finger_limit002,0.5,-0.019920459914542398,0.780775511646925,0.11154027496403038,3.0008584750785796,14
walking_finger_constraints,finger_limit002,1.0,-0.0380936249367355,0.6223318130072426,0.17041415795251044,4.181714833020702,14
finger_limit_localization,baseline,0.5,-0.09086785907995468,6.661338147750939e-16,0.02975707388510103,6.448408657494372,0
finger_limit_localization,baseline,1.0,-0.10086532635979223,-2.220446049250313e-16,0.05059783024523997,7.193116274490883,0
finger_limit_localization,finger_limit002,0.5,-0.019920459914542398,0.780775511646925,0.11154027496403038,3.0008584750785796,14
finger_limit_localization,finger_limit002,1.0,-0.0380936249367355,0.6223318130072426,0.17041415795251044,4.181714833020702,14
finger_limit_localization,left_four_joint,0.5,-0.07216826953866799,0.20578882049848835,0.03815961565439325,5.82286738919735,1
finger_limit_localization,left_four_joint,1.0,-0.08451407598338327,0.16210972557688574,0.06385079991961592,6.7168626284327795,1
finger_limit_localization,right_four_joint,0.5,-0.08574317185163544,0.05639713844044769,0.05491185378526093,5.659067600002124,1
finger_limit_localization,right_four_joint,1.0,-0.0775187719645175,0.23146263674393175,0.08675170959406184,6.871915926974256,1
finger_limit_localization,left_six_joint,0.5,-0.06644107800635758,0.2688165135716909,0.05280013297292439,5.774059617520249,1
finger_limit_localization,left_six_joint,1.0,-0.0781987686957356,0.22472100653502813,0.09903172157328724,5.809628343636968,1
finger_limit_localization,right_six_joint,0.5,-0.06152730427705303,0.3228925507872361,0.046569036707241385,4.5679712253955564,1
finger_limit_localization,right_six_joint,1.0,-0.0682077511835236,0.32377404956562805,0.08158925908401116,5.34972908421369,1
finger_limit_localization,active4,0.5,-0.019920459914542398,0.780775511646925,0.11154027496403038,3.0008584750785796,4
finger_limit_localization,active4,1.0,-0.0380936249367355,0.6223318130072426,0.17041415795251044,4.181714833020702,4
