label,direction,yaw_command,response,termination,states,policy_calls,physical_steps,actor_calls,handoff,physics_state_control_sha256,prefix_physics_sha256,post_duration_s,path_after_switch_m,net_displacement_m,signed_heading_change_rad,max_heading_excursion_rad,final_2s_horizontal_speed_rms_mps,final_2s_euler_yaw_rate_rms_rps,minimum_height_m,max_abs_roll_deg,max_abs_pitch_deg,settling_start_s,settling_confirmed_s,first_escape_after_confirmation_s,eligible_through_end_after_confirmation
right_zero,right,-0.2,zero,observation_complete,762,761,15220,761,,d7ed81fe00306f31fc9e854f10696bea3a4ce102457e844c6053f5c1441bff0e,1280a91516b220552881297627d13c12e8456481f3e2974eb43ffbeddcf20695,10.0,1.0567069836013654,0.8889625636403603,-1.3508090387486322,1.3508090387486322,0.09553878559554439,0.14930513764764128,0.641775924704121,8.68741502919923,3.9757848362198147,,,,False
right_capture_pose,right,-0.2,capture_pose,height_termination,299,298,5960,261,"{'time_s': 5.22, 'previous_action': [-0.728396475315094, -0.6605992317199707, -0.044095780700445175, 0.017912454903125763, -0.36913323402404785, 0.1599273532629013, -0.3774077594280243, 0.14329996705055237, 0.4670946002006531, 0.6241856217384338, -0.33492225408554077, 1.6280276775360107, 0.4176051616668701, 0.14120827615261078, 0.026659365743398666, -0.5927671194076538, -0.7959187030792236, -0.00891805812716484, 0.011700093746185303, -0.06287192553281784, -0.3904363214969635, 0.006130104884505272, -0.09614401310682297, 0.534999430179596, 0.03692042455077171, 0.7276835441589355, 0.9481716156005859, 0.3293741047382355, -0.04674038663506508, 1.2202982902526855, 1.504437804222107, -0.3629564046859741, -2.216956377029419, -2.4059627056121826, -0.7507349848747253, -0.006498001050204039, 1.003581166267395], 'goal_action': [-0.5092818140983582, -0.7516196966171265, -0.0801120176911354, 0.06712595373392105, -0.21284928917884827, -0.13230785727500916, -0.08168298006057739, 0.1277884691953659, 0.1265946328639984, -0.03945550322532654, -0.021328017115592957, 1.4624087810516357, 1.1319324970245361, -0.06137533858418465, 0.014607062563300133, -0.3343677818775177, -0.33384081721305847, -0.14120526611804962, 0.010083924047648907, -0.2110130488872528, -0.0877741128206253, 0.0088725620880723, -0.0010771050583571196, 0.09514208883047104, -0.08880984783172607, 0.06623322516679764, 0.1276419758796692, -0.008644521236419678, -0.035682909190654755, 0.0, 0.0, -0.031472306698560715, 0.0, 0.0, -0.04035833477973938, -0.042821113020181656, 0.11856479942798615], 'goal_target': [-0.4546409100294113, -0.5758098512887955, -0.0400560088455677, 0.033562976866960526, -0.10642464458942413, 0.28384606540203094, 0.3091585040092468, 0.06389423459768295, 0.0632973164319992, 0.14027224481105804, -0.1706640049815178, 1.151204377412796, 0.9859662353992462, -0.030687669292092323, 0.007303531281650066, -0.397183895111084, -0.39692041277885437, 0.7993973717093468, 0.875041966792196, -0.1055065244436264, -0.04388705641031265, 0.00443628104403615, -0.0005385525291785598, 0.04757104441523552, -0.04440492391586304, 0.03311661258339882, 0.0638209879398346, -0.004322260618209839, -0.017841454595327377, 0.0, 0.0, 0.9842638466507196, 0.0, 0.0, -1.0201791673898697, 0.49858942441642284, -0.4607175812125206], 'blend_s': 0.5}",3b60016cc5ce5c3e5272387fdd54e6cb9938efc9ff83f178fa953396191e65db,1280a91516b220552881297627d13c12e8456481f3e2974eb43ffbeddcf20695,0.7400000000000002,0.7114443882767043,0.7053622487920169,-0.6499679179842568,0.6499679179842568,1.0902707554771451,1.28180515703044,0.31185635637650055,48.888916019769525,57.309232431217644,,,,False
right_nominal_pose,right,-0.2,nominal_pose,height_termination,301,300,6000,261,"{'time_s': 5.22, 'previous_action': [-0.728396475315094, -0.6605992317199707, -0.044095780700445175, 0.017912454903125763, -0.36913323402404785, 0.1599273532629013, -0.3774077594280243, 0.14329996705055237, 0.4670946002006531, 0.6241856217384338, -0.33492225408554077, 1.6280276775360107, 0.4176051616668701, 0.14120827615261078, 0.026659365743398666, -0.5927671194076538, -0.7959187030792236, -0.00891805812716484, 0.011700093746185303, -0.06287192553281784, -0.3904363214969635, 0.006130104884505272, -0.09614401310682297, 0.534999430179596, 0.03692042455077171, 0.7276835441589355, 0.9481716156005859, 0.3293741047382355, -0.04674038663506508, 1.2202982902526855, 1.504437804222107, -0.3629564046859741, -2.216956377029419, -2.4059627056121826, -0.7507349848747253, -0.006498001050204039, 1.003581166267395], 'goal_action': [0.0, 0.0, 0.0, 0.0, 0.0, 0.0, 0.0, 0.0, 0.0, 0.0, 0.0, 0.0, 0.0, 0.0, 0.0, 0.0, 0.0, 0.0, 0.0, 0.0, 0.0, 0.0, 0.0, 0.0, 0.0, 0.0, 0.0, 0.0, 0.0, 0.0, 0.0, 0.0, 0.0, 0.0, 0.0, 0.0, 0.0], 'goal_target': [-0.20000000298023224, -0.20000000298023224, 0.0, 0.0, 0.0, 0.3499999940395355, 0.3499999940395355, 0.0, 0.0, 0.1599999964237213, -0.1599999964237213, 0.41999998688697815, 0.41999998688697815, 0.0, 0.0, -0.23000000417232513, -0.23000000417232513, 0.8700000047683716, 0.8700000047683716, 0.0, 0.0, 0.0, 0.0, 0.0, 0.0, 0.0, 0.0, 0.0, 0.0, 0.0, 0.0, 1.0, 0.0, 0.0, -1.0, 0.5199999809265137, -0.5199999809265137], 'blend_s': 0.5}",312db05b6c78b3f208cf53ba636da8d22037dd1934eff885cad6f08c9a871d8e,1280a91516b220552881297627d13c12e8456481f3e2974eb43ffbeddcf20695,0.7800000000000002,0.8014152474339723,0.7981048376647398,-0.06006788030471899,0.130866480803272,1.1436032722812737,0.35610851982239633,0.34589190634783634,15.58597316934684,70.32306494023794,,,,False
straight_zero,straight,0.0,zero,observation_complete,762,761,15220,761,,67898333f418c117cb6c31323a15c455a01729319781d65c5212f15c9ee63cc1,de51a4b8b54cacb0d6382bfc3dd4dfb8119f469b01032224083337bc7229deae,10.0,1.0485223827352308,0.8770163212811188,-1.3588556659634632,1.3588556659634632,0.09640334536096862,0.15137805146759184,0.6436530030877756,6.219488953913386,3.871711197442039,,,,False
straight_capture_pose,straight,0.0,capture_pose,height_termination,298,297,5940,261,"{'time_s': 5.22, 'previous_action': [-0.7530418038368225, -0.6830366253852844, -0.07429467141628265, 0.0465940460562706, -0.3579636812210083, 0.09773369133472443, -0.3896651566028595, 0.12435813248157501, 0.37078213691711426, 0.5804786682128906, -0.36248448491096497, 1.6709831953048706, 0.3760421872138977, 0.11129730194807053, -0.00035258010029792786, -0.6242503523826599, -0.924319863319397, 0.004400443285703659, 0.041779786348342896, -0.020862795412540436, -0.3097037076950073, -0.009157666936516762, -0.09953749924898148, 0.5315654873847961, 0.05238276347517967, 0.7419005632400513, 0.9751507043838501, 0.3273167610168457, -0.05156335607171059, 1.1480422019958496, 1.4822521209716797, -0.38570016622543335, -2.0391945838928223, -2.4485104084014893, -0.7940970063209534, -0.003537483047693968, 0.9937001466751099], 'goal_action': [-0.5680034160614014, -0.7603671550750732, -0.10150032490491867, 0.09417770802974701, -0.19218042492866516, -0.15102268755435944, -0.07678008079528809, 0.08854213356971741, 0.054290737956762314, -0.06960680335760117, -0.030533254146575928, 1.506643533706665, 1.0575379133224487, -0.06449036300182343, 0.005104330834001303, -0.36389365792274475, -0.2564670443534851, -0.12176597863435745, 0.008296065963804722, -0.16525156795978546, -0.06481751799583435, 0.009747263975441456, -0.007248984184116125, 0.07943910360336304, -0.0942680686712265, 0.06499253958463669, 0.10408322513103485, -0.009237118065357208, -0.03337538614869118, 0.0, 0.0, -0.04575924947857857, 0.0, 0.0, -0.033473920077085495, -0.04049863666296005, 0.08404938131570816], 'goal_target': [-0.4840017110109329, -0.5801835805177689, -0.050750162452459335, 0.047088854014873505, -0.09609021246433258, 0.2744886502623558, 0.3116099536418915, 0.044271066784858704, 0.027145368978381157, 0.12519659474492073, -0.17526662349700928, 1.1733217537403107, 0.9487689435482025, -0.03224518150091171, 0.0025521654170006514, -0.4119468331336975, -0.3582335263490677, 0.8091170154511929, 0.8741480377502739, -0.08262578397989273, -0.032408758997917175, 0.004873631987720728, -0.0036244920920580626, 0.03971955180168152, -0.04713403433561325, 0.032496269792318344, 0.052041612565517426, -0.004618559032678604, -0.01668769307434559, 0.0, 0.0, 0.9771203752607107, 0.0, 0.0, -1.0167369600385427, 0.49975066259503365, -0.4779752902686596], 'blend_s': 0.5}",aa1e9e07ada96948e5da84164ae81d1f4822ba790b82c1ba2d6093f56b6c93a8,de51a4b8b54cacb0d6382bfc3dd4dfb8119f469b01032224083337bc7229deae,0.7200000000000006,0.6900105554824721,0.6831705307460633,-0.6004846395942303,0.6004846395942303,1.073670808790866,1.2427917749671553,0.32657798368143726,50.11642195484629,56.062921517645144,,,,False
straight_nominal_pose,straight,0.0,nominal_pose,height_termination,301,300,6000,261,"{'time_s': 5.22, 'previous_action': [-0.7530418038368225, -0.6830366253852844, -0.07429467141628265, 0.0465940460562706, -0.3579636812210083, 0.09773369133472443, -0.3896651566028595, 0.12435813248157501, 0.37078213691711426, 0.5804786682128906, -0.36248448491096497, 1.6709831953048706, 0.3760421872138977, 0.11129730194807053, -0.00035258010029792786, -0.6242503523826599, -0.924319863319397, 0.004400443285703659, 0.041779786348342896, -0.020862795412540436, -0.3097037076950073, -0.009157666936516762, -0.09953749924898148, 0.5315654873847961, 0.05238276347517967, 0.7419005632400513, 0.9751507043838501, 0.3273167610168457, -0.05156335607171059, 1.1480422019958496, 1.4822521209716797, -0.38570016622543335, -2.0391945838928223, -2.4485104084014893, -0.7940970063209534, -0.003537483047693968, 0.9937001466751099], 'goal_action': [0.0, 0.0, 0.0, 0.0, 0.0, 0.0, 0.0, 0.0, 0.0, 0.0, 0.0, 0.0, 0.0, 0.0, 0.0, 0.0, 0.0, 0.0, 0.0, 0.0, 0.0, 0.0, 0.0, 0.0, 0.0, 0.0, 0.0, 0.0, 0.0, 0.0, 0.0, 0.0, 0.0, 0.0, 0.0, 0.0, 0.0], 'goal_target': [-0.20000000298023224, -0.20000000298023224, 0.0, 0.0, 0.0, 0.3499999940395355, 0.3499999940395355, 0.0, 0.0, 0.1599999964237213, -0.1599999964237213, 0.41999998688697815, 0.41999998688697815, 0.0, 0.0, -0.23000000417232513, -0.23000000417232513, 0.8700000047683716, 0.8700000047683716, 0.0, 0.0, 0.0, 0.0, 0.0, 0.0, 0.0, 0.0, 0.0, 0.0, 0.0, 0.0, 1.0, 0.0, 0.0, -1.0, 0.5199999809265137, -0.5199999809265137], 'blend_s': 0.5}",fb1c2612b1a519298d9396c9f9d6d32e17286dd30dea86344785ad0eefe74097,de51a4b8b54cacb0d6382bfc3dd4dfb8119f469b01032224083337bc7229deae,0.7800000000000002,0.8003630598052579,0.7968227683815122,-0.009975295645533233,0.10993506963159838,1.1478393550668413,0.3184657176777801,0.3390155068270687,18.17874818632927,70.8064803789249,,,,False
left_zero,left,0.2,zero,observation_complete,762,761,15220,761,,7c0c024b39defedfd161fc807a0e648d8fb4e43ae6efd7a948928361a2d91979,93f106893265c660d9fcf6a8076069576b0554ae597a4f12e59273e08656bca5,10.0,1.0467962250246612,0.8786090729475887,-1.3425456178466955,1.3425456178466955,0.09516926263880197,0.15230371388373654,0.6454168903797145,5.793861066795383,3.931162282611892,,,,False
left_capture_pose,left,0.2,capture_pose,height_termination,297,296,5920,261,"{'time_s': 5.22, 'previous_action': [-0.7889772057533264, -0.7015249729156494, -0.09428815543651581, 0.08750369399785995, -0.3683011531829834, 0.042162731289863586, -0.37882524728775024, 0.0936000794172287, 0.2773807942867279, 0.5318796634674072, -0.3720487654209137, 1.6992565393447876, 0.345608115196228, 0.08410275727510452, -0.024152103811502457, -0.6600956320762634, -0.9576691389083862, 0.02438301220536232, 0.06146839261054993, 0.023896299302577972, -0.22994741797447205, -0.01886717416346073, -0.09429917484521866, 0.5092652440071106, 0.061612408608198166, 0.7397781014442444, 0.9915042519569397, 0.32538270950317383, -0.04219343885779381, 1.0453675985336304, 1.4529913663864136, -0.4030650556087494, -1.869101881980896, -2.4666378498077393, -0.8214169144630432, 0.004856400657445192, 0.9706504344940186], 'goal_action': [-0.6375014781951904, -0.7639612555503845, -0.1189040020108223, 0.11549749225378036, -0.1718686819076538, -0.16841530799865723, -0.07364115118980408, 0.05251914635300636, -0.021079303696751595, -0.09662140160799026, -0.04508283734321594, 1.546104907989502, 0.9723536968231201, -0.06699232757091522, -0.006102042272686958, -0.396215558052063, -0.187471404671669, -0.10057875514030457, 0.0042871045880019665, -0.11543332785367966, -0.036242369562387466, 0.00860228668898344, -0.010357891209423542, 0.06692809611558914, -0.10192781686782837, 0.06485924869775772, 0.08230794221162796, -0.006201024167239666, -0.030329974368214607, 0.0, 0.0, -0.06305737048387527, 0.0, 0.0, -0.0317615382373333, -0.038156166672706604, 0.05332939326763153], 'goal_target': [-0.5187507420778275, -0.5819806307554245, -0.05945200100541115, 0.05774874612689018, -0.0859343409538269, 0.2657923400402069, 0.3131794184446335, 0.02625957317650318, -0.010539651848375797, 0.11168929561972618, -0.18254141509532928, 1.1930524408817291, 0.9061768352985382, -0.03349616378545761, -0.003051021136343479, -0.42810778319835663, -0.32373570650815964, 0.8197106271982193, 0.8721435570623726, -0.05771666392683983, -0.018121184781193733, 0.00430114334449172, -0.005178945604711771, 0.03346404805779457, -0.050963908433914185, 0.03242962434887886, 0.04115397110581398, -0.003100512083619833, -0.015164987184107304, 0.0, 0.0, 0.9684713147580624, 0.0, 0.0, -1.0158807691186666, 0.5009218975901604, -0.4933352842926979], 'blend_s': 0.5}",b1f9344dd2831318e0a43c68470295e167f45041808a90c385f7087229206949,93f106893265c660d9fcf6a8076069576b0554ae597a4f12e59273e08656bca5,0.7000000000000002,0.6730304081671693,0.6663315122441734,-0.5788177161224124,0.5788177161224124,1.061884289940796,1.2540005085378196,0.33770717215313106,52.38561722994612,54.68028228259888,,,,False
left_nominal_pose,left,0.2,nominal_pose,height_termination,301,300,6000,261,"{'time_s': 5.22, 'previous_action': [-0.7889772057533264, -0.7015249729156494, -0.09428815543651581, 0.08750369399785995, -0.3683011531829834, 0.042162731289863586, -0.37882524728775024, 0.0936000794172287, 0.2773807942867279, 0.5318796634674072, -0.3720487654209137, 1.6992565393447876, 0.345608115196228, 0.08410275727510452, -0.024152103811502457, -0.6600956320762634, -0.9576691389083862, 0.02438301220536232, 0.06146839261054993, 0.023896299302577972, -0.22994741797447205, -0.01886717416346073, -0.09429917484521866, 0.5092652440071106, 0.061612408608198166, 0.7397781014442444, 0.9915042519569397, 0.32538270950317383, -0.04219343885779381, 1.0453675985336304, 1.4529913663864136, -0.4030650556087494, -1.869101881980896, -2.4666378498077393, -0.8214169144630432, 0.004856400657445192, 0.9706504344940186], 'goal_action': [0.0, 0.0, 0.0, 0.0, 0.0, 0.0, 0.0, 0.0, 0.0, 0.0, 0.0, 0.0, 0.0, 0.0, 0.0, 0.0, 0.0, 0.0, 0.0, 0.0, 0.0, 0.0, 0.0, 0.0, 0.0, 0.0, 0.0, 0.0, 0.0, 0.0, 0.0, 0.0, 0.0, 0.0, 0.0, 0.0, 0.0], 'goal_target': [-0.20000000298023224, -0.20000000298023224, 0.0, 0.0, 0.0, 0.3499999940395355, 0.3499999940395355, 0.0, 0.0, 0.1599999964237213, -0.1599999964237213, 0.41999998688697815, 0.41999998688697815, 0.0, 0.0, -0.23000000417232513, -0.23000000417232513, 0.8700000047683716, 0.8700000047683716, 0.0, 0.0, 0.0, 0.0, 0.0, 0.0, 0.0, 0.0, 0.0, 0.0, 0.0, 0.0, 1.0, 0.0, 0.0, -1.0, 0.5199999809265137, -0.5199999809265137], 'blend_s': 0.5}",c1c23f076a32ab189d8ad9dd358a2911ad9af83b37e8158d10217ffe8fdb48e9,93f106893265c660d9fcf6a8076069576b0554ae597a4f12e59273e08656bca5,0.7800000000000002,0.796556159269426,0.7920773180838137,-0.09902898936193694,0.09902898936193694,1.1487370264414245,0.3499826772407397,0.3309253104771894,26.35148264706366,70.44388787273267,,,,False
