variant,speed,yaw_command,forward_rmse,mean_world_wz,mean_body_wz,world_yaw_rmse,mean_world_yaw_error,heading_slope,max_tilt_deg
baseline,0.5,-0.2,0.02519324514995254,-0.3166796014440713,-0.3110792768268943,0.1295097385805378,-0.1166796014440713,-0.3182922728571079,9.228027209862788
baseline,0.5,0.0,0.02975707388510103,-0.0925757087498998,-0.09064838083859778,0.10973819064152293,-0.0925757087498998,-0.09086785907995473,6.448408657494372
baseline,0.5,0.2,0.03524979810554476,0.1338551466203602,0.13437532450325976,0.09844139476686284,-0.06614485337963982,0.13632955474161468,3.9542238479661935
baseline,1.0,-0.2,0.025294978777163735,-0.3269732137771853,-0.321311073192212,0.1379280171973934,-0.1269732137771853,-0.3296184008419427,9.624544389321533
baseline,1.0,0.0,0.05059783024523997,-0.09925981703056495,-0.09729811195889639,0.1128834512071019,-0.09925981703056495,-0.1008653263597922,7.193116274490883
baseline,1.0,0.2,0.07175550256706396,0.12352256620707099,0.12379790686606483,0.09985868106097401,-0.07647743379292903,0.12170955944827161,5.041027045735114
friction06,0.5,-0.2,0.024995220169645744,-0.31853877730203584,-0.3130936219624899,0.13165998079021224,-0.11853877730203582,-0.3204296342271616,9.150185141102444
friction06,0.5,0.0,0.028755603095843955,-0.09172736240380153,-0.0898755654664037,0.10855409930436503,-0.09172736240380153,-0.09211706705921989,6.432553724207175
friction06,0.5,0.2,0.033299433963874296,0.1355483366196466,0.13590336469888667,0.09832981234684064,-0.06445166338035341,0.13592805443200953,3.965890009961252
friction06,1.0,-0.2,0.024133875318199136,-0.3323732949267634,-0.32651429736025944,0.14163837992071757,-0.13237329492676336,-0.3351372059232636,9.62557527601657
friction06,1.0,0.0,0.045844095165000494,-0.10134268690022037,-0.09932287471166394,0.11398405878803922,-0.10134268690022037,-0.1033190490106058,7.2250195913873485
friction06,1.0,0.2,0.06790418794825613,0.12313867954921241,0.1233181650353666,0.09935971062543222,-0.0768613204507876,0.12129292502616593,5.123974719097802
contact_time005,0.5,-0.2,0.04321515413030995,-0.3113920987742579,-0.3066694983771846,0.1417697516126981,-0.11139209877425787,-0.3150044450929956,9.036098817862472
contact_time005,0.5,0.0,0.031967209801929866,-0.08328737394246301,-0.08200823433369345,0.10825721195854751,-0.08328737394246301,-0.0831271107922877,6.314270221186853
contact_time005,0.5,0.2,0.0323747127884608,0.14774567288811086,0.14754569559236166,0.08615949776358832,-0.052254327111889154,0.14908552178652423,4.223487330873038
contact_time005,1.0,-0.2,0.043419533715675064,-0.3491212119902908,-0.34386304658075506,0.17219321906476673,-0.14912121199029077,-0.3497755016626317,9.591957277007493
contact_time005,1.0,0.0,0.026991132984563033,-0.12293789207617087,-0.12163392368274276,0.14781598327009535,-0.12293789207617087,-0.12552030720594998,7.565243899741652
contact_time005,1.0,0.2,0.04126315164413935,0.10114794828062491,0.10062371575262027,0.12822100168015588,-0.0988520517193751,0.10101054073553162,5.6165529894747745
