branch_step,candidate,steps,terminated,truncated,initial_pitch,initial_rate,initial_outward_rate,started_inside_entry,reentered_after_exit,braking_step,entry_step,entered_within_2s,held_final_2s,success,final_pitch,final_rate,max_action_abs,max_joint_speed,torque_clip_count,torque_near_limit_count,foot_contact_speed_p95_m_s,foot_contact_speed_max_m_s,passed_4s,passed_final_2s_at_horizon,held_continuously_after_2s,longest_hold_steps,pitch_offset_rad,rate_offset_rad_s,correction_step,correction_sign
145,pulse_then_pd,347,True,False,-0.0007283299928531051,0.013602364808321,0.013602364808321,True,True,0,14,True,False,False,0.8283304572105408,2.124009847640991,0.5,1.276216745376587,0,0,0.003931311352578919,0.020483100237456524,True,False,False,292,0.0,0.0,,0
145,fixed_180_knee_0.25_5,303,True,False,-0.0007283299928531051,0.013602364808321,0.013602364808321,True,True,0,14,True,False,False,-0.835339367389679,-2.256044626235962,0.5,1.276216745376587,0,0,0.007846851643213599,0.019794136320644532,True,False,False,244,0.0,0.0,180,1
145,fixed_180_knee_0.25_10,288,True,False,-0.0007283299928531051,0.013602364808321,0.013602364808321,True,True,0,14,True,False,False,-0.8008131980895996,-2.166008710861206,0.5,1.276216745376587,0,0,0.00794522151746441,0.015952448121143846,True,False,False,230,0.0,0.0,180,1
145,fixed_180_knee_0.50_5,286,True,False,-0.0007283299928531051,0.013602364808321,0.013602364808321,True,True,0,14,True,False,False,-0.8254370093345642,-2.224024534225464,0.5,1.276216745376587,0,0,0.008210841429558628,0.028265141550497665,False,False,False,167,0.0,0.0,180,1
145,fixed_180_knee_0.50_10,273,True,False,-0.0007283299928531051,0.013602364808321,0.013602364808321,True,True,0,14,True,False,False,-0.8158228397369385,-2.2070233821868896,0.5,1.276216745376587,0,0,0.008396204391534084,0.0315634928643032,False,False,False,167,0.0,0.0,180,1
145,fixed_200_knee_0.25_5,328,True,False,-0.0007283299928531051,0.013602364808321,0.013602364808321,True,True,0,14,True,False,False,-0.8289534449577332,-2.243129253387451,0.5,1.276216745376587,0,0,0.007356796488206071,0.03174803762979624,True,False,False,269,0.0,0.0,200,1
145,fixed_200_knee_0.25_10,311,True,False,-0.0007283299928531051,0.013602364808321,0.013602364808321,True,True,0,14,True,False,False,-0.8145505785942078,-2.197573184967041,0.5,1.276216745376587,0,0,0.007642439089122031,0.03209855015376522,True,False,False,253,0.0,0.0,200,1
145,fixed_200_knee_0.50_5,308,True,False,-0.0007283299928531051,0.013602364808321,0.013602364808321,True,True,0,14,True,False,False,-0.8111227750778198,-2.194491386413574,0.5,1.4059607982635498,0,0,0.007730217962695254,0.031578994358400836,True,False,False,187,0.0,0.0,200,1
145,fixed_200_knee_0.50_10,294,True,False,-0.0007283299928531051,0.013602364808321,0.013602364808321,True,True,0,14,True,False,False,-0.8107013702392578,-2.182356595993042,0.5,1.406291127204895,0,0,0.008007403215823047,0.03175771028029053,True,False,False,187,0.0,0.0,200,1
145,fixed_220_knee_0.25_5,373,True,False,-0.0007283299928531051,0.013602364808321,0.013602364808321,True,True,0,14,True,False,False,-0.8358057141304016,-2.260650396347046,0.5,1.276216745376587,0,0,0.006717621412029425,0.01705221944968806,True,False,False,314,0.0,0.0,220,1
145,fixed_220_knee_0.25_10,340,True,False,-0.0007283299928531051,0.013602364808321,0.013602364808321,True,True,0,14,True,False,False,-0.8288354873657227,-2.246208667755127,0.5,1.276216745376587,0,0,0.007127409320363081,0.03169058232484895,True,False,False,281,0.0,0.0,220,1
145,fixed_220_knee_0.50_5,336,True,False,-0.0007283299928531051,0.013602364808321,0.013602364808321,True,True,0,14,True,False,False,-0.8243054151535034,-2.228651285171509,0.5,1.276216745376587,0,0,0.007231218607191469,0.03180143114913498,True,False,False,207,0.0,0.0,220,1
145,fixed_220_knee_0.50_10,317,True,False,-0.0007283299928531051,0.013602364808321,0.013602364808321,True,True,0,14,True,False,False,-0.8025557994842529,-2.159156560897827,0.5,1.3219630718231201,0,0,0.007465441010219525,0.031752640509224196,True,False,False,207,0.0,0.0,220,1
145,trigger_knee_0.25_5,373,True,False,-0.0007283299928531051,0.013602364808321,0.013602364808321,True,True,0,14,True,False,False,0.8256879448890686,2.117309331893921,0.5,1.276216745376587,0,0,0.0037548048063755692,0.02018188589916633,True,False,False,318,0.0,0.0,232,1
145,trigger_knee_0.25_10,372,True,False,-0.0007283299928531051,0.013602364808321,0.013602364808321,True,True,0,14,True,False,False,-0.828423023223877,-2.2531230449676514,0.5,1.276216745376587,0,0,0.006611442616742313,0.03196843119664798,True,False,False,313,0.0,0.0,232,1
145,trigger_knee_0.50_5,365,True,False,-0.0007283299928531051,0.013602364808321,0.013602364808321,True,True,0,14,True,False,False,-0.8127976059913635,-2.1938979625701904,0.5,1.276216745376587,0,0,0.0068011691119184755,0.01977346133186007,True,False,False,219,0.0,0.0,232,1
145,trigger_knee_0.50_10,334,True,False,-0.0007283299928531051,0.013602364808321,0.013602364808321,True,True,0,14,True,False,False,-0.8061037063598633,-2.1763575077056885,0.5,1.276216745376587,0,0,0.007162369665076703,0.031950763379597624,True,False,False,219,0.0,0.0,232,1
145,pulse_then_pd,153,True,False,-0.0012283299583941698,0.013602364808321,0.013602364808321,True,True,0,14,True,False,False,-0.8344205021858215,-2.251791000366211,0.5,1.275673508644104,0,0,0.010897273122945474,0.028190335019004264,False,False,False,94,-0.0005,0.0,,0
145,fixed_180_knee_0.25_5,153,True,False,-0.0012283299583941698,0.013602364808321,0.013602364808321,True,True,0,14,True,False,False,-0.8344205021858215,-2.251791000366211,0.5,1.275673508644104,0,0,0.010897273122945474,0.028190335019004264,False,False,False,94,-0.0005,0.0,,0
145,fixed_180_knee_0.25_10,153,True,False,-0.0012283299583941698,0.013602364808321,0.013602364808321,True,True,0,14,True,False,False,-0.8344205021858215,-2.251791000366211,0.5,1.275673508644104,0,0,0.010897273122945474,0.028190335019004264,False,False,False,94,-0.0005,0.0,,0
145,fixed_180_knee_0.50_5,153,True,False,-0.0012283299583941698,0.013602364808321,0.013602364808321,True,True,0,14,True,False,False,-0.8344205021858215,-2.251791000366211,0.5,1.275673508644104,0,0,0.010897273122945474,0.028190335019004264,False,False,False,94,-0.0005,0.0,,0
145,fixed_180_knee_0.50_10,153,True,False,-0.0012283299583941698,0.013602364808321,0.013602364808321,True,True,0,14,True,False,False,-0.8344205021858215,-2.251791000366211,0.5,1.275673508644104,0,0,0.010897273122945474,0.028190335019004264,False,False,False,94,-0.0005,0.0,,0
145,fixed_200_knee_0.25_5,153,True,False,-0.0012283299583941698,0.013602364808321,0.013602364808321,True,True,0,14,True,False,False,-0.8344205021858215,-2.251791000366211,0.5,1.275673508644104,0,0,0.010897273122945474,0.028190335019004264,False,False,False,94,-0.0005,0.0,,0
145,fixed_200_knee_0.25_10,153,True,False,-0.0012283299583941698,0.013602364808321,0.013602364808321,True,True,0,14,True,False,False,-0.8344205021858215,-2.251791000366211,0.5,1.275673508644104,0,0,0.010897273122945474,0.028190335019004264,False,False,False,94,-0.0005,0.0,,0
145,fixed_200_knee_0.50_5,153,True,False,-0.0012283299583941698,0.013602364808321,0.013602364808321,True,True,0,14,True,False,False,-0.8344205021858215,-2.251791000366211,0.5,1.275673508644104,0,0,0.010897273122945474,0.028190335019004264,False,False,False,94,-0.0005,0.0,,0
145,fixed_200_knee_0.50_10,153,True,False,-0.0012283299583941698,0.013602364808321,0.013602364808321,True,True,0,14,True,False,False,-0.8344205021858215,-2.251791000366211,0.5,1.275673508644104,0,0,0.010897273122945474,0.028190335019004264,False,False,False,94,-0.0005,0.0,,0
145,fixed_220_knee_0.25_5,153,True,False,-0.0012283299583941698,0.013602364808321,0.013602364808321,True,True,0,14,True,False,False,-0.8344205021858215,-2.251791000366211,0.5,1.275673508644104,0,0,0.010897273122945474,0.028190335019004264,False,False,False,94,-0.0005,0.0,,0
145,fixed_220_knee_0.25_10,153,True,False,-0.0012283299583941698,0.013602364808321,0.013602364808321,True,True,0,14,True,False,False,-0.8344205021858215,-2.251791000366211,0.5,1.275673508644104,0,0,0.010897273122945474,0.028190335019004264,False,False,False,94,-0.0005,0.0,,0
145,fixed_220_knee_0.50_5,153,True,False,-0.0012283299583941698,0.013602364808321,0.013602364808321,True,True,0,14,True,False,False,-0.8344205021858215,-2.251791000366211,0.5,1.275673508644104,0,0,0.010897273122945474,0.028190335019004264,False,False,False,94,-0.0005,0.0,,0
145,fixed_220_knee_0.50_10,153,True,False,-0.0012283299583941698,0.013602364808321,0.013602364808321,True,True,0,14,True,False,False,-0.8344205021858215,-2.251791000366211,0.5,1.275673508644104,0,0,0.010897273122945474,0.028190335019004264,False,False,False,94,-0.0005,0.0,,0
145,trigger_knee_0.25_5,161,True,False,-0.0012283299583941698,0.013602364808321,0.013602364808321,True,True,0,14,True,False,False,-0.840237021446228,-2.2640342712402344,0.5,1.275673508644104,0,0,0.010666280991811473,0.016001291378614512,False,False,False,102,-0.0005,0.0,52,-1
145,trigger_knee_0.25_10,173,True,False,-0.0012283299583941698,0.013602364808321,0.013602364808321,True,True,0,14,True,False,False,-0.8336926698684692,-2.2510745525360107,0.5,1.2789802551269531,0,0,0.010434893109091585,0.0313241754011792,False,False,False,114,-0.0005,0.0,52,-1
145,trigger_knee_0.50_5,174,True,False,-0.0012283299583941698,0.013602364808321,0.013602364808321,True,True,0,14,True,False,False,-0.8400457501411438,-2.2616591453552246,0.5,1.3024697303771973,0,0,0.010428722886939792,0.016242280462598846,False,False,False,68,-0.0005,0.0,52,-1
145,trigger_knee_0.50_10,176,True,False,-0.0012283299583941698,0.013602364808321,0.013602364808321,True,True,0,14,True,False,False,0.8090342879295349,2.0854382514953613,0.5,1.3495336771011353,0,0,0.005606016650555279,0.018940097908445024,False,False,False,70,-0.0005,0.0,52,-1
145,pulse_then_pd,153,True,False,-0.00022832999820820987,0.013602364808321,0.013602364808321,True,True,0,14,True,False,False,0.8383508324623108,2.144117593765259,0.5,1.2767022848129272,0,0,0.007818646021518163,0.02179955318798052,False,False,False,98,0.0005,0.0,,0
145,fixed_180_knee_0.25_5,153,True,False,-0.00022832999820820987,0.013602364808321,0.013602364808321,True,True,0,14,True,False,False,0.8383508324623108,2.144117593765259,0.5,1.2767022848129272,0,0,0.007818646021518163,0.02179955318798052,False,False,False,98,0.0005,0.0,,0
145,fixed_180_knee_0.25_10,153,True,False,-0.00022832999820820987,0.013602364808321,0.013602364808321,True,True,0,14,True,False,False,0.8383508324623108,2.144117593765259,0.5,1.2767022848129272,0,0,0.007818646021518163,0.02179955318798052,False,False,False,98,0.0005,0.0,,0
145,fixed_180_knee_0.50_5,153,True,False,-0.00022832999820820987,0.013602364808321,0.013602364808321,True,True,0,14,True,False,False,0.8383508324623108,2.144117593765259,0.5,1.2767022848129272,0,0,0.007818646021518163,0.02179955318798052,False,False,False,98,0.0005,0.0,,0
145,fixed_180_knee_0.50_10,153,True,False,-0.00022832999820820987,0.013602364808321,0.013602364808321,True,True,0,14,True,False,False,0.8383508324623108,2.144117593765259,0.5,1.2767022848129272,0,0,0.007818646021518163,0.02179955318798052,False,False,False,98,0.0005,0.0,,0
145,fixed_200_knee_0.25_5,153,True,False,-0.00022832999820820987,0.013602364808321,0.013602364808321,True,True,0,14,True,False,False,0.8383508324623108,2.144117593765259,0.5,1.2767022848129272,0,0,0.007818646021518163,0.02179955318798052,False,False,False,98,0.0005,0.0,,0
145,fixed_200_knee_0.25_10,153,True,False,-0.00022832999820820987,0.013602364808321,0.013602364808321,True,True,0,14,True,False,False,0.8383508324623108,2.144117593765259,0.5,1.2767022848129272,0,0,0.007818646021518163,0.02179955318798052,False,False,False,98,0.0005,0.0,,0
145,fixed_200_knee_0.50_5,153,True,False,-0.00022832999820820987,0.013602364808321,0.013602364808321,True,True,0,14,True,False,False,0.8383508324623108,2.144117593765259,0.5,1.2767022848129272,0,0,0.007818646021518163,0.02179955318798052,False,False,False,98,0.0005,0.0,,0
145,fixed_200_knee_0.50_10,153,True,False,-0.00022832999820820987,0.013602364808321,0.013602364808321,True,True,0,14,True,False,False,0.8383508324623108,2.144117593765259,0.5,1.2767022848129272,0,0,0.007818646021518163,0.02179955318798052,False,False,False,98,0.0005,0.0,,0
145,fixed_220_knee_0.25_5,153,True,False,-0.00022832999820820987,0.013602364808321,0.013602364808321,True,True,0,14,True,False,False,0.8383508324623108,2.144117593765259,0.5,1.2767022848129272,0,0,0.007818646021518163,0.02179955318798052,False,False,False,98,0.0005,0.0,,0
145,fixed_220_knee_0.25_10,153,True,False,-0.00022832999820820987,0.013602364808321,0.013602364808321,True,True,0,14,True,False,False,0.8383508324623108,2.144117593765259,0.5,1.2767022848129272,0,0,0.007818646021518163,0.02179955318798052,False,False,False,98,0.0005,0.0,,0
145,fixed_220_knee_0.50_5,153,True,False,-0.00022832999820820987,0.013602364808321,0.013602364808321,True,True,0,14,True,False,False,0.8383508324623108,2.144117593765259,0.5,1.2767022848129272,0,0,0.007818646021518163,0.02179955318798052,False,False,False,98,0.0005,0.0,,0
145,fixed_220_knee_0.50_10,153,True,False,-0.00022832999820820987,0.013602364808321,0.013602364808321,True,True,0,14,True,False,False,0.8383508324623108,2.144117593765259,0.5,1.2767022848129272,0,0,0.007818646021518163,0.02179955318798052,False,False,False,98,0.0005,0.0,,0
145,trigger_knee_0.25_5,160,True,False,-0.00022832999820820987,0.013602364808321,0.013602364808321,True,True,0,14,True,False,False,0.8013749718666077,2.0672943592071533,0.5,1.2767022848129272,0,0,0.006471478476515863,0.01850314399933314,False,False,False,106,0.0005,0.0,52,1
145,trigger_knee_0.25_10,173,True,False,-0.00022832999820820987,0.013602364808321,0.013602364808321,True,True,0,14,True,False,False,0.831978440284729,2.1295053958892822,0.5,1.2767022848129272,0,0,0.0065362220025330245,0.020921639164204243,False,False,False,118,0.0005,0.0,52,1
145,trigger_knee_0.50_5,175,True,False,-0.00022832999820820987,0.013602364808321,0.013602364808321,True,True,0,14,True,False,False,0.8026593327522278,2.071974992752075,0.5,1.2767022848129272,0,0,0.005319807582003757,0.018572110127708333,False,False,False,74,0.0005,0.0,52,1
145,trigger_knee_0.50_10,176,True,False,-0.00022832999820820987,0.013602364808321,0.013602364808321,True,True,0,14,True,False,False,-0.8406956195831299,-2.277696132659912,0.5,1.2767022848129272,0,0,0.01044405687288832,0.031237909530162533,False,False,False,65,0.0005,0.0,52,1
145,pulse_then_pd,192,True,False,-0.0007283299928531051,0.011602365411818027,0.011602365411818027,True,True,0,14,True,False,False,-0.8198813796043396,-2.2232954502105713,0.5,1.2778246402740479,0,0,0.01008900336005937,0.031402101000470854,False,False,False,134,0.0,-0.002,,0
145,fixed_180_knee_0.25_5,192,True,False,-0.0007283299928531051,0.011602365411818027,0.011602365411818027,True,True,0,14,True,False,False,-0.8216607570648193,-2.121384382247925,0.5,1.4487417936325073,0,0,0.009440214197914661,0.030616312523261874,False,False,False,134,0.0,-0.002,180,1
145,fixed_180_knee_0.25_10,192,True,False,-0.0007283299928531051,0.011602365411818027,0.011602365411818027,True,True,0,14,True,False,False,-0.8379839658737183,-1.9392194747924805,0.5,1.2778246402740479,0,0,0.010141129034032364,0.08006165810266146,False,False,False,134,0.0,-0.002,180,1
145,fixed_180_knee_0.50_5,192,True,False,-0.0007283299928531051,0.011602365411818027,0.011602365411818027,True,True,0,14,True,False,False,-0.824200451374054,-2.0484249591827393,0.5,1.571398377418518,0,0,0.009277122061867319,0.029748479426940793,False,False,False,134,0.0,-0.002,180,1
145,fixed_180_knee_0.50_10,191,True,False,-0.0007283299928531051,0.011602365411818027,0.011602365411818027,True,True,0,14,True,False,False,-0.8218992352485657,-1.8702003955841064,0.5,1.8257768154144287,0,0,0.009519686043584082,0.1365804283566999,False,False,False,134,0.0,-0.002,180,1
145,fixed_200_knee_0.25_5,192,True,False,-0.0007283299928531051,0.011602365411818027,0.011602365411818027,True,True,0,14,True,False,False,-0.8198813796043396,-2.2232954502105713,0.5,1.2778246402740479,0,0,0.01008900336005937,0.031402101000470854,False,False,False,134,0.0,-0.002,,0
145,fixed_200_knee_0.25_10,192,True,False,-0.0007283299928531051,0.011602365411818027,0.011602365411818027,True,True,0,14,True,False,False,-0.8198813796043396,-2.2232954502105713,0.5,1.2778246402740479,0,0,0.01008900336005937,0.031402101000470854,False,False,False,134,0.0,-0.002,,0
145,fixed_200_knee_0.50_5,192,True,False,-0.0007283299928531051,0.011602365411818027,0.011602365411818027,True,True,0,14,True,False,False,-0.8198813796043396,-2.2232954502105713,0.5,1.2778246402740479,0,0,0.01008900336005937,0.031402101000470854,False,False,False,134,0.0,-0.002,,0
145,fixed_200_knee_0.50_10,192,True,False,-0.0007283299928531051,0.011602365411818027,0.011602365411818027,True,True,0,14,True,False,False,-0.8198813796043396,-2.2232954502105713,0.5,1.2778246402740479,0,0,0.01008900336005937,0.031402101000470854,False,False,False,134,0.0,-0.002,,0
145,fixed_220_knee_0.25_5,192,True,False,-0.0007283299928531051,0.011602365411818027,0.011602365411818027,True,True,0,14,True,False,False,-0.8198813796043396,-2.2232954502105713,0.5,1.2778246402740479,0,0,0.01008900336005937,0.031402101000470854,False,False,False,134,0.0,-0.002,,0
145,fixed_220_knee_0.25_10,192,True,False,-0.0007283299928531051,0.011602365411818027,0.011602365411818027,True,True,0,14,True,False,False,-0.8198813796043396,-2.2232954502105713,0.5,1.2778246402740479,0,0,0.01008900336005937,0.031402101000470854,False,False,False,134,0.0,-0.002,,0
145,fixed_220_knee_0.50_5,192,True,False,-0.0007283299928531051,0.011602365411818027,0.011602365411818027,True,True,0,14,True,False,False,-0.8198813796043396,-2.2232954502105713,0.5,1.2778246402740479,0,0,0.01008900336005937,0.031402101000470854,False,False,False,134,0.0,-0.002,,0
145,fixed_220_knee_0.50_10,192,True,False,-0.0007283299928531051,0.011602365411818027,0.011602365411818027,True,True,0,14,True,False,False,-0.8198813796043396,-2.2232954502105713,0.5,1.2778246402740479,0,0,0.01008900336005937,0.031402101000470854,False,False,False,134,0.0,-0.002,,0
145,trigger_knee_0.25_5,213,True,False,-0.0007283299928531051,0.011602365411818027,0.011602365411818027,True,True,0,14,True,False,False,-0.8265981078147888,-2.218947410583496,0.5,1.2778246402740479,0,0,0.009677027532411307,0.016024470766341586,False,False,False,154,0.0,-0.002,79,-1
145,trigger_knee_0.25_10,229,True,False,-0.0007283299928531051,0.011602365411818027,0.011602365411818027,True,True,0,14,True,False,False,0.8311861753463745,2.1268410682678223,0.5,1.2778246402740479,0,0,0.004145468763409313,0.020797410102753773,False,False,False,174,0.0,-0.002,79,-1
145,trigger_knee_0.50_5,224,True,False,-0.0007283299928531051,0.011602365411818027,0.011602365411818027,True,True,0,14,True,False,False,0.840221643447876,2.1463253498077393,0.5,1.3017643690109253,0,0,0.00415777818129803,0.02208354178428523,False,False,False,95,0.0,-0.002,79,-1
145,trigger_knee_0.50_10,182,True,False,-0.0007283299928531051,0.011602365411818027,0.011602365411818027,True,True,0,14,True,False,False,0.805773913860321,2.078101634979248,0.5,1.3476089239120483,0,0,0.005114445809094887,0.018730238559193063,False,False,False,66,0.0,-0.002,79,-1
145,pulse_then_pd,192,True,False,-0.0007283299928531051,0.015602365136146545,0.015602365136146545,True,True,0,14,True,False,False,0.8408932089805603,2.1487245559692383,0.5,1.2746086120605469,0,0,0.005420604401278351,0.0221847203035086,False,False,False,137,0.0,0.002,,0
145,fixed_180_knee_0.25_5,192,True,False,-0.0007283299928531051,0.015602365136146545,0.015602365136146545,True,True,0,14,True,False,False,0.8392502665519714,2.1370303630828857,0.5,1.4500924348831177,0,0,0.006007994081562129,0.022381684724123583,False,False,False,137,0.0,0.002,180,1
145,fixed_180_knee_0.25_10,192,True,False,-0.0007283299928531051,0.015602365136146545,0.015602365136146545,True,True,0,14,True,False,False,0.8272090554237366,2.4207119941711426,0.5,1.4500924348831177,0,0,0.006032381898341235,0.021899576817925332,False,False,False,137,0.0,0.002,180,1
145,fixed_180_knee_0.50_5,192,True,False,-0.0007283299928531051,0.015602365136146545,0.015602365136146545,True,True,0,14,True,False,False,0.8383508324623108,2.1139168739318848,0.5,1.6363749504089355,0,0,0.0058049649239128205,0.022462001809375652,False,False,False,137,0.0,0.002,180,1
145,fixed_180_knee_0.50_10,192,True,False,-0.0007283299928531051,0.015602365136146545,0.015602365136146545,True,True,0,14,True,False,False,0.8140190839767456,2.6973743438720703,0.5,1.6363749504089355,0,0,0.006465593516110507,0.020831680003828536,False,False,False,137,0.0,0.002,180,1
145,fixed_200_knee_0.25_5,192,True,False,-0.0007283299928531051,0.015602365136146545,0.015602365136146545,True,True,0,14,True,False,False,0.8408932089805603,2.1487245559692383,0.5,1.2746086120605469,0,0,0.005420604401278351,0.0221847203035086,False,False,False,137,0.0,0.002,,0
145,fixed_200_knee_0.25_10,192,True,False,-0.0007283299928531051,0.015602365136146545,0.015602365136146545,True,True,0,14,True,False,False,0.8408932089805603,2.1487245559692383,0.5,1.2746086120605469,0,0,0.005420604401278351,0.0221847203035086,False,False,False,137,0.0,0.002,,0
145,fixed_200_knee_0.50_5,192,True,False,-0.0007283299928531051,0.015602365136146545,0.015602365136146545,True,True,0,14,True,False,False,0.8408932089805603,2.1487245559692383,0.5,1.2746086120605469,0,0,0.005420604401278351,0.0221847203035086,False,False,False,137,0.0,0.002,,0
145,fixed_200_knee_0.50_10,192,True,False,-0.0007283299928531051,0.015602365136146545,0.015602365136146545,True,True,0,14,True,False,False,0.8408932089805603,2.1487245559692383,0.5,1.2746086120605469,0,0,0.005420604401278351,0.0221847203035086,False,False,False,137,0.0,0.002,,0
145,fixed_220_knee_0.25_5,192,True,False,-0.0007283299928531051,0.015602365136146545,0.015602365136146545,True,True,0,14,True,False,False,0.8408932089805603,2.1487245559692383,0.5,1.2746086120605469,0,0,0.005420604401278351,0.0221847203035086,False,False,False,137,0.0,0.002,,0
145,fixed_220_knee_0.25_10,192,True,False,-0.0007283299928531051,0.015602365136146545,0.015602365136146545,True,True,0,14,True,False,False,0.8408932089805603,2.1487245559692383,0.5,1.2746086120605469,0,0,0.005420604401278351,0.0221847203035086,False,False,False,137,0.0,0.002,,0
145,fixed_220_knee_0.50_5,192,True,False,-0.0007283299928531051,0.015602365136146545,0.015602365136146545,True,True,0,14,True,False,False,0.8408932089805603,2.1487245559692383,0.5,1.2746086120605469,0,0,0.005420604401278351,0.0221847203035086,False,False,False,137,0.0,0.002,,0
145,fixed_220_knee_0.50_10,192,True,False,-0.0007283299928531051,0.015602365136146545,0.015602365136146545,True,True,0,14,True,False,False,0.8408932089805603,2.1487245559692383,0.5,1.2746086120605469,0,0,0.005420604401278351,0.0221847203035086,False,False,False,137,0.0,0.002,,0
145,trigger_knee_0.25_5,223,True,False,-0.0007283299928531051,0.015602365136146545,0.015602365136146545,True,True,0,14,True,False,False,0.8398551344871521,2.1445250511169434,0.5,1.2746086120605469,0,0,0.004134060504450495,0.022039902208154147,False,False,False,168,0.0,0.002,75,1
145,trigger_knee_0.25_10,210,True,False,-0.0007283299928531051,0.015602365136146545,0.015602365136146545,True,True,0,14,True,False,False,-0.8147503733634949,-2.2051408290863037,0.5,1.2746086120605469,0,0,0.00980483602458932,0.03179991151557404,False,False,False,152,0.0,0.002,75,1
145,trigger_knee_0.50_5,204,True,False,-0.0007283299928531051,0.015602365136146545,0.015602365136146545,True,True,0,14,True,False,False,-0.8039336800575256,-2.1794891357421875,0.5,1.2746086120605469,0,0,0.009837709614680756,0.015986624004581222,False,False,False,76,0.0,0.002,75,1
145,trigger_knee_0.50_10,176,True,False,-0.0007283299928531051,0.015602365136146545,0.015602365136146545,True,True,0,14,True,False,False,-0.8011089563369751,-2.160705089569092,0.5,1.2746086120605469,0,0,0.010398227619710716,0.03173664105714242,False,False,False,62,0.0,0.002,75,1
