initial_window_s,initial_path_m,initial_net_m,initial_heading_rad,remaining_duration_s,remaining_path_m,remaining_net_m,remaining_heading_rad,gain,engine,skill,case,env,protocol,vx,yaw,full,passed,entry_speed_mps,tail_speed_rms,tail_yaw_rms,tail_signed_heading_rad,settled,net_m,heading_excursion_rad,cycles_and_lift,decision_path_m,decision_net_m,decision_heading_excursion_rad,whole_decision_pass,post_duration_s
2.0,0.4604814946651459,0.36856505274772644,0.02953815460205078,8.0,0.3996083438396454,0.030736004933714867,0.25361108779907227,0.0,isaac,march,0,0,direct,0.5,-0.2,True,False,0.40763217210769653,0.02114899270236492,0.12126430124044418,0.10434770584106445,False,0.3380918502807617,0.28314924240112305,True,0.8600898385047913,0.3380918502807617,0.28314924240112305,False,10.0
2.000000000000001,0.3500312268733978,0.28453704714775085,0.06667447090148926,8.0,0.4037491977214813,0.015700317919254303,0.22530889511108398,0.0,isaac,march,0,1,direct,0.5,-0.2,True,False,0.4940495789051056,0.02048143558204174,0.10204160213470459,0.07368314266204834,False,0.2752656042575836,0.29198336601257324,True,0.7537804841995239,0.2752656042575836,0.29198336601257324,False,10.0
2.0,0.5234540104866028,0.4424465298652649,0.12665539979934692,8.0,0.4019916355609894,0.021543214097619057,0.2624102234840393,0.0,isaac,march,0,2,direct,0.5,-0.2,True,False,0.469986230134964,0.019295040518045425,0.11052706092596054,0.08312958478927612,False,0.4255238473415375,0.38906562328338623,True,0.9254456758499146,0.4255238473415375,0.38906562328338623,False,10.0
2.000000000000001,0.5360191464424133,0.439155638217926,0.16956138610839844,8.0,0.40301513671875,0.02971513569355011,0.22022771835327148,0.0,isaac,march,0,3,direct,0.5,-0.2,True,False,0.43651387095451355,0.019540423527359962,0.10123052448034286,0.05964088439941406,False,0.4198487401008606,0.3897891044616699,True,0.9390342831611633,0.4198487401008606,0.3897891044616699,False,10.000000000000002
2.0,0.5278980731964111,0.45246005058288574,0.1385963410139084,8.0,0.38891589641571045,0.02940843626856804,0.29450723528862,0.0,isaac,march,0,4,direct,0.5,-0.2,True,False,0.4125504791736603,0.02032024972140789,0.10439366847276688,0.07981729507446289,False,0.4314945936203003,0.4333568215370178,True,0.9168139100074768,0.4314945936203003,0.4333568215370178,False,10.0
2.000000000000001,0.5339744091033936,0.4432772099971771,0.13329845666885376,8.0,0.3901032507419586,0.02741088718175888,0.2505963444709778,0.0,isaac,march,0,5,direct,0.5,-0.2,True,False,0.40339213609695435,0.018991654738783836,0.10717516392469406,0.06618058681488037,False,0.41654080152511597,0.3901289701461792,True,0.9240776300430298,0.41654080152511597,0.3901289701461792,False,10.0
2.0,0.4756629168987274,0.38384655117988586,0.1284329891204834,8.0,0.4085228741168976,0.0235589612275362,0.26175928115844727,0.0,isaac,march,0,6,direct,0.5,-0.2,True,False,0.40236330032348633,0.019025275483727455,0.10515899211168289,0.05913186073303223,False,0.3603696823120117,0.3997647762298584,True,0.884185791015625,0.3603696823120117,0.3997647762298584,False,10.0
2.000000000000001,0.40696239471435547,0.32029810547828674,0.13033843040466309,7.999999999999999,0.4041382372379303,0.022356294095516205,0.2664670944213867,0.0,isaac,march,0,7,direct,0.5,-0.2,True,False,0.4044593572616577,0.01999184489250183,0.10454383492469788,0.05168449878692627,False,0.3030640184879303,0.4073418378829956,True,0.8111006021499634,0.3030640184879303,0.4073418378829956,False,10.0
2.0,0.33249494433403015,0.22017909586429596,0.0022687911987304688,8.0,0.4079800248146057,0.035478267818689346,0.20787811279296875,0.0,isaac,march,0,8,direct,0.5,-0.2,True,False,0.40429234504699707,0.021899443119764328,0.10053525120019913,0.04893970489501953,False,0.21117877960205078,0.2159135341644287,True,0.7404749393463135,0.21117877960205078,0.2159135341644287,False,10.0
2.000000000000001,0.48608556389808655,0.4479367434978485,-0.3266878128051758,8.0,0.4012438952922821,0.04292083904147148,0.2753255367279053,0.0,isaac,march,0,9,direct,0.5,-0.2,True,False,0.4477761387825012,0.022620249539613724,0.1103251650929451,0.0835796594619751,False,0.4244537949562073,0.333593487739563,True,0.8873293995857239,0.4244537949562073,0.333593487739563,False,10.0
2.0,0.8214043974876404,0.7219938039779663,-0.2921558618545532,8.0,0.4029862880706787,0.04228948801755905,0.26511967182159424,0.0,isaac,march,0,10,direct,0.5,-0.2,True,False,0.45253366231918335,0.021427849307656288,0.10401950776576996,0.06965982913970947,False,0.6814895272254944,0.5303081274032593,True,1.2243907451629639,0.6814895272254944,0.5303081274032593,False,10.0
2.000000000000001,0.7427562475204468,0.6311039924621582,-0.15704739093780518,7.999999999999999,0.410944402217865,0.03770579770207405,0.29903101921081543,0.0,isaac,march,0,11,direct,0.5,-0.2,True,False,0.4415137767791748,0.019869813695549965,0.10156954824924469,0.07610952854156494,False,0.5935052633285522,0.3694570064544678,True,1.153700590133667,0.5935052633285522,0.3694570064544678,False,10.0
2.0,0.7964431047439575,0.7084661722183228,0.12845659255981445,8.0,0.41262131929397583,0.031379133462905884,0.22347784042358398,0.0,isaac,march,0,12,direct,0.5,-0.2,True,False,0.42060256004333496,0.019767414778470993,0.09210135042667389,0.04278421401977539,False,0.6770910620689392,0.3935096263885498,True,1.2090644836425781,0.6770910620689392,0.3935096263885498,False,10.0
2.000000000000001,0.8333490490913391,0.7543883323669434,0.19992494583129883,8.0,0.40325504541397095,0.03027264215052128,0.21882152557373047,0.0,isaac,march,0,13,direct,0.5,-0.2,True,False,0.41498538851737976,0.019697856158018112,0.09828738123178482,0.05603170394897461,False,0.7249158620834351,0.4214344024658203,True,1.23660409450531,0.7249158620834351,0.4214344024658203,False,10.0
2.0,0.7529630661010742,0.6751146912574768,0.046478271484375,8.0,0.3980623483657837,0.03893910348415375,0.2193940281867981,0.0,isaac,march,0,14,direct,0.5,-0.2,True,False,0.41937708854675293,0.02131967805325985,0.10766135156154633,0.06960415840148926,False,0.6380284428596497,0.3624589443206787,True,1.151025414466858,0.6380284428596497,0.3624589443206787,False,10.0
2.000000000000001,0.48486363887786865,0.3895643353462219,-0.013908147811889648,7.999999999999999,0.39553093910217285,0.03905501216650009,0.23417282104492188,0.0,isaac,march,0,15,direct,0.5,-0.2,True,False,0.4070509970188141,0.021203091368079185,0.11282185465097427,0.08763337135314941,False,0.3530256748199463,0.2218303680419922,True,0.8803946375846863,0.3530256748199463,0.2218303680419922,False,10.0
2.0,0.4604814946651459,0.36856505274772644,0.02953815460205078,8.0,0.3967582583427429,0.03308882936835289,0.1502242088317871,0.5,isaac,march,1,0,direct,0.5,-0.2,True,False,0.40763217210769653,0.020102793350815773,0.1168280839920044,0.04989147186279297,False,0.33702966570854187,0.19213438034057617,True,0.8572397828102112,0.33702966570854187,0.19213438034057617,False,10.0
2.000000000000001,0.3500312268733978,0.28453704714775085,0.06667447090148926,8.0,0.40075406432151794,0.01730550080537796,0.10247659683227539,0.5,isaac,march,1,1,direct,0.5,-0.2,True,False,0.4940495789051056,0.01991143636405468,0.10547740012407303,0.028897523880004883,False,0.2796735167503357,0.1697368621826172,True,0.7507853507995605,0.2796735167503357,0.1697368621826172,False,10.0
2.0,0.5234540104866028,0.4424465298652649,0.12665539979934692,8.0,0.39379942417144775,0.023983830586075783,0.06869363784790039,0.5,isaac,march,1,2,direct,0.5,-0.2,True,False,0.469986230134964,0.019647683948278427,0.10708791762590408,0.018502771854400635,False,0.43577611446380615,0.1985539197921753,True,0.9172534942626953,0.43577611446380615,0.1985539197921753,False,10.0
2.000000000000001,0.5360191464424133,0.439155638217926,0.16956138610839844,8.0,0.3938903212547302,0.023628829047083855,0.011936664581298828,0.5,isaac,march,1,3,direct,0.5,-0.2,True,False,0.43651387095451355,0.018940219655632973,0.09768255054950714,0.004761457443237305,False,0.4352993369102478,0.18242454528808594,True,0.9299094676971436,0.4352993369102478,0.18242454528808594,False,10.000000000000002
2.0,0.5278980731964111,0.45246005058288574,0.1385963410139084,8.0,0.3940805196762085,0.0273154117166996,0.06359755992889404,0.5,isaac,march,1,4,direct,0.5,-0.2,True,False,0.4125504791736603,0.019164910539984703,0.0958416759967804,0.0073573291301727295,False,0.4454524517059326,0.20700614154338837,True,0.9219785928726196,0.4454524517059326,0.20700614154338837,False,10.0
2.000000000000001,0.5339744091033936,0.4432772099971771,0.13329845666885376,8.0,0.38885968923568726,0.02388145588338375,0.057629406452178955,0.5,isaac,march,1,5,direct,0.5,-0.2,True,False,0.40339213609695435,0.019131828099489212,0.11250419169664383,0.006886601448059082,False,0.4304700195789337,0.20306748151779175,True,0.922834038734436,0.4304700195789337,0.20306748151779175,False,10.0
2.0,0.4756629168987274,0.38384655117988586,0.1284329891204834,8.0,0.40472614765167236,0.013276861049234867,0.057180166244506836,0.5,isaac,march,1,6,direct,0.5,-0.2,True,False,0.40236330032348633,0.0183562058955431,0.10772839188575745,-0.0023832321166992188,False,0.3721220791339874,0.20238971710205078,True,0.8803890347480774,0.3721220791339874,0.20238971710205078,False,10.0
2.000000000000001,0.40696239471435547,0.32029810547828674,0.13033843040466309,7.999999999999999,0.39770078659057617,0.023615330457687378,0.0650489330291748,0.5,isaac,march,1,7,direct,0.5,-0.2,True,False,0.4044593572616577,0.01934206858277321,0.10808359831571579,-0.015056848526000977,False,0.32154712080955505,0.21531355381011963,True,0.8046631813049316,0.32154712080955505,0.21531355381011963,False,10.0
2.0,0.33249494433403015,0.22017909586429596,0.0022687911987304688,8.0,0.4115287661552429,0.03538269177079201,0.11403298377990723,0.5,isaac,march,1,8,direct,0.5,-0.2,True,False,0.40429234504699707,0.022349616512656212,0.09995788335800171,0.009346961975097656,False,0.2214774191379547,0.1297461986541748,True,0.7440236806869507,0.2214774191379547,0.1297461986541748,False,10.0
2.000000000000001,0.48608556389808655,0.4479367434978485,-0.3266878128051758,8.0,0.4028959572315216,0.04415734112262726,0.3844841718673706,0.5,isaac,march,1,9,direct,0.5,-0.2,True,False,0.4477761387825012,0.02269674651324749,0.10416266322135925,0.06376135349273682,False,0.41780832409858704,0.33344924449920654,True,0.8889814615249634,0.41780832409858704,0.33344924449920654,False,10.0
2.0,0.8214043974876404,0.7219938039779663,-0.2921558618545532,8.0,0.4032006859779358,0.04785044491291046,0.35967421531677246,0.5,isaac,march,1,10,direct,0.5,-0.2,True,False,0.45253366231918335,0.02131763845682144,0.10571204125881195,0.0647127628326416,False,0.6746552586555481,0.5303081274032593,True,1.2246050834655762,0.6746552586555481,0.5303081274032593,False,10.0
2.000000000000001,0.7427562475204468,0.6311039924621582,-0.15704739093780518,7.999999999999999,0.4100099802017212,0.03678971529006958,0.2661468982696533,0.5,isaac,march,1,11,direct,0.5,-0.2,True,False,0.4415137767791748,0.019677206873893738,0.09719811379909515,0.033277273178100586,False,0.5944711565971375,0.3694570064544678,True,1.152766227722168,0.5944711565971375,0.3694570064544678,False,10.0
2.0,0.7964431047439575,0.7084661722183228,0.12845659255981445,8.0,0.40901243686676025,0.02528616227209568,0.031372785568237305,0.5,isaac,march,1,12,direct,0.5,-0.2,True,False,0.42060256004333496,0.019180724397301674,0.09510780870914459,0.009239912033081055,False,0.6847129464149475,0.3935096263885498,True,1.2054555416107178,0.6847129464149475,0.3935096263885498,False,10.0
2.000000000000001,0.8333490490913391,0.7543883323669434,0.19992494583129883,8.0,0.3970531225204468,0.030223160982131958,-0.006352663040161133,0.5,isaac,march,1,13,direct,0.5,-0.2,True,False,0.41498538851737976,0.02098711207509041,0.1084512323141098,0.0048427581787109375,False,0.728833794593811,0.39670872688293457,True,1.2304022312164307,0.728833794593811,0.39670872688293457,False,10.0
2.0,0.7529630661010742,0.6751146912574768,0.046478271484375,8.0,0.39928674697875977,0.04255470260977745,0.11773490905761719,0.5,isaac,march,1,14,direct,0.5,-0.2,True,False,0.41937708854675293,0.021631591022014618,0.11217710375785828,0.03645867109298706,False,0.6364803314208984,0.3624589443206787,True,1.152249813079834,0.6364803314208984,0.3624589443206787,False,10.0
2.000000000000001,0.48486363887786865,0.3895643353462219,-0.013908147811889648,7.999999999999999,0.3956134021282196,0.042184144258499146,0.15059137344360352,0.5,isaac,march,1,15,direct,0.5,-0.2,True,False,0.4070509970188141,0.021408692002296448,0.11098223924636841,0.049759864807128906,False,0.3537159562110901,0.2218303680419922,True,0.8804770708084106,0.3537159562110901,0.2218303680419922,False,10.0
2.0,0.4604814946651459,0.36856505274772644,0.02953815460205078,8.0,0.39572542905807495,0.033726148307323456,0.0874333381652832,1.0,isaac,march,2,0,direct,0.5,-0.2,True,False,0.40763217210769653,0.01983216591179371,0.11463481187820435,0.03401613235473633,False,0.3375398814678192,0.19213438034057617,True,0.8562068939208984,0.3375398814678192,0.19213438034057617,False,10.0
2.000000000000001,0.3500312268733978,0.28453704714775085,0.06667447090148926,8.0,0.3997035026550293,0.022491957992315292,0.04056501388549805,1.0,isaac,march,2,1,direct,0.5,-0.2,True,False,0.4940495789051056,0.020625749602913857,0.1103183925151825,0.0209963321685791,False,0.2768547832965851,0.11117315292358398,True,0.7497347593307495,0.2768547832965851,0.11117315292358398,False,10.0
2.0,0.5234540104866028,0.4424465298652649,0.12665539979934692,8.0,0.39569175243377686,0.017154015600681305,-0.007280528545379639,1.0,isaac,march,2,2,direct,0.5,-0.2,True,False,0.469986230134964,0.01898075081408024,0.10570359230041504,-0.00452345609664917,False,0.44068628549575806,0.1269555687904358,True,0.9191458225250244,0.44068628549575806,0.1269555687904358,False,10.0
2.000000000000001,0.5360191464424133,0.439155638217926,0.16956138610839844,8.0,0.39646029472351074,0.025919068604707718,-0.06755447387695312,1.0,isaac,march,2,3,direct,0.5,-0.2,True,False,0.43651387095451355,0.01898760348558426,0.09082849323749542,-0.01166534423828125,False,0.44183599948883057,0.1772780418395996,True,0.9324793815612793,0.44183599948883057,0.1772780418395996,False,10.000000000000002
2.0,0.5278980731964111,0.45246005058288574,0.1385963410139084,8.0,0.3934881389141083,0.028916262090206146,-0.024548828601837158,1.0,isaac,march,2,4,direct,0.5,-0.2,True,False,0.4125504791736603,0.0189866553992033,0.09307292103767395,-0.006369888782501221,False,0.44598549604415894,0.15065698325634003,True,0.9213862419128418,0.44598549604415894,0.15065698325634003,False,10.0
2.000000000000001,0.5339744091033936,0.4432772099971771,0.13329845666885376,8.0,0.3890573978424072,0.02326737530529499,-0.02278733253479004,1.0,isaac,march,2,5,direct,0.5,-0.2,True,False,0.40339213609695435,0.019044751301407814,0.10963904857635498,-0.013591945171356201,False,0.43771857023239136,0.15172696113586426,True,0.9230316877365112,0.43771857023239136,0.15172696113586426,False,10.0
2.0,0.4756629168987274,0.38384655117988586,0.1284329891204834,8.0,0.40472012758255005,0.017520342022180557,-0.0265347957611084,1.0,isaac,march,2,6,direct,0.5,-0.2,True,False,0.40236330032348633,0.019033612683415413,0.11138210445642471,-0.01728034019470215,False,0.3802098035812378,0.15334773063659668,True,0.8803829550743103,0.3802098035812378,0.15334773063659668,False,10.0
2.000000000000001,0.40696239471435547,0.32029810547828674,0.13033843040466309,7.999999999999999,0.39579659700393677,0.0225553959608078,-0.02715325355529785,1.0,isaac,march,2,7,direct,0.5,-0.2,True,False,0.4044593572616577,0.020683953538537025,0.11267096549272537,-0.016812443733215332,False,0.32873567938804626,0.14512395858764648,True,0.802759051322937,0.32873567938804626,0.14512395858764648,False,10.0
2.0,0.33249494433403015,0.22017909586429596,0.0022687911987304688,8.0,0.41011562943458557,0.03329126909375191,0.07522249221801758,1.0,isaac,march,2,8,direct,0.5,-0.2,True,False,0.40429234504699707,0.021923674270510674,0.100696861743927,-0.0038967132568359375,False,0.21956300735473633,0.10340094566345215,True,0.7426105737686157,0.21956300735473633,0.10340094566345215,False,10.0
2.000000000000001,0.48608556389808655,0.4479367434978485,-0.3266878128051758,8.0,0.4040130376815796,0.04851632937788963,0.39349377155303955,1.0,isaac,march,2,9,direct,0.5,-0.2,True,False,0.4477761387825012,0.02368783950805664,0.11251381784677505,0.045798420906066895,False,0.4138990044593811,0.333418607711792,True,0.8900985717773438,0.4138990044593811,0.333418607711792,False,10.0
2.0,0.8214043974876404,0.7219938039779663,-0.2921558618545532,8.0,0.4044549763202667,0.04410576447844505,0.34944164752960205,1.0,isaac,march,2,10,direct,0.5,-0.2,True,False,0.45253366231918335,0.021159296855330467,0.1027408316731453,0.030476927757263184,False,0.6780760884284973,0.5303081274032593,True,1.2258594036102295,0.6780760884284973,0.5303081274032593,False,10.0
2.000000000000001,0.7427562475204468,0.6311039924621582,-0.15704739093780518,7.999999999999999,0.4092886447906494,0.0376192145049572,0.2385779619216919,1.0,isaac,march,2,11,direct,0.5,-0.2,True,False,0.4415137767791748,0.020096248015761375,0.09943414479494095,0.017410635948181152,False,0.5934913754463196,0.3694570064544678,True,1.1520447731018066,0.5934913754463196,0.3694570064544678,False,10.0
2.0,0.7964431047439575,0.7084661722183228,0.12845659255981445,8.0,0.4069494307041168,0.02815200202167034,-0.04675149917602539,1.0,isaac,march,2,12,direct,0.5,-0.2,True,False,0.42060256004333496,0.019051313400268555,0.09576631337404251,-0.004508018493652344,False,0.6843034029006958,0.3935096263885498,True,1.203392505645752,0.6843034029006958,0.3935096263885498,False,10.0
2.000000000000001,0.8333490490913391,0.7543883323669434,0.19992494583129883,8.0,0.39637646079063416,0.03267896920442581,-0.09741806983947754,1.0,isaac,march,2,13,direct,0.5,-0.2,True,False,0.41498538851737976,0.019591031596064568,0.10617328435182571,-0.007807731628417969,False,0.7313868999481201,0.39670872688293457,True,1.2297254800796509,0.7313868999481201,0.39670872688293457,False,10.0
2.0,0.7529630661010742,0.6751146912574768,0.046478271484375,8.0,0.39860811829566956,0.04150204733014107,0.044959425926208496,1.0,isaac,march,2,14,direct,0.5,-0.2,True,False,0.41937708854675293,0.02366076409816742,0.11145932972431183,0.013385593891143799,False,0.642637312412262,0.3624589443206787,True,1.151571273803711,0.642637312412262,0.3624589443206787,False,10.0
2.000000000000001,0.48486363887786865,0.3895643353462219,-0.013908147811889648,7.999999999999999,0.3950989246368408,0.0420352928340435,0.11141157150268555,1.0,isaac,march,2,15,direct,0.5,-0.2,True,False,0.4070509970188141,0.021282263100147247,0.11164318770170212,0.03350567817687988,False,0.35433006286621094,0.2218303680419922,True,0.879962682723999,0.35433006286621094,0.2218303680419922,False,10.0
2.0,0.42147716879844666,0.3197096288204193,0.025748372077941895,8.0,0.40069371461868286,0.03125503286719322,0.24835610389709473,0.0,isaac,march,3,0,direct,0.5,0.0,True,False,0.40813836455345154,0.02052151970565319,0.11588876694440842,0.09889888763427734,False,0.28946512937545776,0.2741044759750366,True,0.8221708536148071,0.28946512937545776,0.2741044759750366,False,10.0
2.000000000000001,0.3726576566696167,0.2935451567173004,0.1141737699508667,8.0,0.40204596519470215,0.023656195029616356,0.24433398246765137,0.0,isaac,march,3,1,direct,0.5,0.0,True,False,0.49139603972435,0.020056700333952904,0.10316243767738342,0.07966840267181396,False,0.27848413586616516,0.35850775241851807,True,0.7747036218643188,0.27848413586616516,0.35850775241851807,False,10.0
2.0,0.5424615740776062,0.45124882459640503,0.16179132461547852,8.0,0.40005987882614136,0.02607690915465355,0.2534751892089844,0.0,isaac,march,3,2,direct,0.5,0.0,True,False,0.47052934765815735,0.020377526059746742,0.10771936178207397,0.07301592826843262,False,0.431941956281662,0.4152665138244629,True,0.9425214529037476,0.431941956281662,0.4152665138244629,False,10.0
2.000000000000001,0.5638266801834106,0.46118342876434326,0.22832798957824707,8.0,0.41153043508529663,0.03754321113228798,0.2340991497039795,0.0,isaac,march,3,3,direct,0.5,0.0,True,False,0.4401111602783203,0.02058098092675209,0.10605090856552124,0.06640827655792236,False,0.4259423017501831,0.46242713928222656,True,0.9753570556640625,0.4259423017501831,0.46242713928222656,False,10.000000000000002
2.0,0.5806723237037659,0.4844543933868408,0.22149527072906494,8.0,0.404208242893219,0.04218027740716934,0.24562132358551025,0.0,isaac,march,3,4,direct,0.5,0.0,True,False,0.413720041513443,0.020154373720288277,0.10481783747673035,0.07570779323577881,False,0.4445825219154358,0.4675332307815552,True,0.9848805665969849,0.4445825219154358,0.4675332307815552,False,10.0
2.000000000000001,0.5686562061309814,0.46714624762535095,0.21226024627685547,8.0,0.4019887447357178,0.03976327180862427,0.257099986076355,0.0,isaac,march,3,5,direct,0.5,0.0,True,False,0.4022965729236603,0.019020752981305122,0.10766974091529846,0.07465982437133789,False,0.42769020795822144,0.4748058319091797,True,0.9706449508666992,0.42769020795822144,0.4748058319091797,False,10.0
2.0,0.5160834193229675,0.41815444827079773,0.1616201400756836,8.0,0.4095950722694397,0.0241163931787014,0.27866411209106445,0.0,isaac,march,3,6,direct,0.5,0.0,True,False,0.40201500058174133,0.019305096939206123,0.10197685658931732,0.06043124198913574,False,0.3941090404987335,0.45003175735473633,True,0.9256784915924072,0.3941090404987335,0.45003175735473633,False,10.0
2.000000000000001,0.43899011611938477,0.33526697754859924,0.11756277084350586,7.999999999999999,0.410204142332077,0.0298197939991951,0.2658660411834717,0.0,isaac,march,3,7,direct,0.5,0.0,True,False,0.4030483663082123,0.02066572941839695,0.11088134348392487,0.05199742317199707,False,0.3090966045856476,0.39605188369750977,True,0.8491942882537842,0.3090966045856476,0.39605188369750977,False,10.0
2.0,0.34778061509132385,0.22751107811927795,0.019176721572875977,8.0,0.41444987058639526,0.038254838436841965,0.22758197784423828,0.0,isaac,march,3,8,direct,0.5,0.0,True,False,0.4023248553276062,0.021236443892121315,0.09890101850032806,0.04701089859008789,False,0.21054096519947052,0.25255417823791504,True,0.7622305154800415,0.21054096519947052,0.25255417823791504,False,10.0
2.000000000000001,0.47612830996513367,0.43544450402259827,-0.22382616996765137,8.0,0.4001389145851135,0.046563759446144104,0.2910752296447754,0.0,isaac,march,3,9,direct,0.5,0.0,True,False,0.4619836211204529,0.02201133407652378,0.10230211913585663,0.07193946838378906,False,0.41020458936691284,0.2297753095626831,True,0.8762671947479248,0.41020458936691284,0.2297753095626831,False,10.0
2.0,0.8049749135971069,0.7135197520256042,-0.38176000118255615,8.0,0.4022618532180786,0.042501673102378845,0.2591400146484375,0.0,isaac,march,3,10,direct,0.5,0.0,True,False,0.4615010917186737,0.020832393318414688,0.10311034321784973,0.07172811031341553,False,0.6773641705513,0.49687695503234863,True,1.207236886024475,0.6773641705513,0.49687695503234863,False,10.0
2.000000000000001,0.7267559766769409,0.6125952005386353,-0.26934516429901123,7.999999999999999,0.4184521436691284,0.04475325718522072,0.2657989263534546,0.0,isaac,march,3,11,direct,0.5,0.0,True,False,0.4422875642776489,0.0194968543946743,0.09674815088510513,0.07213735580444336,False,0.5678499937057495,0.332783579826355,True,1.1452082395553589,0.5678499937057495,0.332783579826355,False,10.0
2.0,0.767259955406189,0.6699969172477722,0.07614171504974365,8.0,0.40535038709640503,0.03676023706793785,0.22178292274475098,0.0,isaac,march,3,12,direct,0.5,0.0,True,False,0.4222273528575897,0.020716356113553047,0.10287372767925262,0.05395185947418213,False,0.634240984916687,0.36336958408355713,True,1.1726105213165283,0.634240984916687,0.36336958408355713,False,10.0
2.000000000000001,0.7832130193710327,0.703392744064331,0.2542686462402344,8.0,0.4140222370624542,0.03486455976963043,0.2468249797821045,0.0,isaac,march,3,13,direct,0.5,0.0,True,False,0.4178679287433624,0.019513888284564018,0.10144197940826416,0.06436705589294434,False,0.6689782738685608,0.5010936260223389,True,1.197235107421875,0.6689782738685608,0.5010936260223389,False,10.0
2.0,0.7227511405944824,0.6467584371566772,0.16182909905910492,8.0,0.4042438864707947,0.0352761372923851,0.22559593617916107,0.0,isaac,march,3,14,direct,0.5,0.0,True,False,0.42003780603408813,0.020873013883829117,0.10394787788391113,0.07267756015062332,False,0.611630916595459,0.387425035238266,True,1.1269949674606323,0.611630916595459,0.387425035238266,False,10.0
2.000000000000001,0.4609399139881134,0.35803818702697754,-0.01950979232788086,7.999999999999999,0.3935707211494446,0.03888450190424919,0.22171640396118164,0.0,isaac,march,3,15,direct,0.5,0.0,True,False,0.40811142325401306,0.02040914259850979,0.1081351712346077,0.08513212203979492,False,0.3224690854549408,0.20220661163330078,True,0.8545106649398804,0.3224690854549408,0.20220661163330078,False,10.0
2.0,0.42147716879844666,0.3197096288204193,0.025748372077941895,8.0,0.39751315116882324,0.03884978964924812,0.1446399688720703,0.5,isaac,march,4,0,direct,0.5,0.0,True,False,0.40813836455345154,0.020602291449904442,0.113404780626297,0.04781663417816162,False,0.2870433032512665,0.17069578170776367,True,0.8189902901649475,0.2870433032512665,0.17069578170776367,False,10.0
2.000000000000001,0.3726576566696167,0.2935451567173004,0.1141737699508667,8.0,0.3974110782146454,0.026758067309856415,0.07158553600311279,0.5,isaac,march,4,1,direct,0.5,0.0,True,False,0.49139603972435,0.01953938789665699,0.10826756060123444,0.03222382068634033,False,0.28032538294792175,0.1857593059539795,True,0.7700687050819397,0.28032538294792175,0.1857593059539795,False,10.0
2.0,0.5424615740776062,0.45124882459640503,0.16179132461547852,8.0,0.3966298997402191,0.02257082611322403,0.0368119478225708,0.5,isaac,march,4,2,direct,0.5,0.0,True,False,0.47052934765815735,0.020416704937815666,0.11011452972888947,0.009257793426513672,False,0.44721317291259766,0.2019439935684204,True,0.9390914440155029,0.44721317291259766,0.2019439935684204,False,10.0
2.000000000000001,0.5638266801834106,0.46118342876434326,0.22832798957824707,8.0,0.4056156575679779,0.022727077826857567,-0.03632760047912598,0.5,isaac,march,4,3,direct,0.5,0.0,True,False,0.4401111602783203,0.01931224949657917,0.09239650517702103,-0.0057964324951171875,False,0.4452417492866516,0.24481284618377686,True,0.9694423079490662,0.4452417492866516,0.24481284618377686,False,10.000000000000002
2.0,0.5806723237037659,0.4844543933868408,0.22149527072906494,8.0,0.4089943766593933,0.033984024077653885,-0.011179089546203613,0.5,isaac,march,4,4,direct,0.5,0.0,True,False,0.413720041513443,0.020490022376179695,0.09789504110813141,-0.007501363754272461,False,0.4598798155784607,0.2409740686416626,True,0.9896667003631592,0.4598798155784607,0.2409740686416626,False,10.0
2.000000000000001,0.5686562061309814,0.46714624762535095,0.21226024627685547,8.0,0.399137020111084,0.02442103810608387,-0.012537360191345215,0.5,isaac,march,4,5,direct,0.5,0.0,True,False,0.4022965729236603,0.019246086478233337,0.10865925252437592,-0.011598587036132812,False,0.44837313890457153,0.235725998878479,True,0.9677932858467102,0.44837313890457153,0.235725998878479,False,10.0
2.0,0.5160834193229675,0.41815444827079773,0.1616201400756836,8.0,0.4040346145629883,0.019944485276937485,0.0441279411315918,0.5,isaac,march,4,6,direct,0.5,0.0,True,False,0.40201500058174133,0.01942269131541252,0.11609591543674469,-0.0019390583038330078,False,0.4064122438430786,0.2276628017425537,True,0.9201180934906006,0.4064122438430786,0.2276628017425537,False,10.0
2.000000000000001,0.43899011611938477,0.33526697754859924,0.11756277084350586,7.999999999999999,0.40455353260040283,0.025905977934598923,0.055176496505737305,0.5,isaac,march,4,7,direct,0.5,0.0,True,False,0.4030483663082123,0.02121199481189251,0.11488448828458786,-0.01020193099975586,False,0.32491055130958557,0.19563055038452148,True,0.8435436487197876,0.32491055130958557,0.19563055038452148,False,10.0
2.0,0.34778061509132385,0.22751107811927795,0.019176721572875977,8.0,0.4052872061729431,0.03229820355772972,0.11075687408447266,0.5,isaac,march,4,8,direct,0.5,0.0,True,False,0.4023248553276062,0.021373730152845383,0.10350224375724792,0.007413387298583984,False,0.21046969294548035,0.14487290382385254,True,0.7530678510665894,0.21046969294548035,0.14487290382385254,False,10.0
2.000000000000001,0.47612830996513367,0.43544450402259827,-0.22382616996765137,8.0,0.39957189559936523,0.04860552400350571,0.3196399211883545,0.5,isaac,march,4,9,direct,0.5,0.0,True,False,0.4619836211204529,0.02233048714697361,0.10299699753522873,0.051842331886291504,False,0.3999979794025421,0.22967708110809326,True,0.8757001757621765,0.3999979794025421,0.22967708110809326,False,10.0
2.0,0.8049749135971069,0.7135197520256042,-0.38176000118255615,8.0,0.4043790400028229,0.04588780552148819,0.41720467805862427,0.5,isaac,march,4,10,direct,0.5,0.0,True,False,0.4615010917186737,0.0207977257668972,0.10218681395053864,0.0646524429321289,False,0.66849684715271,0.49687695503234863,True,1.2093539237976074,0.66849684715271,0.49687695503234863,False,10.0
2.000000000000001,0.7267559766769409,0.6125952005386353,-0.26934516429901123,7.999999999999999,0.42019063234329224,0.04930097609758377,0.35316842794418335,0.5,isaac,march,4,11,direct,0.5,0.0,True,False,0.4422875642776489,0.019547151401638985,0.10297010093927383,0.057547032833099365,False,0.5633026361465454,0.332783579826355,True,1.146946668624878,0.5633026361465454,0.332783579826355,False,10.0
2.0,0.767259955406189,0.6699969172477722,0.07614171504974365,8.0,0.4041099548339844,0.028756313025951385,0.06584596633911133,0.5,isaac,march,4,12,direct,0.5,0.0,True,False,0.4222273528575897,0.019223487004637718,0.09569010883569717,-0.00043892860412597656,False,0.6438444256782532,0.36336958408355713,True,1.171370029449463,0.6438444256782532,0.36336958408355713,False,10.0
2.000000000000001,0.7832130193710327,0.703392744064331,0.2542686462402344,8.0,0.4095735549926758,0.0341818630695343,-0.04544329643249512,0.5,isaac,march,4,13,direct,0.5,0.0,True,False,0.4178679287433624,0.019020117819309235,0.10355734080076218,-0.007456302642822266,False,0.6733856797218323,0.36377859115600586,True,1.192786693572998,0.6733856797218323,0.36377859115600586,False,10.0
2.0,0.7227511405944824,0.6467584371566772,0.16182909905910492,8.0,0.40251898765563965,0.03495553508400917,0.006376862525939941,0.5,isaac,march,4,14,direct,0.5,0.0,True,False,0.42003780603408813,0.023631414398550987,0.11438055336475372,0.016300827264785767,False,0.6157724857330322,0.32468122243881226,True,1.125270128250122,0.6157724857330322,0.32468122243881226,False,10.0
2.000000000000001,0.4609399139881134,0.35803818702697754,-0.01950979232788086,7.999999999999999,0.39468568563461304,0.04254377260804176,0.15646791458129883,0.5,isaac,march,4,15,direct,0.5,0.0,True,False,0.40811142325401306,0.02057921700179577,0.10734228789806366,0.05093526840209961,False,0.3230518102645874,0.18162250518798828,True,0.8556256294250488,0.3230518102645874,0.18162250518798828,False,10.0
2.0,0.42147716879844666,0.3197096288204193,0.025748372077941895,8.0,0.3972633481025696,0.03487030789256096,0.08724546432495117,1.0,isaac,march,5,0,direct,0.5,0.0,True,False,0.40813836455345154,0.020944811403751373,0.1173657476902008,0.032926321029663086,False,0.2906127870082855,0.14164865016937256,True,0.8187404870986938,0.2906127870082855,0.14164865016937256,False,10.0
2.000000000000001,0.3726576566696167,0.2935451567173004,0.1141737699508667,8.0,0.39801740646362305,0.024967890232801437,0.005175471305847168,1.0,isaac,march,5,1,direct,0.5,0.0,True,False,0.49139603972435,0.019690347835421562,0.10829061269760132,0.014966368675231934,False,0.2879895567893982,0.12197411060333252,True,0.7706750631332397,0.2879895567893982,0.12197411060333252,False,10.0
2.0,0.5424615740776062,0.45124882459640503,0.16179132461547852,8.0,0.39378470182418823,0.02356310933828354,-0.037369608879089355,1.0,isaac,march,5,2,direct,0.5,0.0,True,False,0.47052934765815735,0.02010250836610794,0.10739505290985107,0.0033224821090698242,False,0.4513978064060211,0.16228485107421875,True,0.9362462759017944,0.4513978064060211,0.16228485107421875,False,10.0
2.000000000000001,0.5638266801834106,0.46118342876434326,0.22832798957824707,8.0,0.40600740909576416,0.02501389943063259,-0.12173819541931152,1.0,isaac,march,5,3,direct,0.5,0.0,True,False,0.4401111602783203,0.01912202313542366,0.10420870035886765,-0.009045958518981934,False,0.44945916533470154,0.24481284618377686,True,0.96983402967453,0.44945916533470154,0.24481284618377686,False,10.000000000000002
2.0,0.5806723237037659,0.4844543933868408,0.22149527072906494,8.0,0.4074656665325165,0.032587047666311264,-0.10675477981567383,1.0,isaac,march,5,4,direct,0.5,0.0,True,False,0.413720041513443,0.020226897671818733,0.10072046518325806,-0.005289196968078613,False,0.46638554334640503,0.2409740686416626,True,0.98813796043396,0.46638554334640503,0.2409740686416626,False,10.0
2.000000000000001,0.5686562061309814,0.46714624762535095,0.21226024627685547,8.0,0.3981839418411255,0.02016308531165123,-0.09563004970550537,1.0,isaac,march,5,5,direct,0.5,0.0,True,False,0.4022965729236603,0.019077133387327194,0.1106279268860817,-0.014224648475646973,False,0.4548946022987366,0.23183023929595947,True,0.9668400883674622,0.4548946022987366,0.23183023929595947,False,10.0
2.0,0.5160834193229675,0.41815444827079773,0.1616201400756836,8.0,0.4039583206176758,0.013205080293118954,-0.048421621322631836,1.0,isaac,march,5,6,direct,0.5,0.0,True,False,0.40201500058174133,0.019954504445195198,0.11454452574253082,-0.02097034454345703,False,0.4103364050388336,0.1880810260772705,True,0.9200417995452881,0.4103364050388336,0.1880810260772705,False,10.0
2.000000000000001,0.43899011611938477,0.33526697754859924,0.11756277084350586,7.999999999999999,0.4029284417629242,0.028015239164233208,-0.023189783096313477,1.0,isaac,march,5,7,direct,0.5,0.0,True,False,0.4030483663082123,0.02116917073726654,0.11934567242860794,-0.01594090461730957,False,0.33261680603027344,0.14837193489074707,True,0.8419185876846313,0.33261680603027344,0.14837193489074707,False,10.0
2.0,0.34778061509132385,0.22751107811927795,0.019176721572875977,8.0,0.4132976531982422,0.029535971581935883,0.06882524490356445,1.0,isaac,march,5,8,direct,0.5,0.0,True,False,0.4023248553276062,0.02157868631184101,0.10196495056152344,-0.0037691593170166016,False,0.2178509682416916,0.10365176200866699,True,0.7610782980918884,0.2178509682416916,0.10365176200866699,False,10.0
2.000000000000001,0.47612830996513367,0.43544450402259827,-0.22382616996765137,8.0,0.39887523651123047,0.04815876483917236,0.2948286533355713,1.0,isaac,march,5,9,direct,0.5,0.0,True,False,0.4619836211204529,0.023024827241897583,0.1027650237083435,0.0250166654586792,False,0.40416887402534485,0.22960293292999268,True,0.8750035762786865,0.40416887402534485,0.22960293292999268,False,10.0
2.0,0.8049749135971069,0.7135197520256042,-0.38176000118255615,8.0,0.40529757738113403,0.046391312032938004,0.43158453702926636,1.0,isaac,march,5,10,direct,0.5,0.0,True,False,0.4615010917186737,0.021390993148088455,0.10155150294303894,0.047732651233673096,False,0.6674633026123047,0.49687695503234863,True,1.2102725505828857,0.6674633026123047,0.49687695503234863,False,10.0
2.000000000000001,0.7267559766769409,0.6125952005386353,-0.26934516429901123,7.999999999999999,0.4210990071296692,0.046768203377723694,0.34775733947753906,1.0,isaac,march,5,11,direct,0.5,0.0,True,False,0.4422875642776489,0.019294103607535362,0.09778380393981934,0.026702523231506348,False,0.5661961436271667,0.332783579826355,True,1.1478550434112549,0.5661961436271667,0.332783579826355,False,10.0
2.0,0.767259955406189,0.6699969172477722,0.07614171504974365,8.0,0.40773507952690125,0.029361940920352936,0.005826115608215332,1.0,isaac,march,5,12,direct,0.5,0.0,True,False,0.4222273528575897,0.019171668216586113,0.0972663089632988,-0.004147052764892578,False,0.6441155672073364,0.36336958408355713,True,1.1749951839447021,0.6441155672073364,0.36336958408355713,False,10.0
2.000000000000001,0.7832130193710327,0.703392744064331,0.2542686462402344,8.0,0.40734776854515076,0.03648710995912552,-0.1417865753173828,1.0,isaac,march,5,13,direct,0.5,0.0,True,False,0.4178679287433624,0.02052769996225834,0.11602997034788132,-0.012680530548095703,False,0.6752806305885315,0.36377859115600586,True,1.1905608177185059,0.6752806305885315,0.36377859115600586,False,10.0
2.0,0.7227511405944824,0.6467584371566772,0.16182909905910492,8.0,0.39768946170806885,0.03874136134982109,-0.06802256405353546,1.0,isaac,march,5,14,direct,0.5,0.0,True,False,0.42003780603408813,0.02388748899102211,0.11678074300289154,0.008176207542419434,False,0.6184051036834717,0.32468122243881226,True,1.1204406023025513,0.6184051036834717,0.32468122243881226,False,10.0
2.000000000000001,0.4609399139881134,0.35803818702697754,-0.01950979232788086,7.999999999999999,0.3932167887687683,0.044260650873184204,0.12007713317871094,1.0,isaac,march,5,15,direct,0.5,0.0,True,False,0.40811142325401306,0.020771019160747528,0.11280815303325653,0.03996849060058594,False,0.323914498090744,0.18162250518798828,True,0.8541567325592041,0.323914498090744,0.18162250518798828,False,10.0
2.0,0.41863539814949036,0.3403652608394623,0.19922232627868652,8.0,0.40152066946029663,0.03061719611287117,0.2551618814468384,0.0,isaac,march,6,0,direct,0.5,0.2,True,False,0.4968346953392029,0.020144091919064522,0.11294181644916534,0.09333902597427368,False,0.3170906901359558,0.4543842077255249,True,0.8201560974121094,0.3170906901359558,0.4543842077255249,False,10.0
2.000000000000001,0.5870196223258972,0.5081276893615723,0.2483920454978943,8.0,0.4072156548500061,0.017911134287714958,0.2283882200717926,0.0,isaac,march,6,1,direct,0.5,0.2,True,False,0.476813942193985,0.020420264452695847,0.10349519550800323,0.0725984275341034,False,0.5023899078369141,0.4767802655696869,True,0.9942352771759033,0.5023899078369141,0.4767802655696869,False,10.0
2.0,0.6694960594177246,0.5873978137969971,0.4275768995285034,8.0,0.40627849102020264,0.02537134848535061,0.2213897705078125,0.0,isaac,march,6,2,direct,0.5,0.2,True,False,0.406722754240036,0.01966194435954094,0.10604749619960785,0.06849384307861328,False,0.5655243992805481,0.6489666700363159,True,1.0757745504379272,0.5655243992805481,0.6489666700363159,False,10.0
2.000000000000001,0.6665229797363281,0.5750237107276917,0.4014260768890381,8.0,0.4021446108818054,0.03419223055243492,0.22071945667266846,0.0,isaac,march,6,3,direct,0.5,0.2,True,False,0.41971907019615173,0.018462616950273514,0.0970112755894661,0.06505483388900757,False,0.5457157492637634,0.6221455335617065,True,1.0686676502227783,0.5457157492637634,0.6221455335617065,False,10.000000000000002
2.0,0.6766147017478943,0.5779317617416382,0.303377628326416,8.0,0.4032348096370697,0.045119330286979675,0.2594273090362549,0.0,isaac,march,6,4,direct,0.5,0.2,True,False,0.39890724420547485,0.019980955868959427,0.1010565385222435,0.07481503486633301,False,0.5358050465583801,0.5632293224334717,True,1.0798494815826416,0.5358050465583801,0.5632293224334717,False,10.0
2.000000000000001,0.6196311712265015,0.5145710110664368,0.3017970323562622,8.0,0.40501880645751953,0.04048989713191986,0.26103687286376953,0.0,isaac,march,6,5,direct,0.5,0.2,True,False,0.405788391828537,0.018898965790867805,0.10719117522239685,0.0682988166809082,False,0.4741370975971222,0.5697668790817261,True,1.0246500968933105,0.4741370975971222,0.5697668790817261,False,10.0
2.0,0.4901084005832672,0.39006876945495605,0.1853492259979248,8.0,0.40887516736984253,0.026767022907733917,0.26432323455810547,0.0,isaac,march,6,6,direct,0.5,0.2,True,False,0.40454789996147156,0.0188697949051857,0.10079874098300934,0.05035686492919922,False,0.36331236362457275,0.4627053737640381,True,0.8989835977554321,0.36331236362457275,0.4627053737640381,False,10.0
2.000000000000001,0.38800591230392456,0.29576563835144043,0.14299511909484863,7.999999999999999,0.397381067276001,0.022548537701368332,0.2370004653930664,0.0,isaac,march,6,7,direct,0.5,0.2,True,False,0.41264399886131287,0.019979683682322502,0.1027785986661911,0.038082122802734375,False,0.28034427762031555,0.39322996139526367,True,0.7853869795799255,0.28034427762031555,0.39322996139526367,False,10.0
2.0,0.7154586911201477,0.6560492515563965,-0.3023197650909424,8.0,0.4053395688533783,0.03636395186185837,0.22012782096862793,0.0,isaac,march,6,8,direct,0.5,0.2,True,False,0.49817919731140137,0.02176859974861145,0.09992665797472,0.046675920486450195,False,0.6320042014122009,0.3754584789276123,True,1.1207983493804932,0.6320042014122009,0.3754584789276123,False,10.0
2.000000000000001,0.49857014417648315,0.45937272906303406,-0.20287561416625977,8.0,0.40232765674591064,0.045056361705064774,0.2719688415527344,0.0,isaac,march,6,9,direct,0.5,0.2,True,False,0.4953139126300812,0.021968873217701912,0.10645595192909241,0.06074643135070801,False,0.4296492338180542,0.20920491218566895,True,0.9008978605270386,0.4296492338180542,0.20920491218566895,False,10.0
2.0,0.7316008806228638,0.6613588929176331,-0.35465365648269653,8.0,0.39121073484420776,0.032580748200416565,0.2565403878688812,0.0,isaac,march,6,10,direct,0.5,0.2,True,False,0.4475758969783783,0.021312374621629715,0.10145007818937302,0.06306084990501404,False,0.6351057291030884,0.39962416887283325,True,1.1228115558624268,0.6351057291030884,0.39962416887283325,False,10.0
2.000000000000001,0.7566316723823547,0.657762885093689,-0.29997262358665466,7.999999999999999,0.4000266194343567,0.03157654404640198,0.2693657875061035,0.0,isaac,march,6,11,direct,0.5,0.2,True,False,0.43068453669548035,0.020364467054605484,0.10127222537994385,0.07142680883407593,False,0.6306629776954651,0.4106941521167755,True,1.156658411026001,0.6306629776954651,0.4106941521167755,False,10.0
2.0,0.7438197731971741,0.6439586281776428,0.05585247278213501,8.0,0.40264448523521423,0.024210141971707344,0.21397215127944946,0.0,isaac,march,6,12,direct,0.5,0.2,True,False,0.4307660758495331,0.018950849771499634,0.09199925512075424,0.03937947750091553,False,0.620536208152771,0.31313377618789673,True,1.146464228630066,0.620536208152771,0.31313377618789673,False,10.0
2.000000000000001,0.7410945892333984,0.655458927154541,0.2996037006378174,8.0,0.4152671992778778,0.03868362680077553,0.2176985740661621,0.0,isaac,march,6,13,direct,0.5,0.2,True,False,0.42702487111091614,0.01969754323363304,0.09732997417449951,0.055045127868652344,False,0.6177207827568054,0.5184872150421143,True,1.156361699104309,0.6177207827568054,0.5184872150421143,False,10.0
2.0,0.4695623219013214,0.36219605803489685,-0.0860733836889267,8.0,0.3982038199901581,0.04130996763706207,0.2014845758676529,0.0,isaac,march,6,14,direct,0.5,0.2,True,False,0.416459858417511,0.020572999492287636,0.10427514463663101,0.07275289297103882,False,0.3325310945510864,0.21102257072925568,True,0.8677660226821899,0.3325310945510864,0.21102257072925568,False,10.0
2.000000000000001,0.3862791061401367,0.31620460748672485,0.14252007007598877,7.999999999999999,0.3916211724281311,0.03444015979766846,0.23917222023010254,0.0,isaac,march,6,15,direct,0.5,0.2,True,False,0.4924001693725586,0.0208649393171072,0.10779514163732529,0.08271992206573486,False,0.30413341522216797,0.3816922903060913,True,0.777900218963623,0.30413341522216797,0.3816922903060913,False,10.0
2.0,0.41863539814949036,0.3403652608394623,0.19922232627868652,8.0,0.3974297046661377,0.044725123792886734,0.03428328037261963,0.5,isaac,march,7,0,direct,0.5,0.2,True,False,0.4968346953392029,0.019588055089116096,0.1255623698234558,0.0398409366607666,False,0.3342474400997162,0.2351437211036682,True,0.8160651326179504,0.3342474400997162,0.2351437211036682,False,10.0
2.000000000000001,0.5870196223258972,0.5081276893615723,0.2483920454978943,8.0,0.3955129384994507,0.02480209246277809,-0.02016317844390869,0.5,isaac,march,7,1,direct,0.5,0.2,True,False,0.476813942193985,0.019585315138101578,0.11050406098365784,0.01578652858734131,False,0.5086011290550232,0.2504976987838745,True,0.9825326204299927,0.5086011290550232,0.2504976987838745,False,10.0
2.0,0.6694960594177246,0.5873978137969971,0.4275768995285034,8.0,0.39458703994750977,0.03404497727751732,-0.17011260986328125,0.5,isaac,march,7,2,direct,0.5,0.2,True,False,0.406722754240036,0.02210298739373684,0.12471640855073929,-0.0305633544921875,False,0.5892758369445801,0.43108928203582764,True,1.0640830993652344,0.5892758369445801,0.43108928203582764,False,10.0
2.000000000000001,0.6665229797363281,0.5750237107276917,0.4014260768890381,8.0,0.40035489201545715,0.026484142988920212,-0.15119647979736328,0.5,isaac,march,7,3,direct,0.5,0.2,True,False,0.41971907019615173,0.01883205585181713,0.09544220566749573,-0.02476024627685547,False,0.5655277371406555,0.4209268093109131,True,1.0668779611587524,0.5655277371406555,0.4209268093109131,False,10.000000000000002
2.0,0.6766147017478943,0.5779317617416382,0.303377628326416,8.0,0.4085485637187958,0.025519955903291702,-0.07425689697265625,0.5,isaac,march,7,4,direct,0.5,0.2,True,False,0.39890724420547485,0.02021028846502304,0.0968390703201294,-0.006593465805053711,False,0.5622204542160034,0.3276228904724121,True,1.0851632356643677,0.5622204542160034,0.3276228904724121,False,10.0
2.000000000000001,0.6196311712265015,0.5145710110664368,0.3017970323562622,8.0,0.40291982889175415,0.02353634685277939,-0.07606053352355957,0.5,isaac,march,7,5,direct,0.5,0.2,True,False,0.405788391828537,0.018946951255202293,0.10737717151641846,-0.0233917236328125,False,0.4964713752269745,0.33395445346832275,True,1.0225510597229004,0.4964713752269745,0.33395445346832275,False,10.0
2.0,0.4901084005832672,0.39006876945495605,0.1853492259979248,8.0,0.403772234916687,0.020069655030965805,0.026233673095703125,0.5,isaac,march,7,6,direct,0.5,0.2,True,False,0.40454789996147156,0.020103251561522484,0.1163933277130127,-0.019388198852539062,False,0.38013118505477905,0.23615741729736328,True,0.8938807249069214,0.38013118505477905,0.23615741729736328,False,10.0
2.000000000000001,0.38800591230392456,0.29576563835144043,0.14299511909484863,7.999999999999999,0.39088886976242065,0.021438153460621834,0.038198232650756836,0.5,isaac,march,7,7,direct,0.5,0.2,True,False,0.41264399886131287,0.021115735173225403,0.11296845972537994,-0.00779271125793457,False,0.2968415319919586,0.20377326011657715,True,0.7788947820663452,0.2968415319919586,0.20377326011657715,False,10.0
2.0,0.7154586911201477,0.6560492515563965,-0.3023197650909424,8.0,0.40813082456588745,0.03755096718668938,0.3345308303833008,0.5,isaac,march,7,8,direct,0.5,0.2,True,False,0.49817919731140137,0.021540243178606033,0.10071852803230286,0.03778576850891113,False,0.6274979114532471,0.3754584789276123,True,1.1235895156860352,0.6274979114532471,0.3754584789276123,False,10.0
2.000000000000001,0.49857014417648315,0.45937272906303406,-0.20287561416625977,8.0,0.40045642852783203,0.045127905905246735,0.3005964756011963,0.5,isaac,march,7,9,direct,0.5,0.2,True,False,0.4953139126300812,0.022170329466462135,0.10127947479486465,0.04854536056518555,False,0.4264911115169525,0.20920491218566895,True,0.8990265727043152,0.4264911115169525,0.20920491218566895,False,10.0
2.0,0.7316008806228638,0.6613588929176331,-0.35465365648269653,8.0,0.3927074372768402,0.039247844368219376,0.4040611982345581,0.5,isaac,march,7,10,direct,0.5,0.2,True,False,0.4475758969783783,0.021290194243192673,0.10526487231254578,0.06467661261558533,False,0.6257443428039551,0.39962416887283325,True,1.1243083477020264,0.6257443428039551,0.39962416887283325,False,10.0
2.000000000000001,0.7566316723823547,0.657762885093689,-0.29997262358665466,7.999999999999999,0.40490958094596863,0.03433450311422348,0.36221805214881897,0.5,isaac,march,7,11,direct,0.5,0.2,True,False,0.43068453669548035,0.01975937932729721,0.0994357019662857,0.05756375193595886,False,0.6243524551391602,0.4106941521167755,True,1.161541223526001,0.6243524551391602,0.4106941521167755,False,10.0
2.0,0.7438197731971741,0.6439586281776428,0.05585247278213501,8.0,0.4028167426586151,0.024185597896575928,0.07123130559921265,0.5,isaac,march,7,12,direct,0.5,0.2,True,False,0.4307660758495331,0.018788237124681473,0.09475281089544296,0.0035277605056762695,False,0.6235377788543701,0.31313377618789673,True,1.1466364860534668,0.6235377788543701,0.31313377618789673,False,10.0
2.000000000000001,0.7410945892333984,0.655458927154541,0.2996037006378174,8.0,0.4078734517097473,0.039466019719839096,-0.08023881912231445,0.5,isaac,march,7,13,direct,0.5,0.2,True,False,0.42702487111091614,0.01943366415798664,0.10463347285985947,-0.009898185729980469,False,0.6202771067619324,0.3331034183502197,True,1.148967981338501,0.6202771067619324,0.3331034183502197,False,10.0
2.0,0.4695623219013214,0.36219605803489685,-0.0860733836889267,8.0,0.3994542956352234,0.04489004611968994,0.19957391917705536,0.5,isaac,march,7,14,direct,0.5,0.2,True,False,0.416459858417511,0.02177799679338932,0.10799698531627655,0.04756012558937073,False,0.32968050241470337,0.21102257072925568,True,0.8690165281295776,0.32968050241470337,0.21102257072925568,False,10.0
2.000000000000001,0.3862791061401367,0.31620460748672485,0.14252007007598877,7.999999999999999,0.39144161343574524,0.045570190995931625,0.0503079891204834,0.5,isaac,march,7,15,direct,0.5,0.2,True,False,0.4924001693725586,0.021406404674053192,0.11360432207584381,0.0307009220123291,False,0.313837468624115,0.19282805919647217,True,0.7777206897735596,0.313837468624115,0.19282805919647217,False,10.0
2.0,0.41863539814949036,0.3403652608394623,0.19922232627868652,8.0,0.3975173234939575,0.046275243163108826,-0.06580519676208496,1.0,isaac,march,8,0,direct,0.5,0.2,True,False,0.4968346953392029,0.020418720319867134,0.11970573663711548,0.02444446086883545,False,0.3400375545024872,0.20230460166931152,True,0.8161526918411255,0.3400375545024872,0.20230460166931152,False,10.0
2.000000000000001,0.5870196223258972,0.5081276893615723,0.2483920454978943,8.0,0.39929139614105225,0.03378365933895111,-0.11860406398773193,1.0,isaac,march,8,1,direct,0.5,0.2,True,False,0.476813942193985,0.022749513387680054,0.11619415879249573,0.007198631763458252,False,0.5152382850646973,0.2504929304122925,True,0.9863110184669495,0.5152382850646973,0.2504929304122925,False,10.0
2.0,0.6694960594177246,0.5873978137969971,0.4275768995285034,8.0,0.3955352008342743,0.03366905823349953,-0.26024162769317627,1.0,isaac,march,8,2,direct,0.5,0.2,True,False,0.406722754240036,0.02196856588125229,0.13638490438461304,-0.04538524150848389,False,0.5957580208778381,0.43108928203582764,True,1.0650311708450317,0.5957580208778381,0.43108928203582764,False,10.0
2.000000000000001,0.6665229797363281,0.5750237107276917,0.4014260768890381,8.0,0.40161874890327454,0.024061180651187897,-0.25159597396850586,1.0,isaac,march,8,3,direct,0.5,0.2,True,False,0.41971907019615173,0.020389465615153313,0.11178766936063766,-0.034835100173950195,False,0.5716242790222168,0.4209268093109131,True,1.0681418180465698,0.5716242790222168,0.4209268093109131,False,10.000000000000002
2.0,0.6766147017478943,0.5779317617416382,0.303377628326416,8.0,0.40545016527175903,0.027574224397540092,-0.17559599876403809,1.0,isaac,march,8,4,direct,0.5,0.2,True,False,0.39890724420547485,0.019816603511571884,0.09849558025598526,-0.018895387649536133,False,0.5650506615638733,0.3276228904724121,True,1.0820648670196533,0.5650506615638733,0.3276228904724121,False,10.0
2.000000000000001,0.6196311712265015,0.5145710110664368,0.3017970323562622,8.0,0.40264892578125,0.023999633267521858,-0.17407989501953125,1.0,isaac,march,8,5,direct,0.5,0.2,True,False,0.405788391828537,0.019845224916934967,0.1144590824842453,-0.021419525146484375,False,0.5071075558662415,0.33395445346832275,True,1.0222800970077515,0.5071075558662415,0.33395445346832275,False,10.0
2.0,0.4901084005832672,0.39006876945495605,0.1853492259979248,8.0,0.4038008749485016,0.01846059039235115,-0.07402276992797852,1.0,isaac,march,8,6,direct,0.5,0.2,True,False,0.40454789996147156,0.020519448444247246,0.11687798798084259,-0.0217440128326416,False,0.3829493820667267,0.21398448944091797,True,0.8939092755317688,0.3829493820667267,0.21398448944091797,False,10.0
2.000000000000001,0.38800591230392456,0.29576563835144043,0.14299511909484863,7.999999999999999,0.39309900999069214,0.030306151136755943,-0.04294323921203613,1.0,isaac,march,8,7,direct,0.5,0.2,True,False,0.41264399886131287,0.021203819662332535,0.11838963627815247,-0.019377470016479492,False,0.2985457181930542,0.15792512893676758,True,0.7811048030853271,0.2985457181930542,0.15792512893676758,False,10.0
2.0,0.7154586911201477,0.6560492515563965,-0.3023197650909424,8.0,0.4077422022819519,0.04058872163295746,0.3471653461456299,1.0,isaac,march,8,8,direct,0.5,0.2,True,False,0.49817919731140137,0.02220572531223297,0.09982484579086304,0.019920825958251953,False,0.6233339309692383,0.3754584789276123,True,1.1232008934020996,0.6233339309692383,0.3754584789276123,False,10.0
2.000000000000001,0.49857014417648315,0.45937272906303406,-0.20287561416625977,8.0,0.40194523334503174,0.045762255787849426,0.275252103805542,1.0,isaac,march,8,9,direct,0.5,0.2,True,False,0.4953139126300812,0.023318756371736526,0.10395810753107071,0.026190519332885742,False,0.4274649918079376,0.20920491218566895,True,0.9005153775215149,0.4274649918079376,0.20920491218566895,False,10.0
2.0,0.7316008806228638,0.6613588929176331,-0.35465365648269653,8.0,0.394191712141037,0.04157865047454834,0.40859556198120117,1.0,isaac,march,8,10,direct,0.5,0.2,True,False,0.4475758969783783,0.020878734067082405,0.10098209232091904,0.03433482348918915,False,0.6256248950958252,0.39962416887283325,True,1.1257925033569336,0.6256248950958252,0.39962416887283325,False,10.0
2.000000000000001,0.7566316723823547,0.657762885093689,-0.29997262358665466,7.999999999999999,0.4038432538509369,0.03087075799703598,0.36490291357040405,1.0,isaac,march,8,11,direct,0.5,0.2,True,False,0.43068453669548035,0.01950809545814991,0.09912554919719696,0.032560884952545166,False,0.6269626021385193,0.4106941521167755,True,1.1604748964309692,0.6269626021385193,0.4106941521167755,False,10.0
2.0,0.7438197731971741,0.6439586281776428,0.05585247278213501,8.0,0.39677858352661133,0.026423495262861252,0.018149375915527344,1.0,isaac,march,8,12,direct,0.5,0.2,True,False,0.4307660758495331,0.019414879381656647,0.09944097697734833,-0.011999428272247314,False,0.6234313249588013,0.31313377618789673,True,1.1405982971191406,0.6234313249588013,0.31313377618789673,False,10.0
2.000000000000001,0.7410945892333984,0.655458927154541,0.2996037006378174,8.0,0.40603744983673096,0.04017651081085205,-0.1961686611175537,1.0,isaac,march,8,13,direct,0.5,0.2,True,False,0.42702487111091614,0.020084990188479424,0.11044517904520035,-0.02195119857788086,False,0.6244808435440063,0.3331034183502197,True,1.1471319198608398,0.6244808435440063,0.3331034183502197,False,10.0
2.0,0.4695623219013214,0.36219605803489685,-0.0860733836889267,8.0,0.3979256749153137,0.04388384148478508,0.1704208105802536,1.0,isaac,march,8,14,direct,0.5,0.2,True,False,0.416459858417511,0.021905997768044472,0.11186164617538452,0.02733558416366577,False,0.32799628376960754,0.21102257072925568,True,0.8674880266189575,0.32799628376960754,0.21102257072925568,False,10.0
2.000000000000001,0.3862791061401367,0.31620460748672485,0.14252007007598877,7.999999999999999,0.3928599953651428,0.05099130794405937,-0.02155923843383789,1.0,isaac,march,8,15,direct,0.5,0.2,True,False,0.4924001693725586,0.02215544879436493,0.11906518787145615,0.024464130401611328,False,0.3194546699523926,0.1487506628036499,True,0.7791391015052795,0.3194546699523926,0.1487506628036499,False,10.0
