time_s,task_logic_ms,observation_actor_ms,physics_and_digest_ms,frame_ms,over_20ms
0.0,0.017358,0.095849,1.768742,2.012406,False
0.02,0.011903,0.075258,1.594387,1.773914,False
0.04,0.008295,0.13455,1.803834,2.032005,False
0.06,0.0103,0.057462,1.763584,1.933694,False
0.08,0.008474,0.052161,1.876269,2.017974,False
0.1,0.010378,0.060761,1.737006,1.921733,False
0.12,0.007947,0.050276,1.634134,1.774897,False
0.14,0.007992,0.050256,1.908779,2.043952,False
0.16,0.010007,0.059774,2.025018,2.214316,False
0.18,0.00953,0.05825,1.850723,2.016051,False
0.2,0.008744,0.086346,1.791546,1.982099,False
0.22,0.008814,0.053323,1.608776,1.756511,False
0.24,0.008099,0.057603,1.731925,1.875418,False
0.26,0.008047,0.051307,1.702357,1.839411,False
0.28,0.008183,0.051075,1.960446,2.107081,False
0.3,0.00927,0.058433,1.784516,1.949114,False
0.32,0.008035,0.051229,1.675205,1.818607,False
0.34,0.008418,0.053907,1.615412,1.757144,False
0.36,0.007806,0.048981,1.662944,1.795384,False
0.38,0.008888,0.05909,1.696292,1.861547,False
0.4,0.00924,0.057252,1.814659,1.968615,False
0.42,0.008664,0.055654,1.815278,1.966649,False
0.44,0.008378,0.053149,1.83404,1.985039,False
0.46,0.008518,0.051967,1.671464,1.81882,False
0.48,0.008592,0.055561,1.67941,1.83888,False
0.5,0.008294,0.051839,1.620251,1.77495,False
0.52,0.007505,0.051465,1.680201,1.813142,False
0.54,0.008638,0.053869,1.604711,1.744724,False
0.56,0.007836,0.04989,1.718483,1.848232,False
0.58,0.00842,0.0525,1.794088,1.937927,False
0.6,0.009022,0.05715,1.924396,2.08327,False
0.62,0.009428,0.059871,1.764071,1.937621,False
0.64,0.008402,0.054514,1.636274,1.781522,False
0.66,0.007979,0.051973,1.629795,1.778239,False
0.68,0.008789,0.052479,1.935983,2.077469,False
0.7000000000000001,0.009874,0.061801,1.937241,2.118999,False
0.72,0.009727,0.059904,1.757529,1.930874,False
0.74,0.008876,0.0557,1.690966,1.839645,False
0.76,0.008344,0.052338,1.675534,1.815476,False
0.78,0.008269,0.053156,1.627839,1.767527,False
0.8,0.00837,0.049501,1.630355,1.767283,False
0.8200000000000001,0.008164,0.051089,1.604429,1.740692,False
0.84,0.008408,0.054719,1.637254,1.809014,False
0.86,0.007988,0.051267,1.899018,2.038776,False
0.88,0.008642,0.053852,1.889125,2.039387,False
0.9,0.00879,0.055142,1.798937,1.952801,False
0.92,0.008873,0.057283,1.73385,1.884255,False
0.9400000000000001,0.008079,0.051527,1.651726,1.790057,False
0.96,0.008124,0.054817,1.774391,1.918515,False
0.98,0.008417,0.053234,1.861887,2.010702,False
1.0,0.008609,0.052737,1.804364,1.954701,False
1.02,0.007684,0.067694,1.663833,1.818346,False
1.04,0.008531,0.052861,1.696963,1.837072,False
1.06,0.008048,0.052526,1.659993,1.798178,False
1.08,0.008941,0.052254,1.900472,2.040666,False
1.1,0.00989,0.05888,1.687898,1.847245,False
1.12,0.008604,0.052959,1.830594,1.979277,False
1.1400000000000001,0.009877,0.058594,1.739826,1.90026,False
1.16,0.008665,0.055659,1.839393,2.009331,False
1.18,0.008493,0.053273,1.725578,1.873984,False
1.2,0.008255,0.049571,1.635949,1.774805,False
1.22,0.008027,0.052917,1.606474,1.745436,False
1.24,0.007597,0.048982,1.714731,1.843141,False
1.26,0.010591,0.082419,1.867504,2.050842,False
1.28,0.008328,0.0525,1.781302,1.930916,False
1.3,0.008517,0.055996,1.712582,1.862046,False
1.32,0.009122,0.063443,1.632516,1.794244,False
1.34,0.007494,0.049376,1.66731,1.800892,False
1.36,0.008735,0.055939,1.599467,1.759507,False
1.3800000000000001,0.007473,0.050787,1.628367,1.761457,False
1.4000000000000001,0.008714,0.054026,1.590569,1.732635,False
1.42,0.008067,0.05328,1.863168,2.010785,False
1.44,0.008424,0.055738,1.811099,1.96025,False
1.46,0.007924,0.051759,1.795669,1.937722,False
1.48,0.008148,0.051181,1.937462,2.076541,False
1.5,0.011328,0.064399,1.768777,1.943146,False
1.52,0.009253,0.058245,1.764638,1.919442,False
1.54,0.009874,0.061092,1.884457,2.049276,False
1.56,0.008996,0.053093,1.731119,1.880427,False
1.58,0.008166,0.052717,1.686994,1.831718,False
1.6,0.008704,0.053914,1.686678,1.83356,False
1.62,0.008174,0.053486,1.650872,1.794084,False
1.6400000000000001,0.008121,0.051975,1.707119,1.84694,False
1.6600000000000001,0.007867,0.052645,1.719917,1.857645,False
1.68,0.010784,0.073216,1.801981,2.018316,False
1.7,0.009693,0.057929,1.755816,1.917685,False
1.72,0.00905,0.058177,2.057823,2.22149,False
1.74,0.01143,0.061804,1.730676,1.901628,False
1.76,0.008095,0.06704,1.669013,1.825104,False
1.78,0.008084,0.050828,1.700975,1.837508,False
1.8,0.008184,0.052083,1.809794,1.944136,False
1.82,0.008582,0.053421,1.85039,2.001618,False
1.84,0.008746,0.053929,1.89845,2.052265,False
1.86,0.008502,0.053711,1.753938,1.902713,False
1.8800000000000001,0.008884,0.059644,1.785658,1.93781,False
1.9000000000000001,0.009173,0.059057,1.585004,1.740934,False
1.92,0.007567,0.06643,1.638324,1.787263,False
1.94,0.008881,0.10734,1.685808,1.884091,False
1.96,0.009159,0.056462,1.678926,1.827398,False
1.98,0.008776,0.055569,1.720412,1.873402,False
2.0,0.007995,0.052493,1.876693,2.018843,False
2.02,0.00827,0.051885,1.78331,1.928785,False
2.04,0.008482,0.053745,1.757896,1.902497,False
2.06,0.012507,0.091783,1.754744,2.058216,False
2.08,0.009485,0.059387,1.878747,2.038564,False
2.1,0.014758,0.069247,2.239565,2.488825,False
2.12,0.010656,0.064744,1.8359,2.01286,False
2.14,0.008951,0.056013,1.598268,1.750089,False
2.16,0.007915,0.052105,1.699476,1.836161,False
2.18,0.007948,0.052236,1.670255,1.808521,False
2.2,0.008521,0.050943,1.623979,1.763245,False
2.22,0.008316,0.052881,1.687176,1.827202,False
2.24,0.007954,0.055121,1.704705,1.844796,False
2.2600000000000002,0.008863,0.056335,1.781156,1.939587,False
2.2800000000000002,0.008561,0.054304,1.965761,2.111406,False
2.3000000000000003,0.009139,0.059359,1.848135,2.011623,False
2.32,0.008207,0.052491,1.651895,1.801982,False
2.34,0.008379,0.053105,1.724846,1.86613,False
2.36,0.008204,0.052993,1.754388,1.894952,False
2.38,0.008657,0.052707,1.82315,1.973501,False
2.4,0.010774,0.051342,1.799342,1.949031,False
2.42,0.007507,0.051055,1.763481,1.902583,False
2.44,0.007999,0.054445,1.590239,1.732732,False
2.46,0.007208,0.050728,1.73044,1.860925,False
2.48,0.008216,0.052322,1.590179,1.738279,False
2.5,0.00852,0.065101,1.660034,1.818631,False
2.52,0.008082,0.056377,1.626994,1.773264,False
2.54,0.007778,0.052232,1.77584,1.915814,False
2.56,0.007693,0.050881,1.663336,1.803364,False
2.58,0.007237,0.050486,1.810288,1.949225,False
2.6,0.007401,0.050684,1.811463,1.950253,False
2.62,0.007346,0.050957,1.70663,1.844077,False
2.64,0.00769,0.052583,1.817861,1.961052,False
2.66,0.007872,0.053812,1.820491,1.971501,False
2.68,0.007331,0.051865,1.873177,2.017291,False
2.7,0.007751,0.05141,1.623461,1.768913,False
2.72,0.006954,0.049168,1.659638,1.787099,False
2.74,0.006792,0.050577,1.634167,1.766349,False
2.7600000000000002,0.007168,0.052695,1.732974,1.872205,False
2.7800000000000002,0.007729,0.053658,1.580903,1.720645,False
2.8000000000000003,0.007823,0.052038,1.596192,1.746019,False
2.82,0.007884,0.054214,1.780964,1.950598,False
2.84,0.007295,0.055301,1.828312,1.972406,False
2.86,0.00774,0.05706,1.782255,1.965648,False
2.88,0.007286,0.051607,1.599874,1.739638,False
2.9,0.00773,0.052562,1.684993,1.835713,False
2.92,0.007797,0.05072,1.701933,1.843715,False
2.94,0.007558,0.050962,1.857194,2.005227,False
2.96,0.00776,0.051433,1.883676,2.031511,False
2.98,0.007711,0.052432,1.69168,1.837874,False
3.0,0.007972,0.061272,2.092275,2.242887,False
3.02,0.009934,0.065432,1.829119,2.005437,False
3.04,0.009264,0.06268,1.689437,1.851054,False
3.06,0.008455,0.061908,1.617775,1.769709,False
3.08,0.007787,0.059305,1.589359,1.733597,False
3.1,0.007698,0.048555,1.782388,1.921162,False
3.12,0.008191,0.051726,1.770747,1.915651,False
3.14,0.007626,0.051618,1.848184,1.9898,False
3.16,0.00816,0.051926,1.61728,1.756628,False
3.18,0.007457,0.051151,1.629511,1.764719,False
3.2,0.007576,0.05176,1.806542,1.951466,False
3.22,0.008587,0.054878,1.858676,2.01449,False
3.24,0.008123,0.054796,1.779881,1.936105,False
3.2600000000000002,0.008013,0.053032,1.709072,1.8564,False
3.2800000000000002,0.007276,0.073928,1.652609,1.812145,False
3.3000000000000003,0.007644,0.050476,1.617915,1.752808,False
3.3200000000000003,0.006581,0.049705,1.684382,1.813416,False
3.34,0.008088,0.067503,1.655765,1.81364,False
3.36,0.008288,0.049826,1.687441,1.823591,False
3.38,0.011324,0.077586,1.884694,2.126948,False
3.4,0.008451,0.05508,1.960333,2.11776,False
3.42,0.008803,0.059278,1.823418,1.987468,False
3.44,0.008372,0.054422,1.686255,1.835297,False
3.46,0.007881,0.054231,1.60995,1.756362,False
3.48,0.006928,0.047653,1.850369,1.976404,False
3.5,0.00819,0.054921,1.759642,1.911565,False
3.52,0.007585,0.050797,1.809626,1.956578,False
3.54,0.007555,0.051142,1.86697,2.01021,False
3.56,0.008801,0.057646,1.983253,2.136035,False
3.58,0.00908,0.059157,1.813921,1.977126,False
3.6,0.013424,0.075377,1.741262,1.941,False
3.62,0.008059,0.054056,1.654763,1.798158,False
3.64,0.010102,0.072058,1.618773,1.78223,False
3.66,0.00769,0.060852,1.850825,2.128509,False
3.68,0.00791,0.051147,1.870108,2.015126,False
3.7,0.008297,0.054421,1.738564,1.900037,False
3.72,0.007771,0.051784,2.318914,2.459206,False
3.74,0.00786,0.054886,1.61503,1.757786,False
3.7600000000000002,0.007916,0.05403,1.814995,1.956516,False
3.7800000000000002,0.008071,0.056477,1.918458,2.071226,False
3.8000000000000003,0.00877,0.056981,1.855579,2.02067,False
3.8200000000000003,0.007721,0.059154,1.680106,1.841892,False
3.84,0.007595,0.056406,1.707225,1.850446,False
3.86,0.007247,0.051683,1.600009,1.737263,False
3.88,0.007626,0.068603,1.632822,1.787423,False
3.9,0.007526,0.053052,1.765607,1.906662,False
3.92,0.007894,0.052665,1.691642,1.828752,False
3.94,0.007152,0.050472,1.839786,1.979716,False
3.96,0.008167,0.05486,1.883676,2.03382,False
3.98,0.008029,0.05245,1.776266,1.922784,False
4.0,0.007526,0.056538,1.763663,1.910662,False
4.0200000000000005,0.008035,0.052402,1.639441,1.779659,False
4.04,0.007276,0.051787,1.682936,1.821092,False
4.0600000000000005,0.007895,0.053466,2.164957,2.310256,False
4.08,0.009055,0.062503,1.816741,1.994079,False
4.1,0.007993,0.052511,1.75293,1.901715,False
4.12,0.008068,0.056112,1.645187,1.792008,False
4.14,0.007765,0.063484,1.826715,1.98553,False
4.16,0.00876,0.057213,1.698519,1.858909,False
4.18,0.008144,0.068753,1.7061,1.865801,False
4.2,0.008004,0.058449,1.742377,1.891356,False
4.22,0.008444,0.05591,2.081805,2.244576,False
4.24,0.009037,0.060712,2.057131,2.228249,False
4.26,0.008931,0.059142,1.807833,1.977064,False
4.28,0.008243,0.05498,1.627236,1.776681,False
4.3,0.008194,0.052595,1.746158,1.887154,False
4.32,0.007595,0.054591,1.668679,1.812006,False
4.34,0.007848,0.059615,1.849216,2.016791,False
4.36,0.00764,0.052976,1.745432,1.899015,False
4.38,0.007026,0.049566,1.76891,1.911876,False
4.4,0.008453,0.054152,1.695968,1.844149,False
4.42,0.007543,0.052177,1.620508,1.758475,False
4.44,0.007685,0.051091,1.643901,1.799839,False
4.46,0.007192,0.048612,1.651399,1.781633,False
4.48,0.008014,0.050715,1.646254,1.782492,False
4.5,0.007925,0.052636,1.901677,2.052242,False
4.5200000000000005,0.009133,0.061128,1.908499,2.076456,False
4.54,0.008844,0.056163,1.992996,2.148472,False
4.5600000000000005,0.008902,0.058577,1.70695,1.863619,False
4.58,0.008896,0.055065,1.590164,1.738085,False
4.6000000000000005,0.008192,0.051408,1.757636,1.900337,False
4.62,0.008307,0.053995,1.77122,1.923587,False
4.64,0.007168,0.051508,1.835846,1.983487,False
4.66,0.008105,0.070786,1.674213,1.845289,False
4.68,0.00745,0.051407,1.665313,1.799752,False
4.7,0.00763,0.051821,2.029145,2.172017,False
4.72,0.009996,0.065824,1.768605,1.945266,False
4.74,0.00947,0.06167,1.673623,1.840091,False
4.76,0.009449,0.066173,1.707125,1.875388,False
4.78,0.008182,0.054049,1.741147,1.893507,False
4.8,0.007864,0.052878,1.861989,2.01332,False
4.82,0.008239,0.053233,1.746511,1.893435,False
4.84,0.007693,0.051057,1.654744,1.792545,False
4.86,0.008115,0.052664,1.618425,1.766821,False
4.88,0.007547,0.050667,1.711782,1.863432,False
4.9,0.007953,0.053796,1.833963,1.995976,False
4.92,0.008177,0.05737,1.848771,2.00892,False
4.94,0.00799,0.05233,1.763909,1.919063,False
4.96,0.008028,0.054616,1.663822,1.806653,False
4.98,0.007632,0.055474,1.725268,1.866813,False
5.0,0.008022,0.056229,1.642962,1.795387,False
5.0200000000000005,0.007492,0.053309,1.630313,1.766253,False
5.04,0.00756,0.05281,1.612925,1.751292,False
5.0600000000000005,0.007759,0.052743,1.772662,1.922203,False
5.08,0.015941,0.160278,1.995177,2.29883,False
5.1000000000000005,0.008438,0.059719,1.988952,2.163631,False
5.12,0.008864,0.058692,1.851574,2.008811,False
5.14,0.009214,0.058266,1.88105,2.043429,False
5.16,0.008765,0.056753,1.79131,1.944948,False
5.18,0.008263,0.053351,1.867695,2.021727,False
5.2,0.008185,0.052296,1.735543,1.889153,False
5.22,0.007528,0.050465,1.675671,1.817206,False
5.24,0.00898,0.054368,1.618465,1.762812,False
5.26,0.007205,0.048932,1.689449,1.82041,False
5.28,0.007765,0.05559,1.571845,1.721071,False
5.3,0.007511,0.049894,1.618873,1.752578,False
5.32,0.007815,0.053204,1.639027,1.775234,False
5.34,0.007462,0.057086,1.755643,1.917042,False
5.36,0.007631,0.05115,1.867845,2.012038,False
5.38,0.008123,0.053528,1.758397,1.904491,False
5.4,0.009645,0.057318,1.867036,2.018417,False
5.42,0.012479,0.060693,1.632888,1.812564,False
5.44,0.009104,0.053967,1.731126,1.876618,False
5.46,0.008801,0.054308,1.777793,1.938791,False
5.48,0.00949,0.053094,1.864513,2.022274,False
5.5,0.00862,0.052923,1.671077,1.821646,False
5.5200000000000005,0.007734,0.05017,1.63223,1.769676,False
5.54,0.008143,0.051544,1.61646,1.754944,False
5.5600000000000005,0.007872,0.048776,1.668284,1.801867,False
5.58,0.008431,0.052119,1.601638,1.743578,False
5.6000000000000005,0.008482,0.05163,1.635116,1.774733,False
5.62,0.008051,0.051826,1.730494,1.874591,False
5.64,0.008135,0.053274,1.864702,2.022957,False
5.66,0.009571,0.058555,1.823122,2.074166,False
5.68,0.008842,0.057718,1.577718,1.732871,False
5.7,0.008054,0.058436,1.667046,1.810659,False
5.72,0.008411,0.052419,1.755187,1.894922,False
5.74,0.008544,0.052463,1.847206,1.997825,False
5.76,0.008427,0.053748,1.793084,1.948063,False
5.78,0.008146,0.051263,1.74567,1.89034,False
5.8,0.00872,0.052532,1.71955,1.862425,False
5.82,0.007928,0.052248,1.757124,1.893817,False
5.84,0.00875,0.093492,1.687618,1.914704,False
5.86,0.00992,0.058233,1.617704,1.78604,False
5.88,0.008458,0.05163,1.619365,1.75638,False
5.9,0.008822,0.051567,1.79456,1.949271,False
5.92,0.008324,0.051347,1.807055,1.954846,False
5.94,0.008249,0.051525,1.769153,1.912908,False
5.96,0.00776,0.050396,1.62736,1.766202,False
5.98,0.007444,0.048128,1.615559,1.744752,False
6.0,0.008263,0.048624,1.766424,1.905281,False
6.0200000000000005,0.008487,0.051928,2.813963,2.965102,False
6.04,0.01486,0.082259,1.911554,2.165807,False
6.0600000000000005,0.011187,0.064257,1.680558,1.855083,False
6.08,0.009045,0.060061,1.658795,1.82373,False
6.1000000000000005,0.009757,0.055117,1.655998,1.814284,False
6.12,0.00828,0.051781,1.604061,1.741866,False
6.140000000000001,0.007612,0.054803,1.620275,1.757812,False
6.16,0.008587,0.050003,1.64249,1.781358,False
6.18,0.008757,0.053339,2.139663,2.292882,False
6.2,0.009001,0.05948,1.911847,2.0779,False
6.22,0.009068,0.057615,1.802068,1.962256,False
6.24,0.008314,0.052573,1.644707,1.791424,False
6.26,0.008738,0.053481,1.60434,1.747956,False
6.28,0.007945,0.051799,1.782508,1.929923,False
6.3,0.008848,0.054577,1.824916,1.981263,False
6.32,0.008352,0.051678,1.803078,1.950417,False
6.34,0.00812,0.052691,1.653123,1.800424,False
6.36,0.008602,0.048968,1.673171,1.809933,False
6.38,0.008777,0.053552,1.624329,1.769172,False
6.4,0.008293,0.051331,1.69886,1.845566,False
6.42,0.010111,0.063465,1.598638,1.768568,False
6.44,0.007956,0.052274,1.614839,1.765452,False
6.46,0.009137,0.05342,1.687749,1.878077,False
6.48,0.008152,0.051826,1.747238,1.888381,False
6.5,0.015146,0.054117,1.804867,1.961695,False
6.5200000000000005,0.008577,0.053897,1.619448,1.76852,False
6.54,0.007918,0.050745,1.635353,1.769513,False
6.5600000000000005,0.008445,0.050864,1.975626,2.11693,False
6.58,0.009544,0.076356,2.101125,2.320544,False
6.6000000000000005,0.009423,0.060429,1.843662,2.026927,False
6.62,0.009647,0.061428,1.641983,1.817854,False
6.640000000000001,0.007446,0.046287,1.647759,1.771933,False
6.66,0.009146,0.050421,1.723184,1.865718,False
6.68,0.008833,0.053091,1.575699,1.718121,False
6.7,0.007907,0.049684,1.712427,1.846528,False
6.72,0.008358,0.05505,1.595451,1.739066,False
6.74,0.007644,0.052406,1.823069,1.969857,False
6.76,0.008112,0.060873,1.766651,1.917578,False
6.78,0.00807,0.052866,1.979665,2.126195,False
6.8,0.009132,0.056805,1.692551,1.851259,False
6.82,0.008557,0.053116,1.674449,1.816751,False
6.84,0.008219,0.05264,1.759939,1.912257,False
6.86,0.00849,0.052911,1.833292,1.988172,False
6.88,0.008388,0.054852,1.756842,1.912682,False
6.9,0.00847,0.050083,1.79899,1.947324,False
6.92,0.009631,0.063835,1.641459,1.841406,False
6.94,0.008851,0.054656,1.590185,1.736479,False
6.96,0.007805,0.050044,1.716191,1.849888,False
6.98,0.009019,0.054653,1.69805,1.844539,False
7.0,0.038466,0.058093,1.700286,1.884041,False
7.0200000000000005,0.008551,0.070513,1.668974,1.834622,False
7.04,0.008065,0.050741,1.831157,1.975854,False
7.0600000000000005,0.008692,0.054418,1.804639,1.965084,False
7.08,0.008334,0.052961,1.639156,1.783452,False
7.1000000000000005,0.008257,0.052968,1.669331,1.813871,False
7.12,0.009002,0.051582,1.795356,1.938523,False
7.140000000000001,0.009009,0.055695,1.957625,2.119821,False
7.16,0.008605,0.055372,1.925987,2.084072,False
7.18,0.010198,0.057842,1.730787,1.904105,False
7.2,0.008764,0.059298,1.67067,1.834929,False
7.22,0.00811,0.052669,1.609309,1.74882,False
7.24,0.007623,0.049604,1.63411,1.767638,False
7.26,0.008643,0.079217,1.673229,1.839545,False
7.28,0.007682,0.052231,1.587084,1.726966,False
7.3,0.008714,0.054739,1.761237,1.916986,False
7.32,0.008322,0.065414,1.808314,1.962977,False
7.34,0.00925,0.051698,1.820517,1.975323,False
7.36,0.008336,0.053375,1.591767,1.740949,False
7.38,0.008658,0.055803,1.709642,1.858793,False
7.4,0.008667,0.052832,1.689517,1.836432,False
7.42,0.008513,0.05126,1.886923,2.038462,False
7.44,0.010738,0.064773,1.859101,2.03062,False
7.46,0.008156,0.050344,1.730745,1.869931,False
7.48,0.008556,0.051985,1.646361,1.801979,False
7.5,0.00816,0.058217,1.615922,1.76297,False
