backend,case_id,mode,speed,target,baseline_full,candidate_full,tracking_deltas_comparable,baseline_falls,candidate_falls,baseline_elapsed_s,candidate_elapsed_s,baseline_forward_rmse,candidate_forward_rmse,delta_forward_rmse,baseline_world_yaw_rmse,candidate_world_yaw_rmse,delta_world_yaw_rmse,baseline_final_heading_error_abs,candidate_final_heading_error_abs,delta_final_heading_error_abs
isaac,0,rate,0.5,0.0,True,True,True,0,0,30.0,30.0,0.07490726560354233,0.04437290132045746,-0.03053436428308487,0.03859810158610344,0.060498882085084915,0.021900780498981476,,,
isaac,1,rate,0.5,-0.2,True,True,True,0,0,30.0,30.0,0.07787525653839111,0.04301375523209572,-0.034861501306295395,0.0680527314543724,0.06340190768241882,-0.004650823771953583,,,
isaac,2,rate,0.5,0.2,True,True,True,0,0,30.0,30.0,0.07109688222408295,0.041524387896060944,-0.029572494328022003,0.04932083562016487,0.06737719476222992,0.018056359142065048,,,
isaac,3,heading,0.5,0.0,True,True,True,0,0,30.0,30.0,0.07541627436876297,0.04433101415634155,-0.031085260212421417,0.03866835683584213,0.05992276966571808,0.021254412829875946,0.009082339704036713,0.0029763944912701845,-0.006105945212766528
isaac,4,heading,0.5,-1.5707963267948966,True,True,True,0,0,30.0,30.0,0.076573446393013,0.04456965997815132,-0.03200378641486168,0.0419720858335495,0.06036187708377838,0.018389791250228882,0.007972188293933868,0.0034357979893684387,-0.00453639030456543
isaac,5,heading,0.5,1.5707963267948966,True,True,True,0,0,30.0,30.0,0.07429783791303635,0.043838076293468475,-0.03045976161956787,0.041094426065683365,0.061015110462903976,0.01992068439722061,0.009501270949840546,0.0029051974415779114,-0.006596073508262634
isaac,6,rate,1.0,0.0,True,True,True,0,0,30.0,30.0,0.13273058831691742,0.08498191088438034,-0.04774867743253708,0.08307642489671707,0.07465653121471405,-0.008419893682003021,,,
isaac,7,rate,1.0,-0.2,True,True,True,0,0,30.0,30.0,0.13013684749603271,0.08464418351650238,-0.045492663979530334,0.07352655380964279,0.07321789115667343,-0.00030866265296936035,,,
isaac,8,rate,1.0,0.2,True,True,True,0,0,30.0,30.0,0.13232426345348358,0.08293896168470383,-0.049385301768779755,0.08302740007638931,0.08171961456537247,-0.0013077855110168457,,,
isaac,9,heading,1.0,0.0,True,True,True,0,0,30.0,30.0,0.13337211310863495,0.08525988459587097,-0.04811222851276398,0.08456514775753021,0.07447514683008194,-0.010090000927448273,0.047720201313495636,0.003186230082064867,-0.04453397123143077
isaac,10,heading,1.0,-1.5707963267948966,True,True,True,0,0,30.0,30.0,0.13309139013290405,0.08518674224615097,-0.04790464788675308,0.0834985226392746,0.07457930594682693,-0.008919216692447662,0.048220567405223846,0.0029401034116744995,-0.04528046399354935
isaac,11,heading,1.0,1.5707963267948966,True,True,True,0,0,30.0,30.0,0.1325806975364685,0.08442656695842743,-0.04815413057804108,0.08566028624773026,0.0763276144862175,-0.009332671761512756,0.045526303350925446,0.0027747154235839844,-0.04275158792734146
mujoco,0,rate,0.5,0.0,True,True,True,0,0,30.0,30.0,0.08307106235742062,0.3575965747683579,0.27452551241093726,0.4150874643212647,1.1570368596636864,0.7419493953424217,,,
mujoco,1,rate,0.5,-0.2,True,True,True,0,0,30.0,30.0,0.0714076039791718,0.43439688883557015,0.36298928485639836,0.4593481589382956,1.1846664915715626,0.725318332633267,,,
mujoco,2,rate,0.5,0.2,True,True,True,0,0,30.0,30.0,0.08884489807794059,0.20441803407042844,0.11557313599248785,0.381559198025923,1.0233370029041589,0.6417778048782359,,,
mujoco,3,heading,0.5,0.0,True,False,False,0,1,30.0,8.92,0.10793749491744228,0.31964585172265253,,0.37221258415643926,1.239008479235731,,0.5807379189169971,1.8524382153135768,
mujoco,4,heading,0.5,-1.5707963267948966,True,False,False,0,1,30.0,7.98,0.10819211257764465,0.32836053299885265,,0.38146954642782277,1.3363575798123868,,0.5802882243985232,2.1469705497546197,
mujoco,5,heading,0.5,1.5707963267948966,True,False,False,0,1,30.0,4.34,0.10140894511042449,0.7354474060724708,,0.36725004351897633,1.5780990972687639,,0.5729353604164042,1.8281142095391762,
mujoco,6,rate,1.0,0.0,True,False,False,0,1,30.0,2.6,0.042464105848693506,2.0832850496130857,,0.4898295286086715,1.2473700209727183,,,,
mujoco,7,rate,1.0,-0.2,True,False,False,0,1,30.0,2.62,0.2107239713299921,2.0185684630737426,,0.5465947011047938,2.1469310378081383,,,,
mujoco,8,rate,1.0,0.2,True,False,False,0,1,30.0,2.2800000000000002,0.06437944181706064,2.1871775933999094,,0.47568746410215657,0.7367462891156342,,,,
mujoco,9,heading,1.0,0.0,True,False,False,0,1,30.0,2.72,0.06901938570606607,2.0928033234738472,,0.5295357295873939,1.6492983025142676,,0.8621836561443478,1.9961298440561208,
mujoco,10,heading,1.0,-1.5707963267948966,True,False,False,0,1,30.0,3.3200000000000003,0.07859727525132561,1.7788974535970814,,0.5244647798085816,1.0076891683483364,,0.8570486817416977,1.7305064609052574,
mujoco,11,heading,1.0,1.5707963267948966,True,False,False,0,1,30.0,2.42,0.10686340172799089,2.144657125268721,,0.4484486684360378,2.0357580206535335,,0.8009873833101305,0.9834676816429768,
