actor,case_id,mode,speed,target,start_yaw,observed_s,falls,timeouts,completed,mean_body_vx,forward_rmse,body_yaw_rmse,world_yaw_rmse,mean_body_wz,mean_world_wz,final_heading_error_abs,max_tilt_deg,final_heading_mean,mean_applied_yaw
baseline1499,0,rate,0.5,0.0,0.0,30.0,0,0,16,0.43002864718437195,0.07490726560354233,0.040650367736816406,0.03859810158610344,-0.002576910424977541,-0.0029923098627477884,,3.7438173294067383,-0.08937811851501465,0.0
baseline1499,1,rate,0.5,-0.2,0.0,30.0,0,0,16,0.426520437002182,0.07787525653839111,0.06422797590494156,0.0680527314543724,-0.22429759800434113,-0.22573259472846985,,4.961436748504639,-0.2883473336696625,-0.20000004768371582
baseline1499,2,rate,0.5,0.2,0.0,30.0,0,0,16,0.4352990686893463,0.07109688222408295,0.0556819811463356,0.04932083562016487,0.19979289174079895,0.20055562257766724,,5.120439052581787,-0.2346995770931244,0.20000004768371582
baseline1499,3,heading,0.5,0.0,0.5,30.0,0,0,16,0.42949745059013367,0.07541627436876297,0.04074569419026375,0.03866835683584213,-0.00546913081780076,-0.005859486758708954,0.009082339704036713,3.8849401473999023,-0.009082339704036713,-0.003348858095705509
baseline1499,4,heading,0.5,-1.5707963267948966,0.0,30.0,0,0,16,0.42832860350608826,0.076573446393013,0.04321838170289993,0.0419720858335495,-0.01966310851275921,-0.02004047855734825,0.007972188293933868,5.835293292999268,-1.5787684917449951,-0.016660630702972412
baseline1499,5,heading,0.5,1.5707963267948966,0.0,30.0,0,0,16,0.43071606755256653,0.07429783791303635,0.04383698105812073,0.041094426065683365,0.02050918899476528,0.020128348842263222,0.009501270949840546,5.940823554992676,1.5612950325012207,0.022530442103743553
baseline1499,6,rate,1.0,0.0,0.0,30.0,0,0,16,0.8688546419143677,0.13273058831691742,0.08800042420625687,0.08307642489671707,-0.030267490074038506,-0.03079041838645935,,4.727125644683838,-0.5673879981040955,0.0
baseline1499,7,rate,1.0,-0.2,0.0,30.0,0,0,16,0.8712295889854431,0.13013684749603271,0.07316853851079941,0.07352655380964279,-0.2295447140932083,-0.23093758523464203,,5.549837589263916,-0.1978834718465805,-0.20000004768371582
baseline1499,8,rate,1.0,0.2,0.0,30.0,0,0,16,0.8695948719978333,0.13232426345348358,0.09208166599273682,0.08302740007638931,0.175307497382164,0.17581091821193695,,5.619287014007568,-0.7570990324020386,0.20000004768371582
baseline1499,9,heading,1.0,0.0,0.5,30.0,0,0,16,0.8682076334953308,0.13337211310863495,0.08995156735181808,0.08456514775753021,-0.017671432346105576,-0.018105387687683105,0.047720201313495636,4.862403392791748,-0.047720201313495636,0.013909905217587948
baseline1499,10,heading,1.0,-1.5707963267948966,0.0,30.0,0,0,16,0.8684771060943604,0.13309139013290405,0.08855841308832169,0.0834985226392746,-0.03170609474182129,-0.03205209597945213,0.048220567405223846,6.37184476852417,-1.6190168857574463,0.00014763422950636595
baseline1499,11,heading,1.0,1.5707963267948966,0.0,30.0,0,0,16,0.8690477013587952,0.1325806975364685,0.09176263958215714,0.08566028624773026,0.010378687642514706,0.009823744185268879,0.045526303350925446,6.295474052429199,1.5252701044082642,0.042260073125362396
candidate1999,0,rate,0.5,0.0,0.0,30.0,0,0,16,0.4618231952190399,0.04437290132045746,0.05971468612551689,0.060498882085084915,-0.0029724393971264362,-0.0032756556756794453,,2.963590145111084,-0.017436183989048004,0.0
candidate1999,1,rate,0.5,-0.2,0.0,30.0,0,0,16,0.46339818835258484,0.04301375523209572,0.061324868351221085,0.06340190768241882,-0.2060662806034088,-0.20719128847122192,,4.558316230773926,0.17946374416351318,-0.20000004768371582
candidate1999,2,rate,0.5,0.2,0.0,30.0,0,0,16,0.4660171866416931,0.041524387896060944,0.06867079436779022,0.06737719476222992,0.20214948058128357,0.20231232047080994,,3.429197072982788,-0.16224868595600128,0.20000004768371582
candidate1999,3,heading,0.5,0.0,0.5,30.0,0,0,16,0.4618954360485077,0.04433101415634155,0.059047214686870575,0.05992276966571808,-0.007892201654613018,-0.0081944540143013,0.0029763944912701845,3.709981918334961,-0.002019133884459734,-0.005255990196019411
candidate1999,4,heading,0.5,-1.5707963267948966,0.0,30.0,0,0,16,0.46162253618240356,0.04456965997815132,0.05935406684875488,0.06036187708377838,-0.02184595726430416,-0.02216823771595955,0.0034357979893684387,5.751047611236572,-1.5729904174804688,-0.018467126414179802
candidate1999,5,heading,0.5,1.5707963267948966,0.0,30.0,0,0,16,0.4625246226787567,0.043838076293468475,0.060527902096509933,0.061015110462903976,0.018659206107258797,0.018434425815939903,0.0029051974415779114,4.3171539306640625,1.568197250366211,0.020681580528616905
candidate1999,6,rate,1.0,0.0,0.0,30.0,0,0,16,0.9167994856834412,0.08498191088438034,0.07453395426273346,0.07465653121471405,-0.0023551853373646736,-0.003069827798753977,,3.7750680446624756,0.11005537211894989,0.0
candidate1999,7,rate,1.0,-0.2,0.0,30.0,0,0,16,0.9169841408729553,0.08464418351650238,0.07052989304065704,0.07321789115667343,-0.19633808732032776,-0.1978277862071991,,4.964357376098633,0.47545313835144043,-0.20000004768371582
candidate1999,8,rate,1.0,0.2,0.0,30.0,0,0,16,0.9191197752952576,0.08293896168470383,0.08395615965127945,0.08171961456537247,0.19773903489112854,0.1976785659790039,,4.163348197937012,-0.23144477605819702,0.20000004768371582
candidate1999,9,heading,1.0,0.0,0.5,30.0,0,0,16,0.9165129661560059,0.08525988459587097,0.07420476526021957,0.07447514683008194,-0.011337810195982456,-0.012042316608130932,0.003186230082064867,4.0751566886901855,0.003186230082064867,-0.009192357771098614
candidate1999,10,heading,1.0,-1.5707963267948966,0.0,30.0,0,0,16,0.9165621399879456,0.08518674224615097,0.07416538149118423,0.07457930594682693,-0.025665001943707466,-0.026398563757538795,0.0029401034116744995,6.2600579261779785,-1.56838059425354,-0.023681115359067917
candidate1999,11,heading,1.0,1.5707963267948966,0.0,30.0,0,0,16,0.9173756837844849,0.08442656695842743,0.07658498734235764,0.0763276144862175,0.015824925154447556,0.01511475257575512,0.0027747154235839844,4.913066387176514,1.572373390197754,0.01790766604244709
