case,policy,terrain,seed,forward_mps,command_mode,steady_yaw_rps,elapsed_s,fell,mean_body_speed_x_mps,speed_rmse_mps,yaw_rmse_rps,mean_tilt_deg,max_tilt_deg,pair_status,hfield_sha256,provenance_sha256,verification_sha256
baseline_plane_42_vx0.5_steps_0.0,baseline,plane,42,0.5,steps,0.0,30.0,0,0.627272013798606,0.15200217564313592,0.7414981043209748,8.591458001984831,11.450000996383642,PASS,e3b0c44298fc1c149afbf4c8996fb92427ae41e4649b934ca495991b7852b855,16ab1d9bce436b66cf7d32c4d000a85c56ec1899c9d22b1ea0bfb92dd4b1fec1,6da12698f233a58ee5fab79de0b6e1b504f4a645087e27ea5a54d81aa4276597
baseline_plane_42_vx0.5_slow_sine_0.0,baseline,plane,42,0.5,slow_sine,0.0,30.0,0,0.6009834082081933,0.13192357042659406,0.7191235048027628,8.301121303244802,11.380357538657721,PASS,e3b0c44298fc1c149afbf4c8996fb92427ae41e4649b934ca495991b7852b855,6ffb7a496b261b30f84a1d2e03c13274c6ba205bc7aba3d7c2a892cf042c1551,8b47efdf107ff5cce605e170bb227cdcf499ff9edb722f669c3125b68006ab5c
baseline_plane_42_vx0.5_steady_0.0,baseline,plane,42,0.5,steady,0.0,30.0,0,0.6250626588284011,0.14849879805292535,0.7378667636117895,8.588640390666093,10.431297356981442,PASS,e3b0c44298fc1c149afbf4c8996fb92427ae41e4649b934ca495991b7852b855,0930deac1a6b3c61133d376519108eedd7a6f38954d77ace8e1f3c3529e1efec,7cd88e57330615ed35bef716262d006237f4c8b02fb9d953eddcba14a4e0b3f7
baseline_plane_42_vx0.5_steady_-0.1,baseline,plane,42,0.5,steady,-0.1,30.0,0,0.613268889418451,0.13681101691672085,0.7333153470013404,8.051037761027827,9.758460922647261,PASS,e3b0c44298fc1c149afbf4c8996fb92427ae41e4649b934ca495991b7852b855,da0bc4f64a246f3e56e603c48dffcdafc30ec950ce7a49d6aaa88cafe36f8d5c,3f688997ba503bd158069b14a02d800aa96e9247a217f7b3006282f2b29cca15
baseline_plane_42_vx0.5_steady_0.1,baseline,plane,42,0.5,steady,0.1,30.0,0,0.5572797826035549,0.08843784382312736,0.6895490510950963,7.868898706212507,9.510701021831657,PASS,e3b0c44298fc1c149afbf4c8996fb92427ae41e4649b934ca495991b7852b855,4fb47b40743e4c1322dba5b7ced000d67d9e9aff43c587f3fe2694759955bd32,b0fe473e628a4304863df8b6a46bd843c4c40b36509be81472438435e81d8f4e
baseline_plane_42_vx1.0_steps_0.0,baseline,plane,42,1.0,steps,0.0,30.0,0,1.0665964610093972,0.18137807907082337,0.7393690360428856,8.95618881325513,12.035885154304115,PASS,e3b0c44298fc1c149afbf4c8996fb92427ae41e4649b934ca495991b7852b855,4eb304f57ba3d2d1b0d5e413ce3073493370405cb90fd0b9bba808036c17d2b1,ac141bfd9dc357f3512ff3d9940c60c7204c05a726e1539247ddaecbd47eff4e
baseline_plane_42_vx1.0_slow_sine_0.0,baseline,plane,42,1.0,slow_sine,0.0,30.0,0,1.0704173521887987,0.1831348207251182,0.7278816372758484,9.167901697025936,11.987863370457873,PASS,e3b0c44298fc1c149afbf4c8996fb92427ae41e4649b934ca495991b7852b855,af5d63da35efe7815b94ea9988dcc2992cda66b57c15f496b656238d0ae5578e,ddf2f9f7ba1b49625da5fde5eedf7ba1dc4ea89147e10772fd2e7f8100e184ef
baseline_plane_42_vx1.0_steady_0.0,baseline,plane,42,1.0,steady,0.0,30.0,0,1.0834454954210606,0.19169177845072963,0.7508505719272003,9.202555519646339,10.91074904814116,PASS,e3b0c44298fc1c149afbf4c8996fb92427ae41e4649b934ca495991b7852b855,4439d56fecc64ee7aee7b1b12447c0f7fc129445ada589fcd5a0d4bd837b3a39,b6df2aa35da5ea8f53ec2b0742435b8b1c36628ffd19586098ce0dee89acf453
baseline_plane_42_vx1.0_steady_-0.1,baseline,plane,42,1.0,steady,-0.1,30.0,0,1.0548245017075688,0.17410300604915488,0.765060948513008,8.466252015706324,9.735942471660415,PASS,e3b0c44298fc1c149afbf4c8996fb92427ae41e4649b934ca495991b7852b855,0a31a97f8d4a601b8d57405f1f6a1ea1367eb8123e32e28a80a463659b3a43d9,15dced185c1473de860b19b7deec12b02fde6529a38646e9bfa0c8b3aac56004
baseline_plane_42_vx1.0_steady_0.1,baseline,plane,42,1.0,steady,0.1,30.0,0,1.0757275935813466,0.18535938481860803,0.7148430081727598,9.433783579544631,11.575240813445822,PASS,e3b0c44298fc1c149afbf4c8996fb92427ae41e4649b934ca495991b7852b855,fac284a97948c4af96edc435c137d5eabac122004458fbd88b63732c24596de2,4e024c6f39985572a2b20f5826819a894619846b476b96d4257a1038125b1a21
reproduction_20261001_plane_42_vx0.5_steps_0.0,reproduction_20261001,plane,42,0.5,steps,0.0,30.0,0,0.4371907076398824,0.09167067736764241,0.3973314220938333,12.236147044858367,16.20746304874567,PASS,e3b0c44298fc1c149afbf4c8996fb92427ae41e4649b934ca495991b7852b855,aa4a4e9320fc1406150fa28dc0b9703f7f00f1747fbd45eafd407e35eb6f16f7,8f15c7aead27a8acdd75e373c120ec42bcf05aeaa01fa1f230400e84999e38d5
reproduction_20261001_plane_42_vx0.5_slow_sine_0.0,reproduction_20261001,plane,42,0.5,slow_sine,0.0,30.0,0,0.43508138622836284,0.09109495448659705,0.39338657362633334,11.70446749479322,16.02865178501851,PASS,e3b0c44298fc1c149afbf4c8996fb92427ae41e4649b934ca495991b7852b855,200a515d1273b3b5f341f3d568b5b3f2b358112f35722b80cfb70a4978e17a60,35e8c2eec2d3e8b668df2aebbd2d0dc4c89416ec293f850594d8d234919caed8
reproduction_20261001_plane_42_vx0.5_steady_0.0,reproduction_20261001,plane,42,0.5,steady,0.0,30.0,0,0.4348499750172209,0.09135304034626045,0.39436654643610847,12.352066090695859,14.348294410208263,PASS,e3b0c44298fc1c149afbf4c8996fb92427ae41e4649b934ca495991b7852b855,00a889c0436cf7602de49de4de71e9984bc5f27ef6bd0cb3ea51431abf60432a,ebeefd706900c18ea6c6d3135f57d5999a4ebbfb08246f12e69eb1b38a71c04d
reproduction_20261001_plane_42_vx0.5_steady_-0.1,reproduction_20261001,plane,42,0.5,steady,-0.1,30.0,0,0.44321426904211214,0.08654747720321622,0.4104521159276628,13.50163139339824,15.386777972585062,PASS,e3b0c44298fc1c149afbf4c8996fb92427ae41e4649b934ca495991b7852b855,cb9a1946640fabe1d8302957467942a7030e850be26f106cf46fa37a658d0311,68480af4c006fc6a89d8d36be6476b3eb74a12f347a0529cecad8c3e3e111a33
reproduction_20261001_plane_42_vx0.5_steady_0.1,reproduction_20261001,plane,42,0.5,steady,0.1,30.0,0,0.43153250966878803,0.09140680896165808,0.3844294819864121,11.06377989607965,12.966281067544973,PASS,e3b0c44298fc1c149afbf4c8996fb92427ae41e4649b934ca495991b7852b855,f1f7141fb0d9ddec09740f44c4211ff69424bcef2fdec201421d6f2ec4b815bc,b4c1071d065064022343764cc86086888f7b798211770b52fd13f1c9c64834c1
reproduction_20261001_plane_42_vx1.0_steps_0.0,reproduction_20261001,plane,42,1.0,steps,0.0,30.0,0,1.0438787109867464,0.16907963941339035,0.48678681597001044,11.402639747483313,14.727546205258028,PASS,e3b0c44298fc1c149afbf4c8996fb92427ae41e4649b934ca495991b7852b855,e69c959d3893ec8d98f5def209207168410cbaed46a960d2ba363e7ed7eb1e56,0cb8072ebe3654c4b73f6733d7a0cbddb3a83b9f8702429bf2f007cdac787eb7
reproduction_20261001_plane_42_vx1.0_slow_sine_0.0,reproduction_20261001,plane,42,1.0,slow_sine,0.0,30.0,0,1.051317741457836,0.16591195702499306,0.4927694850780814,11.008461277898625,14.396811150999662,PASS,e3b0c44298fc1c149afbf4c8996fb92427ae41e4649b934ca495991b7852b855,f4957ee32bb6521404c186996d4f45645d64cd280022bb69fbc25d849e12ef7e,c49922abbbca74842d3f4570b602000a53d44692b5f09908971cb0e994523dc7
reproduction_20261001_plane_42_vx1.0_steady_0.0,reproduction_20261001,plane,42,1.0,steady,0.0,30.0,0,0.9915000975977348,0.12150940569816478,0.4610646789488426,11.41905967078891,13.173968192719055,PASS,e3b0c44298fc1c149afbf4c8996fb92427ae41e4649b934ca495991b7852b855,aeeadadee8e4532bfe295c0eb720a5d776fa62c492b129fa6069c7925ceafe43,bfcb118dd1aa70bf82b2374ab6ed2675c876705a5c2799e826a6895662dd5e4d
reproduction_20261001_plane_42_vx1.0_steady_-0.1,reproduction_20261001,plane,42,1.0,steady,-0.1,30.0,0,1.1428970053477419,0.21291638735426824,0.5185177021097086,12.323496909847586,13.817602630320298,PASS,e3b0c44298fc1c149afbf4c8996fb92427ae41e4649b934ca495991b7852b855,9827fd673d86e761b5957609142644638c0ba1fa56e116cf5f5ea672c91e7aef,a8e7d9bd3cc647df9ab677f27dd7e2ce12f5e9d09bf565120a362ac987bab74f
reproduction_20261001_plane_42_vx1.0_steady_0.1,reproduction_20261001,plane,42,1.0,steady,0.1,30.0,0,0.9612140815473534,0.12196071321338772,0.45790797030466057,10.443549680389939,12.260236461419158,PASS,e3b0c44298fc1c149afbf4c8996fb92427ae41e4649b934ca495991b7852b855,4f21eb7710dc92286945cd6be42fd9007e34857e8ba8379dbc0fc3ede21049ee,0f2ce94a5d7e77457660c2463e9577c5ea24eef67fc7fed7328c081b882ca0bb
baseline_rough_42_vx0.5_steps_0.0,baseline,rough,42,0.5,steps,0.0,1.94,1,0.3868897112544136,0.40299121109690167,0.6030393276386837,15.625341562508892,83.7607022164258,PASS,5acaa2482c6e5c34e51429828615150e1f84e328c1fd87559130dbb639e2ceea,f9e74456a74b89adf0368d663b672dfd41befadd0c3aa4b4ba079a01a06787f6,8895603c5430cd1efc6ea420423662a3ab0334ae0146511f4785bba4703903ce
baseline_rough_42_vx0.5_slow_sine_0.0,baseline,rough,42,0.5,slow_sine,0.0,1.86,1,0.3880939421571233,0.4119100085595454,1.7288145130467354,16.309575624662916,87.16778830029638,PASS,5acaa2482c6e5c34e51429828615150e1f84e328c1fd87559130dbb639e2ceea,314a7fc3552c896cc173f991d43be8ec0a0021e07ec12dfd7f81d819f045d01e,bc9b855aa18b6cd3ff585bba58118476fd6c6549cf4fb20a3625db1a70d4a343
baseline_rough_42_vx0.5_steady_0.0,baseline,rough,42,0.5,steady,0.0,1.94,1,0.3868897112544136,0.40299121109690167,0.6030393276386837,15.625341562508892,83.7607022164258,PASS,5acaa2482c6e5c34e51429828615150e1f84e328c1fd87559130dbb639e2ceea,9d3440b1d501f2864100a9ad4ee865c59458170451836498cb2fa24eb814a404,8895603c5430cd1efc6ea420423662a3ab0334ae0146511f4785bba4703903ce
baseline_rough_42_vx0.5_steady_-0.1,baseline,rough,42,0.5,steady,-0.1,1.8800000000000001,1,0.3884315020734909,0.40930962799655785,1.6543421176334943,16.034081567165522,76.57014612435965,PASS,5acaa2482c6e5c34e51429828615150e1f84e328c1fd87559130dbb639e2ceea,70881a8534bb0e1a683ef795184c32699fc6bb2dace25106822ed4b54a1e80b4,1e353840cf86987aac89ea74d32079e15a6c68b737c8f0096a3d2a48a4fd9a0d
baseline_rough_42_vx0.5_steady_0.1,baseline,rough,42,0.5,steady,0.1,2.04,1,0.37169793898861214,0.36960051909088787,1.108127022436983,19.57066081222269,94.97616475559944,PASS,5acaa2482c6e5c34e51429828615150e1f84e328c1fd87559130dbb639e2ceea,6fc13f340a22144ce000cb68be3fa7b1165a697a0e2af37995076e08bcd4bd64,c880c97649bc03d90804f65bc8e02e6dec0f415b2c1ac63a33b48d07d5e4627f
baseline_rough_42_vx1.0_steps_0.0,baseline,rough,42,1.0,steps,0.0,2.06,1,0.39127877412628653,0.6884456741954297,0.7659927528019886,20.66897338958945,81.35442299713407,PASS,5acaa2482c6e5c34e51429828615150e1f84e328c1fd87559130dbb639e2ceea,ebe993cdb908ad63b2968dfc8ff4fb98ab57cb44717439a493c17ee28182d924,cd10c0401a9bd9a91cac815e591fa5f09820b88edfd334e47212f8b2112370a1
baseline_rough_42_vx1.0_slow_sine_0.0,baseline,rough,42,1.0,slow_sine,0.0,1.8800000000000001,1,0.43573556911292916,0.6742170095212578,0.9658515687592769,15.341070069167621,86.05808539255864,PASS,5acaa2482c6e5c34e51429828615150e1f84e328c1fd87559130dbb639e2ceea,769e8ec4dac5398cdb7027dd0a24c9e4c3f5f73c20b4a5dd6ed23124b6680364,5eb2d3979f2b43e43702d2f2ed71db95e80cd3b6847e31df6dbecbcae3cee74b
baseline_rough_42_vx1.0_steady_0.0,baseline,rough,42,1.0,steady,0.0,2.06,1,0.39127877412628653,0.6884456741954297,0.7659927528019886,20.66897338958945,81.35442299713407,PASS,5acaa2482c6e5c34e51429828615150e1f84e328c1fd87559130dbb639e2ceea,6ad6dad2a74c5806b2c57311d30c17910774e1a5fdd23bbbc02464b7e7e541eb,cd10c0401a9bd9a91cac815e591fa5f09820b88edfd334e47212f8b2112370a1
baseline_rough_42_vx1.0_steady_-0.1,baseline,rough,42,1.0,steady,-0.1,1.82,1,0.46263807887970954,0.6721154072037775,0.7612504383515384,13.843057967945727,80.88265882888085,PASS,5acaa2482c6e5c34e51429828615150e1f84e328c1fd87559130dbb639e2ceea,0b621835bec5fe4c03f4c556b6ca73e37fd1d0e5b293dbedf9ed966d56d01e83,6fdf2dca5f58f55783cb7af28e8db2aac3bfb621ed9ccadcbaea26cefa6bcd3e
baseline_rough_42_vx1.0_steady_0.1,baseline,rough,42,1.0,steady,0.1,1.86,1,0.43311469665253777,0.6727459741130175,0.9390370505928627,14.776786243702547,88.32958269265724,PASS,5acaa2482c6e5c34e51429828615150e1f84e328c1fd87559130dbb639e2ceea,b3a6b48f42126c3e47df67931a9468ff09f65406459363f17f642cd14df7b639,43aaf707a11f7193704c933faf1af9ca1251e2cfe73556116cbb6eb6bce3b32e
reproduction_20261001_rough_42_vx0.5_steps_0.0,reproduction_20261001,rough,42,0.5,steps,0.0,30.0,0,0.005530685956258352,0.49611257034140527,0.2775373795921605,14.500027543063696,18.4721581186895,PASS,5acaa2482c6e5c34e51429828615150e1f84e328c1fd87559130dbb639e2ceea,e433577c6eafeda7d7c40641118f0c5ff0b6f562767c4164d7c52dea284e91f1,94d8bc9d9531b449703138732c495fbd2b45f6ded2fa250c2e7065685910e751
reproduction_20261001_rough_42_vx0.5_slow_sine_0.0,reproduction_20261001,rough,42,0.5,slow_sine,0.0,30.0,0,0.005534188738463138,0.4960515869932828,0.2724389725913662,14.307162341211987,18.115361767733962,PASS,5acaa2482c6e5c34e51429828615150e1f84e328c1fd87559130dbb639e2ceea,bd13602b351415d0ee19f8123532727d2b7472f343230e3c69797c6e1e21bd54,cbc920c713172af4e9bdc97605e012df8b3f888bc101f52ee00a014ba2c8a3bf
reproduction_20261001_rough_42_vx0.5_steady_0.0,reproduction_20261001,rough,42,0.5,steady,0.0,30.0,0,0.00566769912728303,0.4959836527744629,0.24541459941213495,14.439864182969552,17.310465878732433,PASS,5acaa2482c6e5c34e51429828615150e1f84e328c1fd87559130dbb639e2ceea,c24e2801cc12f029a063e2b54192259f7b2300a026df01d51ecc9473c1a1f9b8,3897a95c6954cb297702ad25b799b0a00b4266c4c47d4da7a090b2484f57fe25
reproduction_20261001_rough_42_vx0.5_steady_-0.1,reproduction_20261001,rough,42,0.5,steady,-0.1,30.0,0,0.005793466582048939,0.49598036069432744,0.2769747442272844,14.8041074584577,17.767379015203993,PASS,5acaa2482c6e5c34e51429828615150e1f84e328c1fd87559130dbb639e2ceea,8e1beee5ca5ba48c077bea78c2e960c5623caaad8977ed0b5328262cbb2c0af5,7617d57b23e4cf7361cb84dedc5c35a6f7525240c10d8cec158b15f2b8b55e8e
reproduction_20261001_rough_42_vx0.5_steady_0.1,reproduction_20261001,rough,42,0.5,steady,0.1,30.0,0,0.005345292610851042,0.4961638403636321,0.24362953143075547,14.004409122377949,16.8738849622685,PASS,5acaa2482c6e5c34e51429828615150e1f84e328c1fd87559130dbb639e2ceea,315c63239184ce29103c69145aed6485f6109ff0e74a6d2b3a987e662b3640b1,7cc8bdcbfe1a659f5ae002fa56bcd5ca1248f5c822e06feddcd13d655640bebd
reproduction_20261001_rough_42_vx1.0_steps_0.0,reproduction_20261001,rough,42,1.0,steps,0.0,4.2,1,-0.16054328690314593,1.212732688241567,0.22228628167306325,29.17057501313085,66.88054103778374,PASS,5acaa2482c6e5c34e51429828615150e1f84e328c1fd87559130dbb639e2ceea,d3b636ed64fedfb26ef1aa0022e924f2aea77fd5f160b414219feceb79e69ad8,132c216188fda602e2d5bab606e5cf1e9a7651bc390798883f432c76dcf10092
reproduction_20261001_rough_42_vx1.0_slow_sine_0.0,reproduction_20261001,rough,42,1.0,slow_sine,0.0,4.1,1,-0.16313246654601415,1.214420694735024,0.30636673882811377,28.892359486665168,65.91682618878797,PASS,5acaa2482c6e5c34e51429828615150e1f84e328c1fd87559130dbb639e2ceea,f7ebe8ce8486b3812a34e860224ad7276714a6ce4c2c305708fb0e7eb7365ebd,216f18b3abdefdb031bd9ea0f913df5347799ffe1524d4947e723e1f9a55cfb1
reproduction_20261001_rough_42_vx1.0_steady_0.0,reproduction_20261001,rough,42,1.0,steady,0.0,4.2,1,-0.16054328690314593,1.212732688241567,0.22228628167306325,29.17057501313085,66.88054103778374,PASS,5acaa2482c6e5c34e51429828615150e1f84e328c1fd87559130dbb639e2ceea,7401772e35da77e1f5080e433a800669307aac2254d57bf586a88711fb50209b,132c216188fda602e2d5bab606e5cf1e9a7651bc390798883f432c76dcf10092
reproduction_20261001_rough_42_vx1.0_steady_-0.1,reproduction_20261001,rough,42,1.0,steady,-0.1,4.26,1,-0.1596188852124104,1.2116644801406964,0.23436124872578692,29.4757736049126,67.57747740068126,PASS,5acaa2482c6e5c34e51429828615150e1f84e328c1fd87559130dbb639e2ceea,0f9901ecc7f27b9faec9863b97f70f203703cd1fb85ac7930fb7a5c5967399f5,465a35c1ed801baf9cb57a9811c49a70ed95a0fc5b6943a4ed656847b0c6a007
reproduction_20261001_rough_42_vx1.0_steady_0.1,reproduction_20261001,rough,42,1.0,steady,0.1,30.0,0,0.006201120311979544,0.9943885765654528,0.21248515912550622,12.189035010984894,14.395979131414071,PASS,5acaa2482c6e5c34e51429828615150e1f84e328c1fd87559130dbb639e2ceea,f1c9be159fe78a6da9c576743b5bfa073adf43e928099bb50bce4582bdd6a4a7,41af3f51b58b110643944ed37a3f25ab7483986eb7d3e0e96df4c08d6f86f92f
baseline_rough_43_vx0.5_steps_0.0,baseline,rough,43,0.5,steps,0.0,1.46,1,-0.5014551346202847,1.0318319626671344,0.3280283311827035,15.870717924075626,47.45701006878614,PASS,cca3806781b50155c3908ec2297b347757749b2c6242a909acf65f8c82c1b07a,a957e29d23c6a038da1c9b24f21000fc90f63a4919bd9b6b897951672268e693,bbad9cf2203bfe0ac0faae8d54729fcaa63b5f8e1aedfa9394a89fbe9af08010
baseline_rough_43_vx0.5_slow_sine_0.0,baseline,rough,43,0.5,slow_sine,0.0,1.46,1,-0.5050177598607447,1.0359352942014448,0.325917692363624,16.00794599760226,47.991316877534594,PASS,cca3806781b50155c3908ec2297b347757749b2c6242a909acf65f8c82c1b07a,418df580894e94c44505d76c586337f423d9736b1da31f7d751773df318dfbd7,ee8daf4c0cc03cfedb7d0e7e1f2cf9ecb79294991f7303617ced26af0889f3b2
baseline_rough_43_vx0.5_steady_0.0,baseline,rough,43,0.5,steady,0.0,1.46,1,-0.5014551346202847,1.0318319626671344,0.3280283311827035,15.870717924075626,47.45701006878614,PASS,cca3806781b50155c3908ec2297b347757749b2c6242a909acf65f8c82c1b07a,359181ad435c4684e065604c955e938cdbbfd6f3a566ff68e9e95175d5497714,bbad9cf2203bfe0ac0faae8d54729fcaa63b5f8e1aedfa9394a89fbe9af08010
baseline_rough_43_vx0.5_steady_-0.1,baseline,rough,43,0.5,steady,-0.1,1.48,1,-0.4994061045596184,1.030267534129217,0.34196863926765125,15.865714830500623,47.92015113855816,PASS,cca3806781b50155c3908ec2297b347757749b2c6242a909acf65f8c82c1b07a,d595d9fbd1ae24ba9428d94392c5b21b243265bd1f6fc40b40d557d60b69a5d2,5828b7b99984e48e3c5dbeef83f9f329961fe689d6e1b7b1fb03df12ccbd7d39
baseline_rough_43_vx0.5_steady_0.1,baseline,rough,43,0.5,steady,0.1,1.44,1,-0.5043884603514439,1.0345643488386715,0.3453750619851942,15.888087154127154,47.07423331344158,PASS,cca3806781b50155c3908ec2297b347757749b2c6242a909acf65f8c82c1b07a,8bac5bcd8832c4180e0cfe60346bcf391a2662931c767d161352102a3b3bb4a2,5847c568edf41c3d343af44644c82e6e4bf5cfa72c3a991443d1882e8d8ba8eb
baseline_rough_43_vx1.0_steps_0.0,baseline,rough,43,1.0,steps,0.0,1.74,1,-0.4333084805891061,1.455875062533866,0.27796932854685946,16.612937117899687,48.479060889786005,PASS,cca3806781b50155c3908ec2297b347757749b2c6242a909acf65f8c82c1b07a,57da27b63cff3184c272efed9dc13f1a2a734fcb62144014ef5575310dbbe4ff,1385b1aef0a8ab4fc26b315e4bce87956c1a4084dd4b652f28a08060cd5b4338
baseline_rough_43_vx1.0_slow_sine_0.0,baseline,rough,43,1.0,slow_sine,0.0,1.72,1,-0.4286194519502849,1.450231547157583,0.27259009897585096,16.353230831325117,47.20473357950917,PASS,cca3806781b50155c3908ec2297b347757749b2c6242a909acf65f8c82c1b07a,c586549ed98a84ad3954937dc24376f2e666250eee8c70cb1e9a8878ee59e634,f04b71b6792e6b83ec02a249ddb12adf1d0150fb20e89557659204dee7289efd
baseline_rough_43_vx1.0_steady_0.0,baseline,rough,43,1.0,steady,0.0,1.74,1,-0.4333084805891061,1.455875062533866,0.27796932854685946,16.612937117899687,48.479060889786005,PASS,cca3806781b50155c3908ec2297b347757749b2c6242a909acf65f8c82c1b07a,d9b91fdb5664fe5d29c4dca4b05697b64b932031865306ee3186d007607f0d52,1385b1aef0a8ab4fc26b315e4bce87956c1a4084dd4b652f28a08060cd5b4338
baseline_rough_43_vx1.0_steady_-0.1,baseline,rough,43,1.0,steady,-0.1,1.74,1,-0.42366741250178386,1.4451287808256659,0.30815796722690525,16.236465781024457,46.98658547008924,PASS,cca3806781b50155c3908ec2297b347757749b2c6242a909acf65f8c82c1b07a,a27e12fd406a54b775cf874f900312889f5e2097ea86894cc64ae83ccf9c7b75,56304790806d82d5d89c37a330ed1039f3f989e6641db5cc529fb05b213ea4c1
baseline_rough_43_vx1.0_steady_0.1,baseline,rough,43,1.0,steady,0.1,1.7,1,-0.43158414211592594,1.4528154237274116,0.2772193322156006,16.382527280497822,47.167328952197934,PASS,cca3806781b50155c3908ec2297b347757749b2c6242a909acf65f8c82c1b07a,7617708336d9340384c8f8e94752403e0c0bac3bb9195127b6a494084c012b33,2fcf936ab60281595968fa01bfcdd784724ad9d015d89ddd9ab861e43792c15f
reproduction_20261001_rough_43_vx0.5_steps_0.0,reproduction_20261001,rough,43,0.5,steps,0.0,2.46,1,-0.2922170994409702,0.8951539997053458,0.2118408883224132,32.973913953694506,59.61688717283153,PASS,cca3806781b50155c3908ec2297b347757749b2c6242a909acf65f8c82c1b07a,e26de714c6c11be1b28d35ba3f6ef680b3886b6f9636b774275fb61dcaba2534,46a2577e4e12856c5e358360d195721658e943fdcc28c2850f9f4be8e4315a2c
reproduction_20261001_rough_43_vx0.5_slow_sine_0.0,reproduction_20261001,rough,43,0.5,slow_sine,0.0,2.48,1,-0.2932035366872466,0.8967618519839451,0.2039993972848867,32.69922447380507,59.3756445277366,PASS,cca3806781b50155c3908ec2297b347757749b2c6242a909acf65f8c82c1b07a,eaf869f404bc7c5f409826cdd22c81210687126b9914833e0b3b47521df8d9e4,b4684c6759e173a3ca8d2881c7b3ac2ab547ae69f3cf3d6b2785258824daa76d
reproduction_20261001_rough_43_vx0.5_steady_0.0,reproduction_20261001,rough,43,0.5,steady,0.0,2.46,1,-0.2922170994409702,0.8951539997053458,0.2118408883224132,32.973913953694506,59.61688717283153,PASS,cca3806781b50155c3908ec2297b347757749b2c6242a909acf65f8c82c1b07a,be1f33532ad1d83eac2c485ed6752e8f2bc84e921951bb13bcd506a305ff678d,46a2577e4e12856c5e358360d195721658e943fdcc28c2850f9f4be8e4315a2c
reproduction_20261001_rough_43_vx0.5_steady_-0.1,reproduction_20261001,rough,43,0.5,steady,-0.1,2.46,1,-0.29400660060034184,0.8991684559454413,0.24137512688465865,33.6448207129119,60.42370959044246,PASS,cca3806781b50155c3908ec2297b347757749b2c6242a909acf65f8c82c1b07a,029a1a4f025601ee76cd51dba2503e7161e242c3051c5c5e9171f0a6a8399fc5,174bc55c410762f2cf286d22215b97d7fbcfea9ba39469b58ec614eae99ef2aa
reproduction_20261001_rough_43_vx0.5_steady_0.1,reproduction_20261001,rough,43,0.5,steady,0.1,2.46,1,-0.2876876568069815,0.8866455018238705,0.22946900841168796,32.149129534435055,58.34851302585549,PASS,cca3806781b50155c3908ec2297b347757749b2c6242a909acf65f8c82c1b07a,bb4d66b189fc863d0993971594cb552dc3978612cec1f467a452bd5a5fdb5764,0141e9632b7e98d2730356ed3389ee80bedac53bd991f48c2d5da29f6c073404
reproduction_20261001_rough_43_vx1.0_steps_0.0,reproduction_20261001,rough,43,1.0,steps,0.0,2.36,1,-0.3056474892503087,1.3701447968514946,0.20362077396547995,35.97274608310771,62.66431982297326,PASS,cca3806781b50155c3908ec2297b347757749b2c6242a909acf65f8c82c1b07a,72ce2a8eaf88508ee627f8846cb64da9116b89d37e24dce671b31a44400e5f0f,e3a3485defabc7a767e0cb823b8b62fd9057486288c498f0edf13fa35f8bdc61
reproduction_20261001_rough_43_vx1.0_slow_sine_0.0,reproduction_20261001,rough,43,1.0,slow_sine,0.0,2.36,1,-0.30423412283418877,1.367681860842575,0.204961956782625,35.6654035569045,61.82108777379205,PASS,cca3806781b50155c3908ec2297b347757749b2c6242a909acf65f8c82c1b07a,bb1e28dd4ebd51dbea8b23e078831cefa222016002cae4c89fad0977b6859c85,67040569cd50de75c258b0c7b5a4394d412012e712599f190475062540ebb887
reproduction_20261001_rough_43_vx1.0_steady_0.0,reproduction_20261001,rough,43,1.0,steady,0.0,2.36,1,-0.3056474892503087,1.3701447968514946,0.20362077396547995,35.97274608310771,62.66431982297326,PASS,cca3806781b50155c3908ec2297b347757749b2c6242a909acf65f8c82c1b07a,bc0bba41f77ab0edad34084685ffcd1fa97732124364eaf461d79c5d169edc25,e3a3485defabc7a767e0cb823b8b62fd9057486288c498f0edf13fa35f8bdc61
reproduction_20261001_rough_43_vx1.0_steady_-0.1,reproduction_20261001,rough,43,1.0,steady,-0.1,2.36,1,-0.301618995069165,1.3662936233118304,0.2253718837167638,36.461965238461694,62.57131976052905,PASS,cca3806781b50155c3908ec2297b347757749b2c6242a909acf65f8c82c1b07a,0a5aa63d4ca5d55a1003ceb7b7f32f8f3a56309fe5cd67c6f4316a40872c7de9,7211f20370b43976b3dc8d30bb845196035e081b85d5797501ec5efcb80ce21d
reproduction_20261001_rough_43_vx1.0_steady_0.1,reproduction_20261001,rough,43,1.0,steady,0.1,2.4,1,-0.2912731914443885,1.3537124818904074,0.23377472181982437,35.33673428333527,60.613479005028694,PASS,cca3806781b50155c3908ec2297b347757749b2c6242a909acf65f8c82c1b07a,26d549bec215affe1bbe70882e1b784e12b228c2a62243aeaa580fa7d6ba7e43,448b8f5161dfa6a522d3f6c6b89c70e81526ce4c095c877827eee7a99d821eba
baseline_rough_44_vx0.5_steps_0.0,baseline,rough,44,0.5,steps,0.0,1.86,1,0.43252987923537106,0.4010736905340654,1.200115557045421,17.70174584102752,86.97562501765199,PASS,f8def0d5fc7920028f609e7f0041eb77c22ee4319c683edcf65f24e5c8e8d2fc,f08f59a5df1dd3dbb61bd7c4021cb141d41a8043efdf0eb92e129b9090e083ff,fc91d038dbaa8bc2676b6022d60f855a8b7594bfcb255fae33c4afa9753c6634
baseline_rough_44_vx0.5_slow_sine_0.0,baseline,rough,44,0.5,slow_sine,0.0,1.86,1,0.42967269558003235,0.40366474599700053,1.173396035408237,17.312363254954363,83.61474583797705,PASS,f8def0d5fc7920028f609e7f0041eb77c22ee4319c683edcf65f24e5c8e8d2fc,b74bac754fe8170b92cfc5c2f2a8562a53953aefc300e6d2332be7be223c1d37,373b05feb2efba112a4d13c00053285b68d7f370ea515e919f7d0d29b5549fbd
baseline_rough_44_vx0.5_steady_0.0,baseline,rough,44,0.5,steady,0.0,1.86,1,0.43252987923537106,0.4010736905340654,1.200115557045421,17.70174584102752,86.97562501765199,PASS,f8def0d5fc7920028f609e7f0041eb77c22ee4319c683edcf65f24e5c8e8d2fc,e47f9f86949e16dd313e2d5dadab891250390c6b881b27c09803cad864568a33,fc91d038dbaa8bc2676b6022d60f855a8b7594bfcb255fae33c4afa9753c6634
baseline_rough_44_vx0.5_steady_-0.1,baseline,rough,44,0.5,steady,-0.1,1.94,1,0.4180310491591663,0.3878538607318178,1.0176882141601575,18.205860613029543,89.39850115554111,PASS,f8def0d5fc7920028f609e7f0041eb77c22ee4319c683edcf65f24e5c8e8d2fc,a1582741cece5b02bcdfd06232d62209c41abc455540b2932c1222f901ae723d,fbc79bb6846a3d225c0a6772ed9efbd368b20f52c2137a6d1b60123a851dce41
baseline_rough_44_vx0.5_steady_0.1,baseline,rough,44,0.5,steady,0.1,1.9000000000000001,1,0.42650529966082884,0.37202717656113293,1.1416796790937818,18.542103137198843,84.00982793982648,PASS,f8def0d5fc7920028f609e7f0041eb77c22ee4319c683edcf65f24e5c8e8d2fc,e6e8b24aead4b31715677145e3198870c20940fe5df825adf55ba975fe8b9182,444c07d243ce1a1b70edee3565075fee26a8851f195bd5713811730c53870c73
baseline_rough_44_vx1.0_steps_0.0,baseline,rough,44,1.0,steps,0.0,1.6600000000000001,1,0.46337287160904955,0.6391794283866931,0.8253963769684242,17.517381598915936,79.7579942295249,PASS,f8def0d5fc7920028f609e7f0041eb77c22ee4319c683edcf65f24e5c8e8d2fc,af086271365ff19b109a2070b5d132e84b8aab6a0047d97729530bf160f3f5fe,ca571040e623bb5641cc1295e7a69284d1ccfe26518f1735a011ab5b9752e085
baseline_rough_44_vx1.0_slow_sine_0.0,baseline,rough,44,1.0,slow_sine,0.0,1.6600000000000001,1,0.46774599281733126,0.6350534849643268,0.9300410854701388,17.45605654473799,79.39733264679853,PASS,f8def0d5fc7920028f609e7f0041eb77c22ee4319c683edcf65f24e5c8e8d2fc,f72aeae176f1ed84292efc653e9999bf2276b0572e2fb6ed4c1f43dd7377376f,a588e678696f7a15b240a5f12b8048c42546ff9399338d97704b60cd09230f4f
baseline_rough_44_vx1.0_steady_0.0,baseline,rough,44,1.0,steady,0.0,1.6600000000000001,1,0.46337287160904955,0.6391794283866931,0.8253963769684242,17.517381598915936,79.7579942295249,PASS,f8def0d5fc7920028f609e7f0041eb77c22ee4319c683edcf65f24e5c8e8d2fc,55fe0f769c7b0e1b6f1b29488c7404715e7df934ee8cf55c4037ca181ae12471,ca571040e623bb5641cc1295e7a69284d1ccfe26518f1735a011ab5b9752e085
baseline_rough_44_vx1.0_steady_-0.1,baseline,rough,44,1.0,steady,-0.1,1.68,1,0.4591368469924827,0.6402866198065753,0.8021072489621138,17.796173369245583,79.48337862584602,PASS,f8def0d5fc7920028f609e7f0041eb77c22ee4319c683edcf65f24e5c8e8d2fc,1272e6b64304d12c196df2d2cc8868982f05b72e4c9523c9ede4dbcc5a3cfab0,f940d0ba9c0efad7b5739a50380af3cb19399a1040f924cad14297f96f9e23d1
baseline_rough_44_vx1.0_steady_0.1,baseline,rough,44,1.0,steady,0.1,1.68,1,0.4648121008415706,0.6437342148359169,0.8536752037926393,18.02300834385288,81.01224071803584,PASS,f8def0d5fc7920028f609e7f0041eb77c22ee4319c683edcf65f24e5c8e8d2fc,05d8b95fffb632975b0c1004c270cf1c1684617d8ab1897a06fda15ee62a6900,f25ba0ad2f6c7d952be2cc6f50917179334fdb183dbad2509177215b5fcda1f4
reproduction_20261001_rough_44_vx0.5_steps_0.0,reproduction_20261001,rough,44,0.5,steps,0.0,4.42,1,0.1907351828197659,0.4704006971483204,0.552705116621983,13.032049523838387,78.2048619553999,PASS,f8def0d5fc7920028f609e7f0041eb77c22ee4319c683edcf65f24e5c8e8d2fc,c47c392eed21ef8fdd5de8618cea3d3476092078e1fad91be03ff2f12b2bb4c4,ee863288ec545ea235b505266f40c11263f7aca93a477b089550038739782d14
reproduction_20261001_rough_44_vx0.5_slow_sine_0.0,reproduction_20261001,rough,44,0.5,slow_sine,0.0,4.4,1,0.1749570924075279,0.4623029749808185,0.5380202633342063,12.986184257453372,88.71271021786545,PASS,f8def0d5fc7920028f609e7f0041eb77c22ee4319c683edcf65f24e5c8e8d2fc,cfaad3a021c39aa3efdcfd379b48f7d8194cd3b51ed6e5449e2f7db852efe1ea,ca0286c53f6a9acfe0c34926b66297ff076a4d06d68806d4ca12e49e0e087d4a
reproduction_20261001_rough_44_vx0.5_steady_0.0,reproduction_20261001,rough,44,0.5,steady,0.0,4.42,1,0.1907351828197659,0.4704006971483204,0.552705116621983,13.032049523838387,78.2048619553999,PASS,f8def0d5fc7920028f609e7f0041eb77c22ee4319c683edcf65f24e5c8e8d2fc,a151c2274fb7e8c0dcf432a7d46d99723dd1922be207d79574d1f4f13fc72dc1,ee863288ec545ea235b505266f40c11263f7aca93a477b089550038739782d14
reproduction_20261001_rough_44_vx0.5_steady_-0.1,reproduction_20261001,rough,44,0.5,steady,-0.1,4.1,1,0.20998787403711994,0.4682468754626889,0.7654606396575225,13.614403763591666,70.98157407207356,PASS,f8def0d5fc7920028f609e7f0041eb77c22ee4319c683edcf65f24e5c8e8d2fc,7dc22593169d248481e8c7b631359dbec6d02b2ff7d16dc74d3a4a10b3c75247,506bdb1009d8806d43066486e0ddf3cae24ac0c9f85510d19de4b38a8ce918f2
reproduction_20261001_rough_44_vx0.5_steady_0.1,reproduction_20261001,rough,44,0.5,steady,0.1,4.12,1,0.20714268382145135,0.4716250376287274,0.6939420388032925,12.601432870323624,71.37551603994828,PASS,f8def0d5fc7920028f609e7f0041eb77c22ee4319c683edcf65f24e5c8e8d2fc,b15fd8fc36fb010802090fd20091703f37524cee09e1b6657496c34cc14fcf4f,2743cee533150f0718156abe3834915dcbff97e615ea8f283a9894313d1e96ef
reproduction_20261001_rough_44_vx1.0_steps_0.0,reproduction_20261001,rough,44,1.0,steps,0.0,4.08,1,-0.16524024431135037,1.234139301250056,0.30263079333297455,30.58460630184787,65.99352610217461,PASS,f8def0d5fc7920028f609e7f0041eb77c22ee4319c683edcf65f24e5c8e8d2fc,6d6b832ab6cadc6c990294db9e604edc4c59177aa7b5160b84bbf879b4b20890,eae3895f5342c29898c4dcb51736e7d256668a9e63082bcea8de050254472537
reproduction_20261001_rough_44_vx1.0_slow_sine_0.0,reproduction_20261001,rough,44,1.0,slow_sine,0.0,4.0200000000000005,1,-0.1674923771927949,1.235510744247248,0.36003536948524106,30.88156516361598,65.96832992455501,PASS,f8def0d5fc7920028f609e7f0041eb77c22ee4319c683edcf65f24e5c8e8d2fc,27ee3e8fe00d724ca5aba114128ea589fc556f7e2819869ea082c8ca2413fd5a,13ecd4305e7e3856e5cf7032e9edc49e1c9750dff00df989bd19730dfdcd2585
reproduction_20261001_rough_44_vx1.0_steady_0.0,reproduction_20261001,rough,44,1.0,steady,0.0,4.08,1,-0.16524024431135037,1.234139301250056,0.30263079333297455,30.58460630184787,65.99352610217461,PASS,f8def0d5fc7920028f609e7f0041eb77c22ee4319c683edcf65f24e5c8e8d2fc,e71dc8e21a2e214edb1bfbdfe39712ce32cb492f7211f38031dcbd58cb325f26,eae3895f5342c29898c4dcb51736e7d256668a9e63082bcea8de050254472537
reproduction_20261001_rough_44_vx1.0_steady_-0.1,reproduction_20261001,rough,44,1.0,steady,-0.1,3.88,1,-0.17522300094334287,1.2454536842947246,0.2798062916241614,31.36618631434473,67.19754545878818,PASS,f8def0d5fc7920028f609e7f0041eb77c22ee4319c683edcf65f24e5c8e8d2fc,a997df95d38f1a86ff17cd9ea84348ad9f0e271bee4cae3523badc812ce30406,862102baa496a9996e514d9879328e529c18eaa286a5f8fe2ca510fad89d755b
reproduction_20261001_rough_44_vx1.0_steady_0.1,reproduction_20261001,rough,44,1.0,steady,0.1,4.04,1,-0.16581232662277612,1.234046521447822,0.3460385282444626,30.55632917985163,65.9031344474719,PASS,f8def0d5fc7920028f609e7f0041eb77c22ee4319c683edcf65f24e5c8e8d2fc,a9ae5674af6934d1f8eee9330b73f504b8329c4299d3fbc061d5c7e4d0edf656,9856811740b16791d3b87790b2c6adf3b6ab64b2b621fbd2b9e4e3a9fc85c7b3
