variant,speed,yaw_command,start_heading_rad,physics_dt,changed_model_arrays,changed_settings,model_options,elapsed_s,physical_steps,actions,fell,numerical_failure,mean_world_wz,mean_body_wz,heading_endpoint_rate,heading_slope,forward_rmse,max_tilt_deg
baseline,0.5,0.0,0.0,0.001,[],{},"{'cone': 0, 'integrator': 3}",20.0,20000,1000,0,0,-0.0925757087498998,-0.09064838083859778,-0.09094358744358211,-0.09086785907995473,0.02975707388510103,6.448408657494372
baseline,1.0,0.0,0.0,0.001,[],{},"{'cone': 0, 'integrator': 3}",20.0,20000,1000,0,0,-0.09925981703056495,-0.09729811195889639,-0.10087774269706486,-0.1008653263597922,0.05059783024523997,7.193116274490883
refresh_constants,0.5,0.0,0.0,0.001,[],{},"{'cone': 0, 'integrator': 3}",20.0,20000,1000,0,0,-0.0925757087498998,-0.09064838083859778,-0.09094358744358211,-0.09086785907995473,0.02975707388510103,6.448408657494372
refresh_constants,1.0,0.0,0.0,0.001,[],{},"{'cone': 0, 'integrator': 3}",20.0,20000,1000,0,0,-0.09925981703056495,-0.09729811195889639,-0.10087774269706486,-0.1008653263597922,0.05059783024523997,7.193116274490883
central_com_sym,0.5,0.0,0.0,0.001,"['actuator_acc0', 'body_invweight0', 'body_ipos', 'dof_M0', 'dof_invweight0', 'dof_length', 'light_poscom0']",{'parameter': 'central body COM sagittal offsets removed; mass unchanged'},"{'cone': 0, 'integrator': 3}",20.0,20000,1000,0,0,-0.09292409158109337,-0.09090043371191833,-0.09157181012271359,-0.09142691868059043,0.030415677861689673,6.5200480218671615
central_com_sym,1.0,0.0,0.0,0.001,"['actuator_acc0', 'body_invweight0', 'body_ipos', 'dof_M0', 'dof_invweight0', 'dof_length', 'light_poscom0']",{'parameter': 'central body COM sagittal offsets removed; mass unchanged'},"{'cone': 0, 'integrator': 3}",20.0,20000,1000,0,0,-0.10028230192517612,-0.09823752585444086,-0.10200130301294796,-0.10218545802309478,0.051663786449077057,7.271009210328188
central_inertia_sym,0.5,0.0,0.0,0.001,"['actuator_acc0', 'body_inertia', 'body_invweight0', 'body_iquat', 'dof_invweight0']",{'parameter': 'central inertia antisymmetric components removed; COM unchanged'},"{'cone': 0, 'integrator': 3}",20.0,20000,1000,0,0,-0.09296996504735146,-0.09102123336096611,-0.09151986623276706,-0.09128067853129096,0.02953500950515951,6.453370637857757
central_inertia_sym,1.0,0.0,0.0,0.001,"['actuator_acc0', 'body_inertia', 'body_invweight0', 'body_iquat', 'dof_invweight0']",{'parameter': 'central inertia antisymmetric components removed; COM unchanged'},"{'cone': 0, 'integrator': 3}",20.0,20000,1000,0,0,-0.09894356580988162,-0.09702014898731678,-0.10057670192380247,-0.10093204072280787,0.05030925494542794,7.1577210387094246
contact_solref01,0.5,0.0,0.0,0.001,['geom_solref'],{'parameter': 'contact solref time constant .02 -> .01'},"{'cone': 0, 'integrator': 3}",20.0,20000,1000,0,0,-0.0868134937883958,-0.08536192614942041,-0.08741672513941455,-0.08707526580742381,0.030688516394959522,6.249101428361353
contact_solref01,1.0,0.0,0.0,0.001,['geom_solref'],{'parameter': 'contact solref time constant .02 -> .01'},"{'cone': 0, 'integrator': 3}",20.0,20000,1000,0,0,-0.10560341806774863,-0.10441668191598685,-0.10626394181879689,-0.10509158589147548,0.03498669211807442,7.286268553850145
cone_elliptic,0.5,0.0,0.0,0.001,[],{'parameter': 'pyramidal -> elliptic friction cone'},"{'cone': 1, 'integrator': 3}",20.0,20000,1000,0,0,-0.08809528465111673,-0.08600715596769788,-0.08764839915082846,-0.08764032964769221,0.032568418312705766,6.373614434744153
cone_elliptic,1.0,0.0,0.0,0.001,[],{'parameter': 'pyramidal -> elliptic friction cone'},"{'cone': 1, 'integrator': 3}",20.0,20000,1000,0,0,-0.09400112156490727,-0.09225586457185701,-0.09614958972226494,-0.09623231273463999,0.05580145224688335,7.052835665201383
integrator_implicit,0.5,0.0,0.0,0.001,[],{'parameter': 'implicitfast -> implicit'},"{'cone': 0, 'integrator': 2}",20.0,20000,1000,0,0,-0.09267690820298012,-0.09075115565759004,-0.0910868807540679,-0.09085164054218478,0.029617140552443633,6.46211367105975
integrator_implicit,1.0,0.0,0.0,0.001,[],{'parameter': 'implicitfast -> implicit'},"{'cone': 0, 'integrator': 2}",20.0,20000,1000,0,0,-0.09886217269366422,-0.09690258771236979,-0.10062616729812701,-0.10096412062967364,0.049787001547537915,7.2062395639189925
mirror_actor,0.5,0.0,0.0,0.001,[],{'parameter': 'sagittal reflection wrapper around same actor weights; no model change'},"{'cone': 0, 'integrator': 3}",20.0,20000,1000,0,0,0.09302642566531949,0.09087847061968621,0.09184634789723334,0.09162066965070353,0.031139833543753215,6.593799282144761
mirror_actor,1.0,0.0,0.0,0.001,[],{'parameter': 'sagittal reflection wrapper around same actor weights; no model change'},"{'cone': 0, 'integrator': 3}",20.0,20000,1000,0,0,0.10089014398955092,0.09866735393633505,0.10277158782613185,0.10228934254903015,0.05347349540071123,7.322077698034814
