update,checkpoint,nominal_zero_length,nominal_ppo_length,nominal_delta_steps,nonzero_mean_delta_steps,worst_delta_steps,best_delta_steps,wins,ties,losses,mean_action_rms
1,update_001.pt,215,194,-21,0.0,-4,3,4,4,4,0.0021765613103474158
2,update_002.pt,215,191,-24,0.08333333333333333,-4,4,4,4,4,0.0030680424683913084
3,update_003.pt,215,207,-8,-0.08333333333333333,-3,2,4,4,4,0.002106463412941226
4,update_004.pt,215,232,17,0.0,-2,1,3,7,2,0.0028918772929613008
5,update_005.pt,215,183,-32,0.16666666666666666,-3,4,5,2,5,0.004653720729678902
6,update_006.pt,215,184,-31,0.16666666666666666,-3,4,5,2,5,0.0038794983747658836
7,update_007.pt,215,160,-55,1.1666666666666667,-9,19,6,0,6,0.004550978793924506
8,update_008.pt,215,153,-62,2.5833333333333335,-11,35,6,0,6,0.004847565159504649
9,update_009.pt,215,166,-49,0.5833333333333334,-7,12,6,0,6,0.0041183125034197085
10,update_010.pt,215,164,-51,0.8333333333333334,-7,14,6,0,6,0.004507026593326832
11,update_011.pt,215,155,-60,2.1666666666666665,-11,30,6,0,6,0.0055083574130526764
12,update_012.pt,215,152,-63,2.9166666666666665,-12,40,6,0,6,0.006395132827687093
13,update_013.pt,215,153,-62,2.75,-12,37,6,0,6,0.007040538349647224
14,update_014.pt,215,165,-50,0.6666666666666666,-7,13,6,0,6,0.006295226480792829
15,update_015.pt,215,161,-54,1.0833333333333333,-9,18,6,0,6,0.007586265919322925
16,update_016.pt,215,175,-40,0.25,-5,7,6,0,6,0.007608076418847749
17,update_017.pt,215,175,-40,0.25,-5,7,6,0,6,0.006948552648415786
18,update_018.pt,215,174,-41,0.4166666666666667,-5,7,6,0,6,0.007414760769557519
19,update_019.pt,215,200,-15,0.16666666666666666,-1,1,5,4,3,0.008448193181907643
20,update_020.pt,215,204,-11,-0.16666666666666666,-3,2,3,5,4,0.0082606043953388
21,update_021.pt,215,182,-33,0.25,-5,6,5,3,4,0.008345026381189382
22,update_022.pt,215,173,-42,0.4166666666666667,-7,9,5,2,5,0.008278833510702324
23,update_023.pt,215,154,-61,2.1666666666666665,-13,31,6,0,6,0.00804326517786076
24,update_024.pt,215,150,-65,4.5,-15,59,6,0,6,0.006781201611021676
25,update_025.pt,215,150,-65,4.0,-14,52,6,0,6,0.006909879239276249
26,update_026.pt,215,151,-64,3.25,-14,43,6,0,6,0.006862929244569116
27,update_027.pt,215,150,-65,4.25,-14,53,6,0,6,0.00638154842037434
28,update_028.pt,215,144,-71,3.25,-17,36,6,0,6,0.0074097351379722514
29,update_029.pt,215,143,-72,2.6666666666666665,-18,29,6,0,6,0.007131953103050428
30,update_030.pt,215,140,-75,2.5,-19,27,6,0,6,0.008091342442110011
