engine,skill,case,env,protocol,vx,yaw,full,passed,entry_speed_mps,tail_speed_rms,tail_yaw_rms,tail_signed_heading_rad,settled,net_m,heading_excursion_rad,cycles_and_lift,decision_path_m,post_duration_s
mujoco,hold,0,0,static,0.0,0.0,True,False,0.0,0.42576666493088555,1.2245942338653644,2.1851433352396405,False,0.5262539905399211,10.444954528169264,False,3.7611965628601385,10.0
mujoco,hold,1,0,static,0.0,0.0,True,False,0.0,0.42576666493088555,1.2245942338653644,2.1851433352396405,False,0.5262539905399211,10.444954528169264,False,3.7611965628601385,10.0
mujoco,hold,2,0,direct,0.5,-0.2,True,False,0.5432096693684729,0.44120842154164275,1.3706139504458004,2.4588576368176867,False,1.3856285330278006,9.914634756663274,True,4.496586555916941,10.0
mujoco,hold,3,0,ramp_0.5,0.5,-0.2,True,False,0.2752822781937128,0.39502840070099116,1.1154092008966363,1.9273049320675044,False,0.7162993236370034,10.343205776875918,False,3.9801467870767366,10.0
mujoco,hold,4,0,ramp_1.5,0.5,-0.2,False,False,0.17613825728474647,0.8962879917125953,5.909799069406923,-2.8868443324546726,False,0.6277770551815638,2.6735569301395774,False,1.174798258823201,0.9400000000000004
mujoco,hold,5,0,direct,0.5,-0.2,False,False,0.470411489509953,0.9274428729268219,4.412156729704647,-2.592778369562579,False,0.6415781941876373,2.220368846430927,False,0.655232707845038,0.8399999999999999
mujoco,hold,6,0,ramp_0.5,0.5,-0.2,False,False,0.30527427809750396,0.8298370040230135,10.304619963230172,-3.6794516801962076,False,0.6573537779143053,3.3928432735875957,False,0.8824568197557665,1.0
mujoco,hold,7,0,ramp_1.5,0.5,-0.2,True,False,0.12157458364994633,0.4180898550145035,1.246640048665099,2.1643494610072604,False,0.8420288156443961,10.113288930942755,False,4.252891144789999,10.0
mujoco,hold,8,0,direct,0.5,0.0,True,False,0.5278009043417877,0.0001539999093732099,2.9002138505241226e-05,5.792673447801988e-05,True,0.9134507396313892,0.5585389863159644,False,0.9867840953011104,10.0
mujoco,hold,9,0,ramp_0.5,0.5,0.0,True,False,0.26752127439117995,0.412931018907338,1.1693839444717804,2.0447291415742512,False,0.7572376641327353,10.338914338711302,False,4.03974972891949,10.0
mujoco,hold,10,0,ramp_1.5,0.5,0.0,False,False,0.17936387099348453,0.8790588058140544,5.226207744659411,-2.6141840657862985,False,0.604916536926361,2.4926349115704247,False,1.145931177372563,0.9400000000000004
mujoco,hold,11,0,direct,0.5,0.0,False,False,0.46311695957119786,0.9105424625496666,4.033537549508007,-2.165153454089171,False,0.6594013242620842,2.06137838858447,False,0.676997178447014,0.8599999999999994
mujoco,hold,12,0,ramp_0.5,0.5,0.0,False,False,0.3127149715987553,0.8671669239985869,6.081914090124208,-2.851979459418827,False,0.6487399964805536,2.7472361515957884,False,0.8748037536382158,0.9799999999999995
mujoco,hold,13,0,ramp_1.5,0.5,0.0,True,False,0.12646017464263606,0.4373705403935295,1.362714156288418,2.5008532653085,False,1.0957414336031057,9.671244505439594,False,4.383001193981292,10.0
mujoco,hold,14,0,direct,0.5,0.2,True,False,0.5173643283398113,0.00045866057827788755,0.0011987665125176177,-0.0023495827174122574,True,0.8609407430809214,0.4483880920222898,False,0.9214429324907911,10.0
mujoco,hold,15,0,ramp_0.5,0.5,0.2,True,False,0.25786155459024934,0.43461685393395594,1.4307284590044334,2.5604126237915583,False,0.7801769313899584,10.70077486334288,False,4.056835510462187,10.0
mujoco,hold,16,0,ramp_1.5,0.5,0.2,False,False,0.18362305735828185,0.8182031266183983,6.632002218873381,-2.926199747905708,False,0.6331542197017803,2.8867704709739876,False,1.1716630090187372,0.9800000000000004
mujoco,hold,17,0,direct,0.5,0.2,False,False,0.45308931730738367,1.1392992075419304,5.007623650846656,-0.404979238518246,False,1.4293252573371007,1.1091949134497043,False,1.4665432172280346,1.2999999999999998
mujoco,hold,18,0,ramp_0.5,0.5,0.2,False,False,0.31590667976885245,0.8293710007400954,6.766554791872252,-2.915621920155024,False,0.6974027880418635,2.9901784409999235,False,0.9230491329106496,1.0
mujoco,hold,19,0,ramp_1.5,0.5,0.2,True,False,0.12252801645695302,0.3988681097505442,1.0874153173591308,1.9627416622589378,False,1.0881494709672956,9.15663975609188,False,4.217626355311601,10.0
mujoco,hold,20,0,direct,1.0,-0.2,False,False,1.0121077345576297,1.3831683410191309,1.3102727061108852,0.5219375427658139,False,1.5193223842674386,0.8393044904276956,False,1.5293399034113238,1.0600000000000005
mujoco,hold,21,0,ramp_0.5,1.0,-0.2,True,False,0.6230798900000198,0.4368968462071786,1.4093020592010688,2.567807624415222,False,1.102216498474755,9.685345377472737,True,4.510008166052481,10.0
mujoco,hold,22,0,ramp_1.5,1.0,-0.2,True,False,0.29226944455960774,0.4271688194875256,1.3199407146638842,2.328837306583054,False,0.8187695549259109,10.2265425296665,False,4.803634828892034,10.0
mujoco,hold,23,0,direct,1.0,-0.2,False,False,0.9895378197251896,1.0209698090594668,3.3299044520413443,-2.405394096093107,False,1.1406081034038031,2.0304824925017533,False,1.2060222540297056,0.8799999999999999
mujoco,hold,24,0,ramp_0.5,1.0,-0.2,True,False,0.6282526425122272,0.42954480952476465,1.4144457350421542,2.5514872658170287,False,1.318265510755646,9.433254222843978,True,4.620163141686662,10.0
mujoco,hold,25,0,ramp_1.5,1.0,-0.2,False,False,0.279571391039864,0.8791849966000347,5.148293162555609,-2.544575066055436,False,0.616030460194068,2.30091710806181,False,1.6642598132642787,0.9199999999999999
mujoco,hold,26,0,direct,1.0,0.0,False,False,0.988836101335019,1.3083509957256407,3.5136741042519146,1.3153997417722159,False,1.4482818129205204,1.5235002931977006,False,1.479155721881501,1.0600000000000005
mujoco,hold,27,0,ramp_0.5,1.0,0.0,True,False,0.5830888756016249,0.43398075450076123,1.4065843342444315,2.4133139220605324,False,0.6903352642295707,10.729055350604826,True,4.458838922809371,10.0
mujoco,hold,28,0,ramp_1.5,1.0,0.0,True,False,0.25214725134862087,0.41482789812932414,1.254741318537329,2.209906267776967,False,0.7478298634151801,10.593398443540735,False,4.786440121311841,10.0
mujoco,hold,29,0,direct,1.0,0.0,False,False,0.9535263179486847,1.0053509928454845,3.305738696144518,-2.072346438792964,False,1.1875920793256631,1.95230781019532,False,1.242405708155572,0.9199999999999999
mujoco,hold,30,0,ramp_0.5,1.0,0.0,True,True,0.6029736793227688,0.0024244121222508764,0.003065355765888171,0.006095622844767057,True,0.26279305582100043,0.19197803670630575,False,0.7906757276267143,10.0
mujoco,hold,31,0,ramp_1.5,1.0,0.0,False,False,0.2759301168428677,0.8786745516528242,4.864773059724264,-2.4511147332446814,False,0.6196824629662752,2.3114045290613907,False,1.642182849801044,0.9399999999999995
mujoco,hold,32,0,direct,1.0,0.2,False,False,0.9630197916224807,1.454627132809298,1.519334726913527,0.8486311582001087,False,1.611442414018361,0.7479168480146323,False,1.6327035151842269,1.1400000000000006
mujoco,hold,33,0,ramp_0.5,1.0,0.2,True,False,0.5524433395617132,0.4137922613092924,1.305117432801025,2.381148954210717,False,0.6830993784744258,10.804170840951405,False,4.455539866814918,10.0
mujoco,hold,34,0,ramp_1.5,1.0,0.2,True,False,0.2411612129409435,0.42381830158444417,1.336538147396775,2.3604232963790928,False,0.903639550860395,10.225660733450583,False,4.8003515695548415,10.0
mujoco,hold,35,0,direct,1.0,0.2,False,False,0.9173263495215536,1.0602118803939111,3.270245208594558,-1.7157637102846621,False,1.2160827299556451,1.8328800221320272,False,1.2629907237838665,0.96
mujoco,hold,36,0,ramp_0.5,1.0,0.2,False,False,0.5818493111224182,0.6822302529467534,4.619750029316059,-2.7159322122115124,False,0.9776199168405444,2.503497300642176,False,1.6529066409059527,3.2199999999999998
mujoco,hold,37,0,ramp_1.5,1.0,0.2,False,False,0.2791629773111647,0.8872393733411343,4.67408384798512,-2.4419731283444035,False,0.6380678246402678,2.3940024959551103,False,1.6419878601668922,0.96
mujoco,march,0,0,static,0.0,0.0,True,False,0.0,0.23224425257700312,1.1491774264869108,-1.1824172508142996,False,0.28645887240489243,4.855432349853366,True,1.349616781145424,10.0
mujoco,march,1,0,static,0.0,0.0,True,False,0.0,0.4914328360116605,2.171448378733631,-3.2960021953347214,False,0.17958303857580948,8.981924305746723,True,2.482766545766044,10.0
mujoco,march,2,0,direct,0.5,-0.2,True,False,0.5432096693684729,0.20908096336370782,1.1306378380937374,-1.1670595664568424,False,1.0432580680232626,4.868677591715739,True,1.8918763597582675,10.0
mujoco,march,3,0,ramp_0.5,0.5,-0.2,True,False,0.2752822781937128,0.17402703605304667,1.1450884201510314,-1.2661227783874471,False,0.19672054991806828,4.714467192497899,True,1.448076387038118,10.0
mujoco,march,4,0,ramp_1.5,0.5,-0.2,True,False,0.17613825728474647,0.11923868458117723,0.7702454334742802,-0.8588752047836712,False,0.5455137684362436,4.2283073452975835,True,2.160011013094005,10.0
mujoco,march,5,0,direct,0.5,-0.2,True,False,0.470411489509953,0.1371603415820911,0.9370312732420693,-0.8988980316419566,False,0.5646587113455392,3.8427345183384958,True,1.891336057621504,10.0
mujoco,march,6,0,ramp_0.5,0.5,-0.2,True,False,0.30527427809750396,0.13487687272498994,0.9522367656298609,-1.1574815346123142,False,0.25810774490122723,5.237155646464943,True,1.6822272724826794,10.0
mujoco,march,7,0,ramp_1.5,0.5,-0.2,True,False,0.12157458364994633,0.16994832554298628,1.085154067688846,-1.0322231773193788,False,0.3220656063392532,4.926295267545029,True,2.057498652880968,10.0
mujoco,march,8,0,direct,0.5,0.0,True,False,0.5278009043417877,0.5910158325139613,2.553106472083643,-4.277287100562269,False,0.7559732522961665,9.612204015948123,True,3.3318851406802357,10.0
mujoco,march,9,0,ramp_0.5,0.5,0.0,True,False,0.26752127439117995,0.5160955744281143,1.6796501522254552,-2.395401582865836,False,0.6719696005680844,6.83602592357339,True,2.3050501980260933,10.0
mujoco,march,10,0,ramp_1.5,0.5,0.0,True,False,0.17936387099348453,0.2431271931616683,1.624425920661407,-2.4183631822607197,False,0.7926806356241901,5.717641617836495,True,2.312825440186611,10.0
mujoco,march,11,0,direct,0.5,0.0,True,False,0.46311695957119786,0.46635181314248575,1.2492081685423961,-1.4700471184765425,False,1.0523974664549371,5.052178277564581,True,2.1224097783961255,10.0
mujoco,march,12,0,ramp_0.5,0.5,0.0,True,False,0.3127149715987553,0.43333632578325143,1.5307696604464762,-2.065771031712265,False,0.8966732154491961,4.961366280806799,True,2.0180586761612282,10.0
mujoco,march,13,0,ramp_1.5,0.5,0.0,True,False,0.12646017464263606,0.08964137578664555,0.6432367159675886,-0.4890276851319255,False,0.34737447278155015,4.329745477026142,True,1.9240079033209767,10.0
mujoco,march,14,0,direct,0.5,0.2,False,False,0.5173643283398113,0.9798205377236713,3.1132176381945427,-2.0939178181722156,False,2.127295310027411,2.101048274111184,True,2.247909915348392,1.96
mujoco,march,15,0,ramp_0.5,0.5,0.2,True,False,0.25786155459024934,0.1527869275404656,1.138438165341557,-1.2208171269010437,False,0.5854188597222449,6.0583853048496215,True,1.9885748256463862,10.0
mujoco,march,16,0,ramp_1.5,0.5,0.2,True,False,0.18362305735828185,0.18088655309007262,1.3130210270418625,-1.5012998589945914,False,0.5379797355326779,4.317531064795263,True,2.0394378295935813,10.0
mujoco,march,17,0,direct,0.5,0.2,True,False,0.45308931730738367,0.10264406861291427,0.7110919928341936,-0.9171925172612854,False,0.18016025850987635,3.5188791837969107,True,1.7166791163626929,10.0
mujoco,march,18,0,ramp_0.5,0.5,0.2,True,False,0.31590667976885245,0.13986286826326155,1.1080901307113715,-1.2104375965234446,False,0.31547181241881517,4.43927645523998,True,1.490374753055525,10.0
mujoco,march,19,0,ramp_1.5,0.5,0.2,True,False,0.12252801645695302,0.19399419368857607,1.042373107307042,-0.8304051062552844,False,0.17815666196739346,5.708792863807247,True,2.028708481463574,10.0
mujoco,march,20,0,direct,1.0,-0.2,False,False,1.0121077345576297,1.4563952772609692,5.884903022620024,-2.756432820346864,False,1.6661107296160043,2.4185167583107483,False,1.6772326689175878,0.9800000000000004
mujoco,march,21,0,ramp_0.5,1.0,-0.2,False,False,0.6230798900000198,0.92657102402723,11.863628036876998,3.042131612445336,False,1.698602281234496,3.1904834301594756,False,2.1608859902169892,1.4800000000000004
mujoco,march,22,0,ramp_1.5,1.0,-0.2,True,False,0.29226944455960774,0.15024369762392042,0.874539593473744,-1.0084419918199297,False,0.4696783651151945,3.9131099985883178,True,2.3820505716107476,10.0
mujoco,march,23,0,direct,1.0,-0.2,False,False,0.9895378197251896,1.2670565177958373,3.489872103102149,-2.363083837440966,False,1.1841538727068817,2.104762148323007,False,1.1967043832759208,0.8199999999999994
mujoco,march,24,0,ramp_0.5,1.0,-0.2,True,False,0.6282526425122272,0.09303275514199837,0.6512010442656364,-0.8454319813573647,False,0.9527597627265338,5.432001979825521,True,2.315791968591306,10.0
mujoco,march,25,0,ramp_1.5,1.0,-0.2,True,False,0.279571391039864,0.22497998350323775,0.9920908039633631,-1.067920995450864,False,1.0599445463829626,5.397297767461032,True,3.4365533009573292,10.0
mujoco,march,26,0,direct,1.0,0.0,False,False,0.988836101335019,1.4351430091037005,5.076486451263812,-2.324384570324065,False,1.5081205429376607,2.216390013849969,False,1.5213908703867327,0.96
mujoco,march,27,0,ramp_0.5,1.0,0.0,True,False,0.5830888756016249,0.13186236312996133,0.978278424443672,-1.2941399625678613,False,1.5997052266800236,2.990294357096617,True,2.837775099545384,10.0
mujoco,march,28,0,ramp_1.5,1.0,0.0,True,False,0.25214725134862087,0.16698945973986923,1.0205743244378647,-1.2719247912628062,False,0.28109747958849407,4.4521308972621245,True,2.1542223294108487,10.0
mujoco,march,29,0,direct,1.0,0.0,False,False,0.9535263179486847,1.1891011645974863,3.127605371745563,-1.9131372515394611,False,1.2466716596232552,1.8925353554097906,False,1.2566987377847902,0.8599999999999994
mujoco,march,30,0,ramp_0.5,1.0,0.0,True,False,0.6029736793227688,0.24105506399315693,1.3173215139683172,-1.3099301751673535,False,0.37366626677595366,4.647010998646611,True,1.787607598722614,10.0
mujoco,march,31,0,ramp_1.5,1.0,0.0,False,False,0.2759301168428677,0.835431434441755,3.666936014708624,0.7842955685844673,False,1.3764672292010647,0.8310985458291866,True,2.4120109863716235,1.6399999999999997
mujoco,march,32,0,direct,1.0,0.2,False,False,0.9630197916224807,1.39630399735554,4.6599395598239655,-2.1854296407114147,False,1.7243565094556979,2.305016745234795,False,1.7502593264679183,1.04
mujoco,march,33,0,ramp_0.5,1.0,0.2,True,False,0.5524433395617132,0.12050708347911522,0.8883453605256424,-1.1267938022288595,False,1.0691310457931915,4.7880700432513805,True,2.4963993606719646,10.0
mujoco,march,34,0,ramp_1.5,1.0,0.2,True,False,0.2411612129409435,0.3063442599930675,1.3687772882036453,-1.8298053007885513,False,0.4594840433079288,4.94985718423508,True,2.362526567543342,10.0
mujoco,march,35,0,direct,1.0,0.2,False,False,0.9173263495215536,1.212601272654376,2.6877444326316904,-1.562132670436923,False,1.4566046467072415,1.7503196081332608,False,1.470100761004836,0.9399999999999995
mujoco,march,36,0,ramp_0.5,1.0,0.2,True,False,0.5818493111224182,0.1337690515770103,0.9275424991693277,-0.9091630500197332,False,0.25272976956713006,4.3777497829072844,True,1.5956338969814587,10.0
mujoco,march,37,0,ramp_1.5,1.0,0.2,False,False,0.2791629773111647,1.1432874797069608,3.0914561224966848,-2.7967529993761526,False,2.283684066861623,2.6900037545209616,True,3.3123929380159414,2.419999999999999
