speed,case,original_steady_error_deg,usd_steady_error_deg,original_settling15_s,usd_settling15_s,usd_settling5_s,usd_mean_yaw_command,usd_mean_world_wz
0.5,hold0,34.03531901906192,9.254959979845296,,0.0,,0.08076476189430423,-0.0018604106762242839
0.5,correct_left,33.77040248726379,9.226061118523024,,0.8400000000000006,,0.08051257175422878,-0.0018552520226965692
0.5,correct_right,33.73664829317758,9.222692787593585,,1.9799999999998927,,0.08048317752172104,-0.0017404615392284945
0.5,left90,35.092966602339416,9.21259495916236,,4.6199999999998775,,0.08039505734500786,-0.0017793224072290086
0.5,right90,33.832504405065755,9.255799324232216,,2.479999999999838,,0.08077208655585917,-0.001837205264514039
0.5,wrap_left,33.46320479065686,9.279253996203993,,0.0,,0.08097676718130054,-0.0016642450444392391
0.5,wrap_right,33.91666472576727,9.208031437277207,,0.0,,0.08035523310381648,-0.001597156874076906
1.0,hold0,45.243739300059815,10.428493023835806,,0.0,,0.09100576964359715,0.0021630755062726423
1.0,correct_left,48.42587522950571,10.415291410229857,,1.0999999999999897,,0.0908905638315972,0.002312701929897897
1.0,correct_right,45.31118671258926,10.39831110282646,,1.6399999999999302,,0.09074238269550218,0.0022002930313639118
1.0,left90,45.712146118311864,10.396252734193231,,4.979999999999998,,0.09072442004056737,0.0019671642939334184
1.0,right90,48.84673614802768,10.422793597682157,,2.579999999999827,,0.09095603276766942,0.0021559773118190115
1.0,wrap_left,45.336243906753154,10.415782587629634,,0.0,,0.09089485016301596,0.002240718889959396
1.0,wrap_right,45.15355529123456,10.431985742425475,,0.0,,0.09103624936321482,0.002263696349022192
