profile,speed,case,start_heading_rad,target_heading_rad,elapsed_s,fell,numerical_failure,physical_steps,actions,steady_mean_world_wz,steady_mean_yaw_command,steady_forward_rmse,max_tilt_deg,final_heading_error_deg,steady_signed_error_deg,steady_error_rmse_deg,steady_max_abs_error_deg,first_entry_5deg_s,settling_5deg_s,first_entry_15deg_s,settling_15deg_s,overshoot_deg
original,0.5,hold0,0.0,0.0,30.0,0,0,30000,1500,-0.008808269908248572,0.29701418942463864,0.10635383104396512,11.495131604009952,33.79824685556343,34.03531901906192,34.037797237669956,34.87925211740622,0.0,,0.0,,
original,0.5,correct_left,0.5,0.0,30.0,0,0,30000,1500,-0.01107840667342101,0.29470235656321775,0.10631049384999938,13.264870759662621,33.871159069738276,33.77040248726379,33.7709904289736,34.310639517215144,1.3199999999999654,,0.8400000000000006,,35.34232958170026
original,0.5,correct_right,-0.5,0.0,30.0,0,0,30000,1500,-0.009027650141973702,0.294407795651637,0.10612167571376355,10.332354331643407,33.6516016336665,33.73664829317758,33.737130932002366,34.02570778244291,,,,,0.0
original,0.5,left90,0.0,1.5707963267948966,30.0,0,0,30000,1500,-0.007763486443383967,0.3062439057516152,0.09864831023604742,10.196710657370698,34.067397483186745,35.092966602339416,35.09532185910764,35.862230424241794,,,,,0.0
original,0.5,right90,0.0,-1.5707963267948966,30.0,0,0,30000,1500,-0.008405606622596675,0.29524429803194135,0.10560520926450052,15.444255485399287,33.4473559359972,33.832504405065755,33.83303583172168,34.190089002805436,2.159999999999873,,1.8799999999999037,,34.190089002805436
original,0.5,wrap_left,3.12413936106985,-3.12413936106985,30.0,0,0,30000,1500,-0.009621229259616658,0.292021550933051,0.1080360553698048,11.446593655839294,33.44119871323624,33.46320479065686,33.463838021579804,33.835999689292066,0.0,,0.0,,0.0
original,0.5,wrap_right,-3.12413936106985,3.12413936106985,30.0,0,0,30000,1500,-0.010619411223721766,0.2959787353798292,0.10583581868861316,11.673785290324375,34.08110337988637,33.91666472576727,33.917252304733225,34.25435740134848,0.0,,0.0,,35.175289408248595
original,1.0,hold0,0.0,0.0,30.0,0,0,30000,1500,-0.0017052964525170091,0.3948261083499992,0.10655236308306447,12.27341276187523,45.383157243935074,45.243739300059815,45.244250658343724,45.669856846511394,0.0,,0.0,,
original,1.0,correct_left,0.5,0.0,30.0,0,0,30000,1500,0.004437744076976792,0.42259548295741967,0.051336507054447096,13.022101929251326,48.116954910057736,48.42587522950571,48.43398003622871,50.21117384404269,2.27999999999986,,1.8799999999999037,,50.21117384404269
original,1.0,correct_right,-0.5,0.0,30.0,0,0,30000,1500,-0.0019278291482245904,0.3954146980602941,0.10468587614232634,11.322484717749493,45.41530005184051,45.31118671258926,45.311776226429835,45.83429385026456,,,1.0799999999999919,,0.0
original,1.0,left90,0.0,1.5707963267948966,30.0,0,0,30000,1500,-0.003570220828644337,0.3989137289586437,0.10344564360271584,8.921978858762788,45.81145563754529,45.712146118311864,45.712622912740386,46.11837123846117,,,,,0.0
original,1.0,right90,0.0,-1.5707963267948966,30.0,0,0,30000,1500,0.003064310621914622,0.42626818731800764,0.0611180368182958,15.602262095604077,48.315337681886554,48.84673614802768,48.84956991850302,50.171302315473255,3.079999999999772,,2.7999999999998026,,50.171302315473255
original,1.0,wrap_left,3.12413936106985,-3.12413936106985,30.0,0,0,30000,1500,-0.0018199673978913995,0.3956333633300298,0.10741144795413708,12.1713687516077,45.475463962974274,45.336243906753154,45.3367079932321,45.7046600496816,0.0,,0.0,,2.3705967424864913
original,1.0,wrap_right,-3.12413936106985,3.12413936106985,30.0,0,0,30000,1500,-0.0015563644201811923,0.39403910440667506,0.10268975427702617,12.354142769461776,45.287376567502875,45.15355529123456,45.1540243608376,45.529651288994984,0.0,,0.0,,46.0336980310097
usd_position,0.5,hold0,0.0,0.0,30.0,0,0,30000,1500,-0.0018604106762242839,0.08076476189430423,0.03219680930513641,5.908311410591658,9.191199045647444,9.254959979845296,9.255522248120533,9.485944491029134,0.0,,0.0,0.0,
usd_position,0.5,correct_left,0.5,0.0,30.0,0,0,30000,1500,-0.0018552520226965692,0.08051257175422878,0.03199979536016782,8.189737669113105,9.29544161978181,9.226061118523024,9.226662813403273,9.520203098051494,1.7999999999999126,,0.8400000000000006,0.8400000000000006,9.520203098051494
usd_position,0.5,correct_right,-0.5,0.0,30.0,0,0,30000,1500,-0.0017404615392284945,0.08048317752172104,0.031886107412631835,5.363181736725262,9.23494782047907,9.222692787593585,9.223243038549468,9.46455991186468,,,1.9799999999998927,1.9799999999998927,0.0
usd_position,0.5,left90,0.0,1.5707963267948966,30.0,0,0,30000,1500,-0.0017793224072290086,0.08039505734500786,0.03214714379675533,5.711072823934394,9.36877595568136,9.21259495916236,9.213159084758331,9.464373854148047,,,4.6199999999998775,4.6199999999998775,0.0
usd_position,0.5,right90,0.0,-1.5707963267948966,30.0,0,0,30000,1500,-0.001837205264514039,0.08077208655585917,0.03209678351553857,13.416775946721879,9.266081435107624,9.255799324232216,9.256409240026393,9.528618872895802,3.3999999999997366,,2.479999999999838,2.479999999999838,9.528618872895814
usd_position,0.5,wrap_left,3.12413936106985,-3.12413936106985,30.0,0,0,30000,1500,-0.0016642450444392391,0.08097676718130054,0.03208160879253221,5.708119437586919,9.19178993356192,9.279253996203993,9.279796309667574,9.511521501563603,0.0,,0.0,0.0,0.0
usd_position,0.5,wrap_right,-3.12413936106985,3.12413936106985,30.0,0,0,30000,1500,-0.001597156874076906,0.08035523310381648,0.03220607331820159,6.01711828218897,9.103910597300825,9.208031437277207,9.208610404006237,9.441110729101206,0.0,,0.0,0.0,9.44924894629204
usd_position,1.0,hold0,0.0,0.0,30.0,0,0,30000,1500,0.0021630755062726423,0.09100576964359715,0.06057052390363485,6.550482512180578,10.38646434558162,10.428493023835806,10.429759150798024,10.772356196871954,0.0,,0.0,0.0,
usd_position,1.0,correct_left,0.5,0.0,30.0,0,0,30000,1500,0.002312701929897897,0.0908905638315972,0.061839876308686405,8.10017363979959,10.336133453470962,10.415291410229857,10.416556010288915,10.77933698997707,2.0199999999998886,,1.0999999999999897,1.0999999999999897,10.78475266806571
usd_position,1.0,correct_right,-0.5,0.0,30.0,0,0,30000,1500,0.0022002930313639118,0.09074238269550218,0.06157199029941384,6.106811199029008,10.356457448671158,10.39831110282646,10.399565421137721,10.76577379678749,,,1.6399999999999302,1.6399999999999302,0.0
usd_position,1.0,left90,0.0,1.5707963267948966,30.0,0,0,30000,1500,0.0019671642939334184,0.09072442004056737,0.06168520863921292,6.109157312156504,10.351540202843921,10.396252734193231,10.39751708076914,10.740065113073728,,,4.979999999999998,4.979999999999998,0.0
usd_position,1.0,right90,0.0,-1.5707963267948966,30.0,0,0,30000,1500,0.0021559773118190115,0.09095603276766942,0.060858969592533035,12.652360711476902,10.471337945169434,10.422793597682157,10.424080150622165,10.790953161948112,3.3999999999997366,,2.579999999999827,2.579999999999827,10.811650722589734
usd_position,1.0,wrap_left,3.12413936106985,-3.12413936106985,30.0,0,0,30000,1500,0.002240718889959396,0.09089485016301596,0.06109872113907845,6.47952156408722,10.30846813043304,10.415782587629634,10.417125511649449,10.78484819516736,0.0,,0.0,0.0,0.0
usd_position,1.0,wrap_right,-3.12413936106985,3.12413936106985,30.0,0,0,30000,1500,0.002263696349022192,0.09103624936321482,0.060743466152304824,6.65810200930155,10.338688064959339,10.431985742425475,10.433267686301331,10.785467175578734,0.0,,0.0,0.0,10.788367198227126
