env,protocol,yaw,decision_s,hold_start_s,resume_start_s,sequence_completed,sequence_passed,failure_s,first_ready_s,persistent_hold_passed,hold_latency_s,decision_to_hold_exit_path_m,decision_to_hold_exit_net_m,resume_tail_vx_rmse_mps,resume_tail_yaw_rms_rps
0,temporary,-0.2,5.5200000000000005,5.5200000000000005,9.46,True,True,,9.46,False,3.9400000000000004,0.1524052619934082,0.07423003017902374,0.0752667635679245,0.05733487382531166
1,temporary,-0.2,5.5200000000000005,5.5200000000000005,9.46,True,True,,9.46,False,3.9400000000000004,0.151260107755661,0.0730869472026825,0.07478196173906326,0.05679833143949509
2,temporary,-0.2,5.5200000000000005,5.5200000000000005,9.46,True,True,,9.46,False,3.9400000000000004,0.15390576422214508,0.07466719299554825,0.07578789442777634,0.05829789862036705
3,temporary,-0.2,5.5200000000000005,5.5200000000000005,9.46,True,True,,9.46,False,3.9400000000000004,0.15556073188781738,0.07312364876270294,0.07581989467144012,0.05796210467815399
4,temporary,-0.2,5.5200000000000005,5.5200000000000005,9.46,True,True,,9.46,False,3.9400000000000004,0.15671783685684204,0.07295673340559006,0.07577440142631531,0.05792495980858803
5,temporary,-0.2,5.62,5.62,9.46,True,True,,9.46,False,3.8400000000000007,0.15408629179000854,0.0834038183093071,0.07527932524681091,0.05874115601181984
6,temporary,-0.2,5.62,5.62,9.48,True,True,,9.48,False,3.8600000000000003,0.16198280453681946,0.08972132951021194,0.0745859146118164,0.05753743648529053
7,temporary,-0.2,5.62,5.62,9.48,True,True,,9.48,False,3.8600000000000003,0.16177725791931152,0.08437105268239975,0.07515208423137665,0.05753139406442642
8,temporary,-0.2,5.62,5.62,9.46,True,True,,9.46,False,3.8400000000000007,0.15458883345127106,0.0825221836566925,0.07481708377599716,0.05713384225964546
9,temporary,-0.2,5.62,5.62,9.46,True,True,,9.46,False,3.8400000000000007,0.1567971557378769,0.08076004683971405,0.07474678754806519,0.05767517909407616
10,temporary,-0.2,5.72,5.72,9.700000000000001,True,True,,9.700000000000001,False,3.9800000000000013,0.1577850878238678,0.07571601867675781,0.07582473754882812,0.05669432878494263
11,temporary,-0.2,5.72,5.72,9.700000000000001,True,True,,9.700000000000001,False,3.9800000000000013,0.15834496915340424,0.07765013724565506,0.07567816227674484,0.05771975591778755
12,temporary,-0.2,5.72,5.72,9.700000000000001,True,True,,9.700000000000001,False,3.9800000000000013,0.15790705382823944,0.07746503502130508,0.07517088949680328,0.0573074072599411
13,temporary,-0.2,5.72,5.72,9.700000000000001,True,True,,9.700000000000001,False,3.9800000000000013,0.1550939828157425,0.07710515707731247,0.07514290511608124,0.05704779922962189
14,temporary,-0.2,5.72,5.72,9.68,True,True,,9.68,False,3.96,0.1524789184331894,0.07354283332824707,0.07572104781866074,0.058853257447481155
15,temporary,-0.2,5.82,5.82,9.76,True,True,,9.76,False,3.9399999999999995,0.15386977791786194,0.07389597594738007,0.07548543065786362,0.05787014216184616
0,temporary,0.0,5.5200000000000005,5.5200000000000005,9.46,True,True,,9.46,False,3.9400000000000004,0.14587102830410004,0.07062055915594101,0.07486622035503387,0.057248134166002274
1,temporary,0.0,5.5200000000000005,5.5200000000000005,9.46,True,True,,9.46,False,3.9400000000000004,0.1449917107820511,0.0702236145734787,0.07570941746234894,0.057393141090869904
2,temporary,0.0,5.5200000000000005,5.5200000000000005,9.46,True,True,,9.46,False,3.9400000000000004,0.14539870619773865,0.07143710553646088,0.07500984519720078,0.05740536004304886
3,temporary,0.0,5.5200000000000005,5.5200000000000005,9.46,True,True,,9.46,False,3.9400000000000004,0.14387786388397217,0.07134217768907547,0.07476639002561569,0.05767219886183739
4,temporary,0.0,5.5200000000000005,5.5200000000000005,9.46,True,True,,9.46,False,3.9400000000000004,0.1453581601381302,0.07254726439714432,0.07494475692510605,0.05664033442735672
5,temporary,0.0,5.62,5.62,9.46,True,True,,9.46,False,3.8400000000000007,0.16420528292655945,0.08622047305107117,0.07511158287525177,0.05739365518093109
6,temporary,0.0,5.62,5.62,9.46,True,True,,9.46,False,3.8400000000000007,0.1643650084733963,0.08609800785779953,0.07520557194948196,0.05842750892043114
7,temporary,0.0,5.62,5.62,9.46,True,True,,9.46,False,3.8400000000000007,0.16310414671897888,0.0858175978064537,0.07494029402732849,0.05716743320226669
8,temporary,0.0,5.62,5.62,9.46,True,True,,9.46,False,3.8400000000000007,0.16434229910373688,0.08632760494947433,0.07561087608337402,0.05931202322244644
9,temporary,0.0,5.62,5.62,9.46,True,True,,9.46,False,3.8400000000000007,0.16365279257297516,0.08412382751703262,0.07545888423919678,0.05859067291021347
10,temporary,0.0,5.72,5.72,9.68,True,True,,9.68,False,3.96,0.15553350746631622,0.07849162071943283,0.07498624175786972,0.05616908147931099
11,temporary,0.0,5.72,5.72,9.700000000000001,True,True,,9.700000000000001,False,3.9800000000000013,0.1601431965827942,0.08000875264406204,0.07559391111135483,0.058438342064619064
12,temporary,0.0,5.72,5.72,9.700000000000001,True,True,,9.700000000000001,False,3.9800000000000013,0.1603192389011383,0.07865961641073227,0.0758688896894455,0.057295192033052444
13,temporary,0.0,5.72,5.72,9.700000000000001,True,True,,9.700000000000001,False,3.9800000000000013,0.16259855031967163,0.0792107954621315,0.07547721266746521,0.057852283120155334
14,temporary,0.0,5.72,5.72,9.700000000000001,True,True,,9.700000000000001,False,3.9800000000000013,0.16091814637184143,0.08031874150037766,0.07485237717628479,0.056334976106882095
15,temporary,0.0,5.82,5.82,9.76,True,True,,9.76,False,3.9399999999999995,0.14478211104869843,0.07144428044557571,0.07572299987077713,0.058575332164764404
0,temporary,0.2,5.5200000000000005,5.5200000000000005,9.3,True,True,,9.3,False,3.7800000000000002,0.1537531018257141,0.042624104768037796,0.07577690482139587,0.0582449771463871
1,temporary,0.2,5.5200000000000005,5.5200000000000005,9.32,True,True,,9.32,False,3.8,0.16037313640117645,0.056213464587926865,0.07528328150510788,0.05897745117545128
2,temporary,0.2,5.5200000000000005,5.5200000000000005,9.32,True,True,,9.32,False,3.8,0.16550962626934052,0.05789751932024956,0.07543543726205826,0.058091893792152405
3,temporary,0.2,5.5200000000000005,5.5200000000000005,9.3,True,True,,9.3,False,3.7800000000000002,0.1608424186706543,0.05498015508055687,0.07553133368492126,0.058007728308439255
4,temporary,0.2,5.5200000000000005,5.5200000000000005,9.32,True,True,,9.32,False,3.8,0.16565994918346405,0.05695677921175957,0.07527703046798706,0.05766144022345543
5,temporary,0.2,5.62,5.62,9.46,True,True,,9.46,False,3.8400000000000007,0.16229496896266937,0.0925731360912323,0.07558391243219376,0.05895537883043289
6,temporary,0.2,5.62,5.62,9.46,True,True,,9.46,False,3.8400000000000007,0.16274702548980713,0.09171860665082932,0.07523664087057114,0.058365922421216965
7,temporary,0.2,5.62,5.62,9.48,True,True,,9.48,False,3.8600000000000003,0.1637176275253296,0.09654709696769714,0.0750569999217987,0.05752582475543022
8,temporary,0.2,5.62,5.62,9.44,True,True,,9.44,False,3.8199999999999994,0.15905004739761353,0.07307073473930359,0.07435883581638336,0.0565543957054615
9,temporary,0.2,5.62,5.62,9.5,True,True,,9.5,False,3.88,0.1671905219554901,0.11241969466209412,0.07477056980133057,0.058349285274744034
10,temporary,0.2,5.72,5.72,9.68,True,True,,9.68,False,3.96,0.16389448940753937,0.08230514079332352,0.07549918442964554,0.05743023380637169
11,temporary,0.2,5.72,5.72,9.68,True,True,,9.68,False,3.96,0.16168974339962006,0.08162523806095123,0.07518897950649261,0.058541201055049896
12,temporary,0.2,5.72,5.72,9.68,True,True,,9.68,False,3.96,0.16154004633426666,0.08550902456045151,0.07514763623476028,0.057316992431879044
13,temporary,0.2,5.72,5.72,9.66,True,True,,9.66,False,3.9400000000000004,0.16267648339271545,0.08032630383968353,0.07534641027450562,0.05724511295557022
14,temporary,0.2,5.72,5.72,9.66,True,True,,9.66,False,3.9400000000000004,0.16045551002025604,0.07992570102214813,0.07488663494586945,0.05611870065331459
15,temporary,0.2,5.82,5.82,9.6,True,True,,9.6,False,3.7799999999999994,0.16008514165878296,0.05533747002482414,0.07471048831939697,0.05803300812840462
0,persistent,-0.2,5.5200000000000005,5.5200000000000005,,False,False,,9.46,True,,0.15409481525421143,0.07288255542516708,,
1,persistent,-0.2,5.5200000000000005,5.5200000000000005,,False,False,,9.46,True,,0.15285655856132507,0.0717698484659195,,
2,persistent,-0.2,5.5200000000000005,5.5200000000000005,,False,False,,9.46,True,,0.15562330186367035,0.07328121364116669,,
3,persistent,-0.2,5.5200000000000005,5.5200000000000005,,False,False,,9.46,True,,0.15758384764194489,0.07163804769515991,,
4,persistent,-0.2,5.5200000000000005,5.5200000000000005,,False,False,,9.46,True,,0.15861381590366364,0.07145949453115463,,
5,persistent,-0.2,5.62,5.62,,False,False,,9.46,True,,0.15436379611492157,0.08319491893053055,,
6,persistent,-0.2,5.62,5.62,,False,False,,9.48,True,,0.16230805218219757,0.08951787650585175,,
7,persistent,-0.2,5.62,5.62,,False,False,,9.48,True,,0.1621197611093521,0.08419755101203918,,
8,persistent,-0.2,5.62,5.62,,False,False,,9.46,True,,0.15489092469215393,0.08232336491346359,,
9,persistent,-0.2,5.62,5.62,,False,False,,9.46,True,,0.15706977248191833,0.08055610954761505,,
10,persistent,-0.2,5.72,5.72,,False,False,,9.700000000000001,True,,0.1587080955505371,0.0748455673456192,,
11,persistent,-0.2,5.72,5.72,,False,False,,9.700000000000001,True,,0.1594156175851822,0.07665684074163437,,
12,persistent,-0.2,5.72,5.72,,False,False,,9.700000000000001,True,,0.1591637134552002,0.0764031857252121,,
13,persistent,-0.2,5.72,5.72,,False,False,,9.700000000000001,True,,0.15607613325119019,0.07626722007989883,,
14,persistent,-0.2,5.72,5.72,,False,False,,9.68,True,,0.1533648818731308,0.07273495942354202,,
15,persistent,-0.2,5.82,5.82,,False,False,,9.76,True,,0.15571856498718262,0.07245433330535889,,
0,persistent,0.0,5.5200000000000005,5.5200000000000005,,False,False,,9.46,True,,0.14664703607559204,0.06997574865818024,,
1,persistent,0.0,5.5200000000000005,5.5200000000000005,,False,False,,9.46,True,,0.14554546773433685,0.06981370598077774,,
2,persistent,0.0,5.5200000000000005,5.5200000000000005,,False,False,,9.46,True,,0.14618328213691711,0.07079014927148819,,
3,persistent,0.0,5.5200000000000005,5.5200000000000005,,False,False,,9.46,True,,0.14459092915058136,0.0707489624619484,,
4,persistent,0.0,5.5200000000000005,5.5200000000000005,,False,False,,9.46,True,,0.14612498879432678,0.0719057023525238,,
5,persistent,0.0,5.62,5.62,,False,False,,9.46,True,,0.16447363793849945,0.08600373566150665,,
6,persistent,0.0,5.62,5.62,,False,False,,9.46,True,,0.1646616905927658,0.08587471395730972,,
7,persistent,0.0,5.62,5.62,,False,False,,9.46,True,,0.16344191133975983,0.08560572564601898,,
8,persistent,0.0,5.62,5.62,,False,False,,9.46,True,,0.16470925509929657,0.08614582568407059,,
9,persistent,0.0,5.62,5.62,,False,False,,9.46,True,,0.16394169628620148,0.0839417427778244,,
10,persistent,0.0,5.72,5.72,,False,False,,9.68,True,,0.1560736894607544,0.07797276973724365,,
11,persistent,0.0,5.72,5.72,,False,False,,9.700000000000001,True,,0.16078680753707886,0.07939942181110382,,
12,persistent,0.0,5.72,5.72,,False,False,,9.700000000000001,True,,0.16104644536972046,0.07813842594623566,,
13,persistent,0.0,5.72,5.72,,False,False,,9.700000000000001,True,,0.16335570812225342,0.07860980182886124,,
14,persistent,0.0,5.72,5.72,,False,False,,9.700000000000001,True,,0.16166818141937256,0.07961469143629074,,
15,persistent,0.0,5.82,5.82,,False,False,,9.76,True,,0.1455359160900116,0.07084590196609497,,
0,persistent,0.2,5.5200000000000005,5.5200000000000005,,False,False,,9.3,True,,0.15419213473796844,0.04238675907254219,,
1,persistent,0.2,5.5200000000000005,5.5200000000000005,,False,False,,9.32,True,,0.16080684959888458,0.05592062324285507,,
2,persistent,0.2,5.5200000000000005,5.5200000000000005,,False,False,,9.32,True,,0.166474848985672,0.05718877166509628,,
3,persistent,0.2,5.5200000000000005,5.5200000000000005,,False,False,,9.3,True,,0.1612403690814972,0.054701853543519974,,
4,persistent,0.2,5.5200000000000005,5.5200000000000005,,False,False,,9.32,True,,0.16666226089000702,0.0562189444899559,,
5,persistent,0.2,5.62,5.62,,False,False,,9.46,True,,0.16256237030029297,0.09236624091863632,,
6,persistent,0.2,5.62,5.62,,False,False,,9.46,True,,0.16304337978363037,0.09148683398962021,,
7,persistent,0.2,5.62,5.62,,False,False,,9.48,True,,0.16403353214263916,0.09633897244930267,,
8,persistent,0.2,5.62,5.62,,False,False,,9.44,True,,0.15950477123260498,0.07278454303741455,,
9,persistent,0.2,5.62,5.62,,False,False,,9.5,True,,0.1674485206604004,0.11221052706241608,,
10,persistent,0.2,5.72,5.72,,False,False,,9.68,True,,0.16425836086273193,0.08197565376758575,,
11,persistent,0.2,5.72,5.72,,False,False,,9.68,True,,0.16208142042160034,0.0812753438949585,,
12,persistent,0.2,5.72,5.72,,False,False,,9.68,True,,0.1619747132062912,0.08519921451807022,,
13,persistent,0.2,5.72,5.72,,False,False,,9.66,True,,0.16310712695121765,0.07997909933328629,,
14,persistent,0.2,5.72,5.72,,False,False,,9.66,True,,0.16077527403831482,0.07965034991502762,,
15,persistent,0.2,5.82,5.82,,False,False,,9.6,True,,0.16052734851837158,0.05502182990312576,,
