protocol,yaw,env,drop_start_s,stale_s,drop_to_detection_s,fresh_after_two_messages_s,delivery_resumed_to_fresh_s,hold_to_resume_s
temporary,-0.2,0,5.22,5.5200000000000005,0.3000000000000007,6.4,0.1800000000000006,3.9400000000000004
temporary,-0.2,1,5.239999999999999,5.5200000000000005,0.28000000000000114,6.4,0.16000000000000103,3.9400000000000004
temporary,-0.2,2,5.26,5.5200000000000005,0.2600000000000007,6.4,0.14000000000000057,3.9400000000000004
temporary,-0.2,3,5.279999999999999,5.5200000000000005,0.2400000000000011,6.4,0.120000000000001,3.9400000000000004
temporary,-0.2,4,5.3,5.5200000000000005,0.22000000000000064,6.4,0.10000000000000053,3.9400000000000004
temporary,-0.2,5,5.319999999999999,5.62,0.3000000000000007,6.5,0.1800000000000006,3.8400000000000007
temporary,-0.2,6,5.34,5.62,0.28000000000000025,6.5,0.16000000000000014,3.8600000000000003
temporary,-0.2,7,5.359999999999999,5.62,0.2600000000000007,6.5,0.14000000000000057,3.8600000000000003
temporary,-0.2,8,5.38,5.62,0.2400000000000002,6.5,0.1200000000000001,3.8400000000000007
temporary,-0.2,9,5.3999999999999995,5.62,0.22000000000000064,6.5,0.10000000000000053,3.8400000000000007
temporary,-0.2,10,5.42,5.72,0.2999999999999998,6.6000000000000005,0.1800000000000006,3.9800000000000013
temporary,-0.2,11,5.4399999999999995,5.72,0.28000000000000025,6.6000000000000005,0.16000000000000103,3.9800000000000013
temporary,-0.2,12,5.46,5.72,0.2599999999999998,6.6000000000000005,0.14000000000000057,3.9800000000000013
temporary,-0.2,13,5.4799999999999995,5.72,0.2400000000000002,6.6000000000000005,0.120000000000001,3.9800000000000013
temporary,-0.2,14,5.5,5.72,0.21999999999999975,6.6000000000000005,0.10000000000000053,3.96
temporary,-0.2,15,5.52,5.82,0.3000000000000007,6.7,0.1800000000000006,3.9399999999999995
temporary,0.0,0,5.22,5.5200000000000005,0.3000000000000007,6.4,0.1800000000000006,3.9400000000000004
temporary,0.0,1,5.239999999999999,5.5200000000000005,0.28000000000000114,6.4,0.16000000000000103,3.9400000000000004
temporary,0.0,2,5.26,5.5200000000000005,0.2600000000000007,6.4,0.14000000000000057,3.9400000000000004
temporary,0.0,3,5.279999999999999,5.5200000000000005,0.2400000000000011,6.4,0.120000000000001,3.9400000000000004
temporary,0.0,4,5.3,5.5200000000000005,0.22000000000000064,6.4,0.10000000000000053,3.9400000000000004
temporary,0.0,5,5.319999999999999,5.62,0.3000000000000007,6.5,0.1800000000000006,3.8400000000000007
temporary,0.0,6,5.34,5.62,0.28000000000000025,6.5,0.16000000000000014,3.8400000000000007
temporary,0.0,7,5.359999999999999,5.62,0.2600000000000007,6.5,0.14000000000000057,3.8400000000000007
temporary,0.0,8,5.38,5.62,0.2400000000000002,6.5,0.1200000000000001,3.8400000000000007
temporary,0.0,9,5.3999999999999995,5.62,0.22000000000000064,6.5,0.10000000000000053,3.8400000000000007
temporary,0.0,10,5.42,5.72,0.2999999999999998,6.6000000000000005,0.1800000000000006,3.96
temporary,0.0,11,5.4399999999999995,5.72,0.28000000000000025,6.6000000000000005,0.16000000000000103,3.9800000000000013
temporary,0.0,12,5.46,5.72,0.2599999999999998,6.6000000000000005,0.14000000000000057,3.9800000000000013
temporary,0.0,13,5.4799999999999995,5.72,0.2400000000000002,6.6000000000000005,0.120000000000001,3.9800000000000013
temporary,0.0,14,5.5,5.72,0.21999999999999975,6.6000000000000005,0.10000000000000053,3.9800000000000013
temporary,0.0,15,5.52,5.82,0.3000000000000007,6.7,0.1800000000000006,3.9399999999999995
temporary,0.2,0,5.22,5.5200000000000005,0.3000000000000007,6.4,0.1800000000000006,3.7800000000000002
temporary,0.2,1,5.239999999999999,5.5200000000000005,0.28000000000000114,6.4,0.16000000000000103,3.8
temporary,0.2,2,5.26,5.5200000000000005,0.2600000000000007,6.4,0.14000000000000057,3.8
temporary,0.2,3,5.279999999999999,5.5200000000000005,0.2400000000000011,6.4,0.120000000000001,3.7800000000000002
temporary,0.2,4,5.3,5.5200000000000005,0.22000000000000064,6.4,0.10000000000000053,3.8
temporary,0.2,5,5.319999999999999,5.62,0.3000000000000007,6.5,0.1800000000000006,3.8400000000000007
temporary,0.2,6,5.34,5.62,0.28000000000000025,6.5,0.16000000000000014,3.8400000000000007
temporary,0.2,7,5.359999999999999,5.62,0.2600000000000007,6.5,0.14000000000000057,3.8600000000000003
temporary,0.2,8,5.38,5.62,0.2400000000000002,6.5,0.1200000000000001,3.8199999999999994
temporary,0.2,9,5.3999999999999995,5.62,0.22000000000000064,6.5,0.10000000000000053,3.88
temporary,0.2,10,5.42,5.72,0.2999999999999998,6.6000000000000005,0.1800000000000006,3.96
temporary,0.2,11,5.4399999999999995,5.72,0.28000000000000025,6.6000000000000005,0.16000000000000103,3.96
temporary,0.2,12,5.46,5.72,0.2599999999999998,6.6000000000000005,0.14000000000000057,3.96
temporary,0.2,13,5.4799999999999995,5.72,0.2400000000000002,6.6000000000000005,0.120000000000001,3.9400000000000004
temporary,0.2,14,5.5,5.72,0.21999999999999975,6.6000000000000005,0.10000000000000053,3.9400000000000004
temporary,0.2,15,5.52,5.82,0.3000000000000007,6.7,0.1800000000000006,3.7799999999999994
persistent,-0.2,0,5.22,5.5200000000000005,0.3000000000000007,,,
persistent,-0.2,1,5.239999999999999,5.5200000000000005,0.28000000000000114,,,
persistent,-0.2,2,5.26,5.5200000000000005,0.2600000000000007,,,
persistent,-0.2,3,5.279999999999999,5.5200000000000005,0.2400000000000011,,,
persistent,-0.2,4,5.3,5.5200000000000005,0.22000000000000064,,,
persistent,-0.2,5,5.319999999999999,5.62,0.3000000000000007,,,
persistent,-0.2,6,5.34,5.62,0.28000000000000025,,,
persistent,-0.2,7,5.359999999999999,5.62,0.2600000000000007,,,
persistent,-0.2,8,5.38,5.62,0.2400000000000002,,,
persistent,-0.2,9,5.3999999999999995,5.62,0.22000000000000064,,,
persistent,-0.2,10,5.42,5.72,0.2999999999999998,,,
persistent,-0.2,11,5.4399999999999995,5.72,0.28000000000000025,,,
persistent,-0.2,12,5.46,5.72,0.2599999999999998,,,
persistent,-0.2,13,5.4799999999999995,5.72,0.2400000000000002,,,
persistent,-0.2,14,5.5,5.72,0.21999999999999975,,,
persistent,-0.2,15,5.52,5.82,0.3000000000000007,,,
persistent,0.0,0,5.22,5.5200000000000005,0.3000000000000007,,,
persistent,0.0,1,5.239999999999999,5.5200000000000005,0.28000000000000114,,,
persistent,0.0,2,5.26,5.5200000000000005,0.2600000000000007,,,
persistent,0.0,3,5.279999999999999,5.5200000000000005,0.2400000000000011,,,
persistent,0.0,4,5.3,5.5200000000000005,0.22000000000000064,,,
persistent,0.0,5,5.319999999999999,5.62,0.3000000000000007,,,
persistent,0.0,6,5.34,5.62,0.28000000000000025,,,
persistent,0.0,7,5.359999999999999,5.62,0.2600000000000007,,,
persistent,0.0,8,5.38,5.62,0.2400000000000002,,,
persistent,0.0,9,5.3999999999999995,5.62,0.22000000000000064,,,
persistent,0.0,10,5.42,5.72,0.2999999999999998,,,
persistent,0.0,11,5.4399999999999995,5.72,0.28000000000000025,,,
persistent,0.0,12,5.46,5.72,0.2599999999999998,,,
persistent,0.0,13,5.4799999999999995,5.72,0.2400000000000002,,,
persistent,0.0,14,5.5,5.72,0.21999999999999975,,,
persistent,0.0,15,5.52,5.82,0.3000000000000007,,,
persistent,0.2,0,5.22,5.5200000000000005,0.3000000000000007,,,
persistent,0.2,1,5.239999999999999,5.5200000000000005,0.28000000000000114,,,
persistent,0.2,2,5.26,5.5200000000000005,0.2600000000000007,,,
persistent,0.2,3,5.279999999999999,5.5200000000000005,0.2400000000000011,,,
persistent,0.2,4,5.3,5.5200000000000005,0.22000000000000064,,,
persistent,0.2,5,5.319999999999999,5.62,0.3000000000000007,,,
persistent,0.2,6,5.34,5.62,0.28000000000000025,,,
persistent,0.2,7,5.359999999999999,5.62,0.2600000000000007,,,
persistent,0.2,8,5.38,5.62,0.2400000000000002,,,
persistent,0.2,9,5.3999999999999995,5.62,0.22000000000000064,,,
persistent,0.2,10,5.42,5.72,0.2999999999999998,,,
persistent,0.2,11,5.4399999999999995,5.72,0.28000000000000025,,,
persistent,0.2,12,5.46,5.72,0.2599999999999998,,,
persistent,0.2,13,5.4799999999999995,5.72,0.2400000000000002,,,
persistent,0.2,14,5.5,5.72,0.21999999999999975,,,
persistent,0.2,15,5.52,5.82,0.3000000000000007,,,
